customer_id,type_cd,age,created_at,end_date
200001,B,70,30/05/2025,04/02/2027
200002,B,45,12/04/2024,
200003,A,40,04/02/2025,
200004,A,50,20/01/2025,
200005,B,57,22/07/2024,21/11/2024
200006,A,33,24/01/2022,
200007,A,42,01/01/2022,
200008,A,42,05/05/2024,
200009,B,58,07/01/2023,
200010,A,43,12/04/2025,
200011,X,33,18/06/2025,24/11/2026
200012,P,51,22/02/2022,
200013,P,47,30/03/2025,
200014,A,47,07/08/2022,
200015,P,44,20/05/2023,
200016,A,26,04/07/2022,
200017,B,41,09/11/2022,
200018,A,38,29/11/2022,
200019,B,36,23/12/2023,
200020,A,43,08/12/2023,
200021,P,33,25/04/2023,
200022,A,39,20/05/2024,
200023,A,40,15/06/2023,
200024,A,56,28/04/2023,
200025,P,52,15/07/2023,
200026,A,45,06/09/2022,
200027,A,54,14/01/2023,
200028,A,57,14/06/2022,
200029,A,53,22/05/2025,
200030,P,49,17/11/2022,
200031,P,44,11/10/2022,
200032,P,28,03/05/2025,
200033,P,44,21/01/2023,
200034,A,64,10/03/2023,
200035,P,53,28/09/2023,
200036,A,45,13/12/2024,
200037,B,35,17/04/2023,
200038,A,40,21/05/2023,
200039,B,33,30/03/2024,
200040,A,50,04/07/2025,
200041,P,44,01/06/2023,
200043,A,32,17/04/2022,
200044,B,34,12/12/2023,
200045,B,62,12/10/2024,21/06/2025
200046,B,48,18/06/2023,01/01/2025
200047,A,58,22/09/2024,
200048,X,45,13/01/2022,
200049,P,47,21/11/2024,
200050,P,38,20/05/2025,
200051,A,18,24/01/2022,
200052,A,45,26/01/2022,
200053,A,18,26/04/2025,
200054,A,58,30/01/2022,
200055,B,52,29/10/2024,
200056,B,56,28/04/2024,
200057,B,68,12/11/2024,25/10/2025
200058,X,77,14/02/2022,15/01/2023
200059,A,48,14/01/2022,
200060,P,45,09/05/2025,
200061,A,46,27/02/2023,
200062,X,60,15/03/2023,
200063,A,18,23/02/2022,
200064,B,39,18/02/2023,24/09/2023
200065,A,43,19/04/2022,
200066,A,40,27/12/2022,
200067,B,61,04/03/2022,
200068,B,51,23/10/2022,
200069,A,52,18/05/2022,
200070,B,57,21/02/2023,16/02/2024
200071,A,45,04/08/2023,
200072,B,42,19/07/2023,
200073,P,58,18/12/2024,
200074,A,31,02/03/2023,
200075,B,44,02/08/2023,
200087,B,41,12/02/2025,
200088,B,32,18/10/2023,
200089,B,53,27/11/2023,09/03/2026
200090,P,47,06/10/2022,
200091,A,22,13/10/2022,
200092,A,44,21/10/2024,
200093,B,28,08/07/2024,
200094,A,60,30/03/2023,
200095,P,52,23/10/2023,
200096,A,37,25/07/2024,
200097,P,38,24/05/2022,
200098,A,26,23/10/2023,
200099,A,37,12/01/2023,
200100,B,58,01/02/2025,
200101,B,27,18/02/2024,
200102,A,39,29/08/2024,
200103,A,52,24/12/2022,
200104,A,64,23/07/2025,
200105,P,55,08/03/2024,
200106,A,46,19/09/2023,
200107,A,61,08/03/2022,
200108,B,40,26/02/2022,
200109,B,70,27/02/2023,01/07/2024
200110,B,58,22/02/2025,13/06/2025
200111,B,54,13/05/2025,01/09/2026
200112,B,56,06/06/2025,
200113,A,49,11/08/2023,
200114,A,47,13/05/2022,
200115,B,24,22/07/2024,
200116,A,41,09/08/2022,
200117,B,32,09/06/2023,
200118,B,22,30/05/2024,03/02/2025
200119,P,47,02/12/2024,
200120,A,35,30/11/2024,
200121,A,38,15/03/2025,
200122,B,64,29/06/2025,
200123,A,55,08/01/2022,
200124,A,44,11/11/2022,
200125,A,45,10/02/2023,
200126,A,40,09/11/2024,
200127,A,46,22/04/2023,
200128,A,51,19/03/2024,
200129,A,34,01/08/2022,
200130,A,49,19/08/2024,
200131,A,37,03/09/2022,
200132,A,39,30/10/2024,
200133,P,51,21/10/2024,
200134,A,38,26/03/2025,
200135,A,49,21/05/2022,
200136,A,52,02/10/2022,
200137,B,71,08/07/2023,12/06/2024
200138,P,47,13/04/2022,
200139,A,37,13/04/2025,
200140,B,43,22/09/2023,02/02/2024
200141,A,42,11/02/2022,
200142,B,58,22/10/2024,
200143,A,58,23/06/2022,
200144,A,31,29/03/2024,
200145,A,26,09/10/2023,
200146,A,25,08/03/2023,
200147,B,71,08/04/2023,
200148,P,52,28/09/2022,
200149,B,41,10/05/2022,
200150,A,53,06/06/2023,
200151,A,45,26/10/2023,
200152,A,31,09/04/2024,
200153,A,18,05/12/2023,
200154,B,35,23/10/2023,27/12/2024
200155,A,57,12/02/2022,
200156,A,55,08/06/2023,
200157,B,44,04/02/2025,
200158,P,33,06/06/2022,
200170,A,58,24/11/2023,
200171,B,47,22/07/2024,
200172,B,40,28/09/2023,
200173,P,27,25/10/2023,
200174,A,58,16/09/2024,
200175,A,40,12/11/2023,
200176,B,42,23/01/2025,25/06/2026
200177,A,55,03/01/2023,
200178,A,45,07/04/2024,
200179,A,45,15/03/2025,
200180,A,56,15/07/2025,
200181,A,44,26/10/2024,
200182,P,48,07/05/2025,
200183,A,58,05/01/2022,
200184,A,54,20/06/2024,
200185,B,51,19/11/2023,10/01/2024
200186,A,52,27/04/2023,
200187,A,65,13/12/2023,
200187,B,57,24/03/2025,23/12/2025
200189,A,38,02/02/2023,
200190,A,57,25/11/2022,
200191,A,43,23/05/2023,
200192,B,32,10/03/2023,22/06/2023
200193,A,31,21/11/2022,
200194,B,18,02/11/2023,
200195,A,41,02/02/2023,
200196,A,25,16/01/2023,
200197,P,59,13/06/2022,
200198,X,42,30/06/2023,
200199,A,38,08/06/2025,
200200,A,40,18/02/2023,
200201,P,38,01/12/2022,
200202,B,45,22/07/2024,
200203,B,37,22/09/2024,
200204,A,46,05/10/2022,
200205,A,44,17/09/2024,
200206,P,46,18/11/2022,
200207,P,22,02/02/2022,
200208,B,36,14/06/2025,
200209,A,57,02/08/2023,
200210,B,64,21/08/2024,11/11/2025
200211,X,51,10/11/2024,17/09/2025
200212,B,33,04/07/2025,06/10/2026
200213,A,37,31/08/2023,
200214,B,75,19/04/2023,
200215,A,22,11/06/2025,
200216,A,49,26/03/2024,
200217,A,62,06/02/2022,
200218,P,25,26/04/2025,
200219,A,34,24/06/2024,
200220,B,49,23/01/2025,
200221,A,25,20/02/2023,
200222,A,35,16/06/2024,
200223,P,48,18/08/2024,
200224,A,34,17/01/2024,
200225,B,56,18/03/2022,
200226,X,39,24/01/2022,
200227,A,38,31/01/2023,
200228,A,22,12/10/2023,
200229,A,45,24/04/2025,
200230,B,55,31/03/2023,18/07/2025
200231,B,48,29/04/2023,
200232,A,28,01/02/2023,
200233,B,46,31/08/2022,
200234,A,34,05/04/2025,
200235,A,46,13/08/2023,
200236,P,50,03/01/2022,
200237,P,38,17/10/2024,
200238,A,53,27/06/2023,
200239,P,41,25/03/2023,
200240,B,45,14/03/2024,14/12/2024
200241,P,49,11/03/2023,
200242,B,42,20/05/2024,01/11/2025
200243,A,55,27/10/2022,
200244,A,33,23/02/2025,
200245,P,59,15/04/2023,
200246,A,33,11/04/2023,
200247,A,35,14/11/2024,
200248,B,42,19/05/2025,
200249,P,62,03/10/2023,
200250,B,55,05/01/2025,12/01/2027
200251,B,31,02/12/2024,22/10/2026
200252,A,27,06/11/2024,
200253,A,28,24/04/2024,
200254,A,46,19/07/2023,
200255,A,34,10/08/2024,
200256,B,60,05/03/2022,31/07/2022
200257,B,54,22/11/2023,27/01/2026
200258,A,42,03/07/2025,
200259,A,49,14/01/2023,
200260,A,39,22/03/2023,
200261,A,40,01/01/2024,
200262,A,25,02/05/2022,
200263,A,36,22/07/2025,
200264,P,39,13/11/2022,
200265,A,79,23/08/2024,
200266,B,37,11/10/2024,
200267,B,37,30/03/2024,
200268,B,73,10/08/2024,
200269,X,38,12/09/2022,
200270,A,70,19/10/2023,
200271,P,60,11/03/2022,
200272,B,23,30/06/2023,05/05/2025
200273,A,40,17/01/2022,
200274,B,18,14/10/2023,25/08/2025
200275,A,47,31/03/2023,
200285,A,48,24/02/2025,
200286,A,57,15/06/2025,
200287,B,54,23/03/2025,09/05/2026
200288,A,44,20/03/2022,
200289,P,34,05/03/2022,
200290,A,22,09/07/2025,
200291,P,57,15/02/2024,
200292,P,48,16/03/2024,
200293,B,48,28/06/2022,
200294,P,54,16/08/2022,
200295,A,77,18/08/2024,
200296,A,32,26/11/2024,
200297,A,44,29/11/2022,
200298,B,44,29/09/2022,28/12/2022
200299,A,68,13/05/2022,
200300,B,40,08/05/2025,
200301,P,49,07/05/2023,
200302,A,30,01/11/2024,
200303,A,53,07/10/2022,
200304,A,37,25/08/2024,
200305,B,45,13/06/2024,
200306,A,52,29/10/2022,
200307,P,43,05/06/2024,
200308,X,41,17/02/2024,18/04/2025
200309,P,58,01/05/2024,
200310,A,31,02/09/2022,
200311,A,45,21/02/2023,
200312,B,31,20/08/2022,
200313,A,68,30/01/2023,
200314,P,39,15/03/2025,
200315,P,32,10/03/2025,
200316,A,49,24/08/2023,
200317,A,54,03/02/2025,
200318,X,41,28/03/2024,
200319,P,58,02/02/2025,
200320,P,60,19/12/2024,
200321,P,33,12/01/2023,
200322,A,29,13/07/2023,
200323,B,36,17/05/2025,
200324,A,39,06/06/2024,
200325,A,28,06/03/2022,
200326,B,41,11/05/2024,
200327,B,31,10/05/2023,
200328,A,34,07/01/2022,
200329,A,67,19/06/2025,
200330,X,48,12/03/2024,
200331,A,58,08/09/2022,
200332,B,27,11/04/2022,19/07/2022
200333,B,22,28/01/2023,
200334,B,43,13/02/2023,13/02/2024
200335,P,40,23/08/2022,
200336,B,30,17/09/2022,
200353,A,32,20/01/2022,
200354,P,29,03/06/2025,
200355,X,54,10/02/2025,
200356,A,36,27/09/2024,
200357,A,56,29/06/2022,
200358,A,49,15/10/2023,
200359,P,49,17/01/2024,
200360,A,36,21/06/2025,
200361,A,39,19/01/2024,
200362,A,58,28/11/2022,
200363,A,32,17/07/2024,
200364,A,41,29/09/2023,
200365,A,34,03/12/2023,
200366,A,29,12/08/2022,
200367,B,64,31/08/2023,
200368,B,33,04/12/2024,
200369,B,44,06/03/2024,29/05/2026
200370,B,51,09/12/2024,21/07/2025
200371,A,53,02/12/2022,
200372,B,45,29/05/2025,
200373,B,58,26/08/2024,
200374,P,53,07/09/2024,
200375,A,42,08/06/2022,
200376,A,57,11/07/2025,
200377,A,61,14/02/2022,
200378,P,57,07/03/2023,
200379,P,45,28/02/2025,
200380,A,51,13/06/2025,
200381,A,61,14/01/2024,
200382,A,40,04/08/2022,
200383,B,44,03/11/2023,
200384,A,27,23/01/2023,
200385,B,52,28/10/2022,
200386,B,43,17/11/2023,07/03/2024
200387,A,32,17/03/2024,
200388,B,66,27/02/2024,20/12/2025
200389,P,18,22/08/2023,
200390,X,31,10/05/2024,
200391,A,27,10/12/2022,
200392,A,50,31/05/2022,
200393,B,30,08/07/2025,
200394,A,30,23/11/2024,
200395,A,43,13/07/2025,
200396,A,55,09/07/2022,
200397,B,56,08/03/2025,29/07/2027
200398,A,44,03/05/2023,
200399,A,50,02/08/2022,
200400,A,39,18/06/2025,
200401,A,53,23/01/2025,
200402,B,54,13/03/2022,
200403,A,59,07/01/2024,
200404,A,32,07/11/2024,
200405,A,48,24/05/2023,
200406,A,28,15/10/2023,
200407,P,38,16/03/2024,
200408,A,58,09/11/2022,
200409,A,25,13/04/2025,
200410,A,51,08/12/2022,
200411,A,50,24/08/2023,
200412,A,34,22/07/2023,
200413,P,44,23/06/2023,
200414,B,39,03/07/2023,14/09/2024
200415,A,21,26/04/2025,
200416,A,55,28/12/2023,
200417,B,30,21/11/2024,
200418,A,51,05/01/2024,
200419,A,51,10/02/2023,
200420,B,43,16/11/2023,
200421,A,36,05/04/2025,
200422,B,31,25/08/2024,
200423,B,36,29/07/2022,22/12/2023
200424,A,36,28/02/2023,
200425,P,49,09/01/2025,
200426,A,45,21/11/2022,
200427,B,20,19/11/2024,
200428,P,43,25/11/2022,
200429,B,49,07/01/2022,
200430,A,46,16/12/2024,
200431,B,34,27/05/2023,27/09/2023
200432,X,37,13/01/2025,29/06/2025
200433,A,67,06/04/2023,
200434,P,53,06/09/2023,
200435,A,53,06/11/2024,
200436,P,71,13/11/2024,
200437,A,31,12/04/2022,
200438,A,52,20/10/2022,
200439,B,51,09/12/2023,
200440,P,53,16/01/2024,
200441,A,24,07/09/2023,
200442,A,33,24/09/2022,
200443,B,42,06/03/2023,07/07/2025
200444,A,53,13/01/2024,
200445,A,57,18/01/2024,
200446,P,63,14/06/2025,
200447,B,49,13/09/2022,
200448,B,66,24/05/2022,
200449,A,43,21/03/2023,
200450,B,50,18/10/2024,
200451,A,50,07/02/2022,
200452,P,25,08/12/2024,
200453,A,36,04/12/2024,
200454,P,49,09/11/2022,
200455,A,31,07/02/2023,
200456,A,40,23/05/2024,
200457,A,47,23/06/2022,
200458,B,43,10/08/2022,01/01/2025
200459,A,53,13/07/2024,
200460,A,56,01/02/2024,
200461,P,44,03/03/2022,
200462,A,44,12/10/2023,
200463,P,66,05/05/2022,
200464,A,55,25/07/2023,
200465,A,55,22/07/2022,
200466,A,37,08/02/2022,
200467,P,55,11/07/2025,
200468,A,51,12/01/2025,
200469,A,20,09/08/2024,
200470,P,38,29/07/2022,
200471,B,63,26/12/2022,
200472,B,61,31/05/2022,
200473,A,72,01/08/2022,
200474,A,57,03/09/2023,
200475,P,32,22/07/2024,
200476,B,43,22/03/2022,26/07/2023
200477,B,52,28/07/2022,11/07/2024
200478,A,51,25/09/2023,
200479,B,41,25/01/2023,
200480,A,38,01/06/2023,
200481,A,40,17/05/2025,
200482,A,63,11/12/2024,
200483,P,43,10/04/2024,
200484,A,78,24/10/2023,
200485,A,48,27/02/2024,
200486,B,49,10/06/2023,
200487,P,25,25/12/2022,
200488,A,27,09/08/2024,
200489,A,44,15/03/2024,
200490,B,27,09/04/2022,
200491,A,45,02/08/2022,
200492,B,47,11/05/2023,31/07/2025
200493,B,59,09/12/2023,
200494,P,62,21/06/2025,
200495,A,42,11/01/2022,
200511,A,31,20/07/2023,
200512,A,61,09/03/2024,
200513,P,52,01/02/2025,
200514,B,47,19/04/2023,10/06/2023
200515,A,27,26/11/2023,
200516,B,52,22/03/2022,
200517,A,46,05/07/2025,
200518,B,42,06/09/2024,
200519,A,38,12/02/2025,
200520,A,24,23/02/2024,
200521,P,49,14/08/2022,
200522,B,24,03/09/2022,28/01/2024
200523,B,42,29/06/2022,07/06/2024
200524,P,43,13/11/2023,
200525,P,31,25/10/2024,
200526,X,73,10/01/2023,
200527,A,18,14/07/2024,
200528,A,53,27/09/2023,
200529,B,40,17/03/2023,
200530,A,26,31/05/2025,
200531,P,41,23/01/2023,
200532,P,22,05/10/2023,
200533,A,56,04/11/2023,
200534,P,53,10/08/2024,
200535,B,57,08/11/2023,22/06/2025
200536,B,41,27/02/2023,
200537,A,27,27/06/2024,
200538,B,57,21/11/2022,
200539,P,66,06/08/2023,
200540,A,53,07/08/2023,
200541,B,49,07/10/2022,09/10/2024
200542,A,28,19/11/2023,
200543,P,41,11/09/2022,
200544,X,23,09/03/2022,
200545,B,36,18/10/2022,26/12/2024
200546,P,39,08/10/2023,
200547,P,55,03/06/2022,
200548,A,49,06/12/2023,
200549,A,69,30/05/2023,
200550,A,47,26/08/2023,
200551,B,51,07/09/2023,
200552,P,51,10/07/2024,
200553,A,47,24/02/2022,
200554,A,43,08/06/2024,
200555,A,58,12/09/2024,
200556,A,41,22/12/2022,
200557,A,37,11/11/2022,
200558,P,38,26/09/2022,
200559,B,72,26/04/2024,21/08/2026
200560,P,54,20/02/2025,
200561,A,48,26/06/2023,
200562,B,43,11/05/2022,18/02/2024
200563,P,64,06/08/2024,
200564,A,18,08/09/2024,
200565,A,40,08/11/2024,
200566,A,45,06/01/2024,
200567,A,33,27/05/2023,
200568,P,32,26/03/2024,
200569,B,26,05/04/2023,24/05/2023
200570,B,55,17/10/2023,
200571,A,50,15/01/2025,
200572,P,59,28/09/2022,
200573,B,33,11/01/2025,06/12/2025
200574,P,34,18/08/2022,
200575,A,28,30/05/2023,
200576,A,57,08/01/2025,
200577,A,33,28/01/2025,
200578,A,58,13/06/2025,
200579,A,55,18/04/2022,
200580,A,42,20/05/2025,
200581,A,54,04/03/2025,
200582,A,48,12/02/2023,
200583,A,46,03/04/2025,
200584,B,56,28/01/2024,
200585,B,53,21/07/2024,
200586,X,45,22/04/2022,
200587,B,53,04/04/2024,18/07/2024
200588,A,59,25/08/2023,
200589,A,26,14/05/2025,
200590,P,46,06/05/2022,
200591,P,37,16/08/2022,
200592,A,51,07/10/2023,
200593,P,36,02/07/2024,
200594,A,29,11/04/2022,
200595,A,38,10/02/2022,
200596,A,58,01/01/2025,
200597,P,43,02/07/2024,
200598,A,33,05/12/2022,
200599,P,18,01/04/2023,
200600,B,42,27/12/2022,29/08/2024
200601,A,45,17/04/2023,
200602,B,53,18/12/2024,28/04/2026
200603,A,66,19/07/2024,
200604,A,53,16/10/2023,
200605,A,42,20/10/2022,
200606,B,42,20/10/2024,
200607,A,21,10/08/2023,
200608,P,36,14/09/2024,
200609,A,53,24/06/2025,
200610,B,69,31/05/2022,
200611,B,53,03/04/2023,
200612,A,34,16/03/2025,
200613,A,46,23/08/2022,
200614,P,28,09/01/2024,
200615,B,39,20/10/2023,
200616,A,42,19/06/2024,
200617,A,37,21/05/2022,
200618,B,51,23/09/2022,
200619,A,25,11/04/2022,
200620,A,40,01/02/2022,
200621,B,50,14/02/2025,
200622,A,26,23/11/2022,
200623,A,78,10/09/2024,
200624,A,38,16/05/2023,
200625,B,41,26/01/2023,07/03/2023
200638,A,57,24/08/2024,
200639,B,32,29/05/2023,
200640,P,40,17/07/2024,
200641,A,69,27/03/2025,
200642,P,42,31/01/2025,
200643,B,69,17/01/2023,
200644,B,46,26/01/2025,05/04/2026
200645,X,31,10/12/2022,14/08/2023
200646,A,63,07/07/2023,
200647,A,48,09/04/2023,
200648,B,68,15/03/2025,
200649,A,36,14/07/2025,
200650,B,46,15/07/2024,04/12/2025
200651,A,54,28/03/2024,
200652,A,56,26/09/2022,
200653,A,53,15/11/2024,
200654,A,43,17/03/2023,
200655,B,47,04/01/2024,14/08/2024
200656,A,30,07/02/2022,
200657,A,28,22/05/2025,
200658,A,38,17/07/2025,
200659,A,35,19/05/2024,
200660,A,18,27/06/2023,
200661,A,49,09/08/2024,
200662,B,40,08/02/2023,18/04/2023
200663,B,24,03/06/2022,
200664,B,56,19/04/2025,13/06/2027
200665,A,44,01/08/2024,
200666,A,39,12/02/2024,
200667,P,59,22/12/2022,
200668,B,50,15/02/2025,
200669,X,70,05/05/2022,
200670,A,47,08/12/2024,
200671,A,49,13/09/2023,
200672,A,61,15/06/2025,
200673,P,33,03/10/2023,
200674,A,44,09/04/2024,
200675,A,28,05/06/2025,
200676,B,67,03/04/2023,31/07/2025
200677,A,58,23/03/2022,
200678,P,18,22/12/2023,
200679,A,43,03/06/2024,
200680,P,43,01/06/2023,
200681,B,58,10/10/2024,
200682,B,35,20/01/2024,
200683,A,64,10/01/2024,
200684,B,36,04/04/2022,
200685,B,58,31/03/2024,
200686,P,35,09/08/2022,
200687,A,41,03/04/2022,
200688,X,29,19/07/2023,
200689,A,44,08/05/2024,
200690,A,19,16/07/2023,
200691,B,33,18/01/2024,
200692,B,58,17/05/2023,
200693,B,59,17/03/2024,
200694,P,53,03/11/2024,
200695,A,46,07/08/2024,
200696,A,18,09/05/2023,
200697,A,69,14/10/2023,
200698,A,35,09/11/2023,
200699,A,54,29/03/2024,
200700,P,47,16/04/2025,
200701,B,41,10/12/2023,10/05/2026
200702,B,26,19/01/2023,13/02/2025
200703,B,60,06/05/2022,12/06/2023
200704,B,34,15/05/2024,
200705,B,30,05/08/2024,
200706,A,39,10/07/2023,
200707,A,46,29/04/2022,
200708,A,45,22/06/2024,
200709,A,58,03/03/2025,
200710,B,33,10/08/2024,
200711,A,35,21/11/2024,
200712,A,60,07/05/2023,
200713,A,33,29/10/2023,
200714,B,32,31/10/2024,19/01/2026
200715,P,38,07/01/2025,
200716,B,43,12/06/2025,
200717,A,35,11/09/2024,
200718,P,72,27/02/2024,
200719,P,54,03/04/2025,
200720,P,29,22/05/2025,
200721,A,38,03/04/2024,
200722,A,53,22/05/2023,
200723,A,35,11/02/2024,
200724,A,34,19/01/2025,
200725,B,81,11/02/2024,
200726,P,58,19/10/2023,
200727,A,31,08/12/2024,
200728,B,30,22/12/2024,
200729,B,36,01/05/2025,
200730,A,45,04/04/2024,
200731,X,47,26/06/2023,
200732,A,35,10/11/2023,
200733,P,23,15/12/2023,
200734,B,36,29/08/2024,
200735,P,51,03/10/2022,
200736,A,44,18/03/2025,
200737,P,18,10/05/2025,
200738,A,28,15/11/2024,
200739,B,57,22/02/2024,29/04/2026
200740,A,53,21/07/2023,
200741,A,47,22/03/2023,
200742,B,64,22/02/2023,
200743,B,50,29/06/2023,21/08/2023
200744,P,53,09/11/2022,
200745,A,50,23/10/2023,
200746,A,47,11/10/2024,
200747,B,37,16/07/2024,
200748,A,46,20/04/2023,
200749,B,46,30/08/2024,
200750,A,34,14/08/2022,
200751,B,32,10/11/2023,
200752,B,36,11/01/2025,09/08/2026
200753,A,39,23/11/2023,
200754,P,60,24/09/2023,
200755,B,48,09/05/2025,
200756,B,47,16/10/2023,
200757,B,53,15/11/2022,
200758,X,51,20/11/2023,
200759,A,42,28/03/2023,
200760,P,35,26/09/2023,
200761,A,55,07/09/2023,
200762,A,56,22/11/2023,
200763,P,30,14/01/2025,
200764,A,54,09/05/2024,
200765,A,42,29/10/2024,
200766,B,58,31/12/2023,13/03/2026
200767,A,67,02/03/2023,
200768,A,51,30/04/2023,
200769,B,62,18/02/2025,16/07/2025
200770,B,43,11/10/2022,26/02/2023
200771,B,49,08/12/2023,
200772,P,45,22/01/2023,
200773,P,61,17/05/2022,
200774,B,40,05/01/2024,07/03/2025
200775,A,41,10/11/2024,
200776,A,21,09/12/2022,
200777,B,52,10/03/2024,14/05/2024
200778,P,33,23/02/2023,
200779,A,40,08/07/2024,
200780,P,66,07/01/2024,
200781,P,65,15/04/2024,
200782,B,72,28/06/2022,
200783,B,25,29/06/2025,
200784,B,52,11/03/2022,
200785,B,30,02/08/2023,09/01/2024
200786,A,34,31/05/2025,
200787,B,59,03/12/2023,
200788,B,43,28/07/2024,
200789,A,22,04/05/2023,
200790,B,39,10/05/2025,22/06/2027
200791,B,87,11/12/2022,
200792,P,34,15/05/2025,
200793,A,39,13/08/2022,
200794,X,41,06/02/2024,
200795,A,55,17/01/2023,
200796,B,38,16/12/2024,
200797,B,25,20/06/2022,
200798,P,44,06/05/2022,
200799,B,50,14/10/2022,
200800,A,21,31/03/2023,
200801,A,26,03/08/2022,
200802,B,48,21/06/2023,
200803,B,42,27/05/2024,
200804,A,34,25/11/2023,
200805,B,66,11/08/2023,
200806,A,61,11/03/2023,
200807,X,53,18/04/2024,25/07/2025
200808,A,83,29/05/2022,
200809,B,46,13/01/2024,25/03/2025
200810,A,42,13/12/2023,
200811,A,68,21/07/2023,
200812,A,35,01/04/2024,
200813,A,18,18/01/2022,
200814,A,37,11/03/2024,
200815,X,34,27/07/2022,23/01/2023
200816,A,53,17/02/2023,
200817,B,46,02/02/2025,
200818,A,48,15/10/2024,
200819,P,48,20/04/2025,
200820,B,60,10/11/2022,
200821,A,32,27/05/2025,
200822,A,32,30/01/2025,
200823,B,38,20/01/2024,05/07/2026
200824,A,33,29/08/2022,
200825,P,55,05/10/2022,
200826,B,31,07/03/2022,
200827,B,63,20/01/2025,
200828,B,28,29/11/2023,
200829,B,22,25/06/2023,30/11/2023
200830,A,41,28/06/2023,
200831,X,68,17/01/2025,
200832,A,41,06/08/2022,
200833,A,49,27/05/2025,
200834,B,36,30/08/2023,15/11/2025
200835,B,50,03/06/2024,
200836,A,58,26/07/2024,
200837,B,41,26/10/2023,19/05/2025
200838,A,35,07/01/2025,
200839,P,68,03/12/2024,
200840,A,33,05/06/2024,
200841,B,35,19/03/2025,
200842,B,47,20/01/2023,
200843,B,34,25/02/2025,
200844,B,49,21/08/2023,
200845,A,70,09/01/2024,
200846,P,55,14/12/2022,
200847,A,37,12/01/2023,
200848,A,57,08/11/2024,
200849,B,18,22/12/2022,
200850,A,54,06/02/2025,
200851,B,41,05/02/2025,
200852,B,54,08/05/2022,
200853,B,27,26/09/2023,21/07/2025
200854,A,39,28/10/2024,
200855,B,66,26/08/2022,
200856,A,47,18/01/2022,
200857,B,39,30/01/2022,
200858,A,26,16/03/2022,
200859,A,48,12/03/2023,
200860,B,41,19/01/2025,13/07/2025
200861,B,63,30/11/2024,
200862,A,27,07/01/2022,
200863,P,54,06/07/2025,
200864,A,66,26/03/2024,
200865,A,57,02/03/2022,
200866,A,20,23/09/2024,
200867,B,19,08/04/2025,
200868,B,35,21/04/2024,
200869,A,23,21/11/2023,
200870,P,36,18/04/2024,
200871,P,50,12/06/2024,
200872,B,37,14/07/2022,
200873,P,37,28/01/2025,
200874,A,33,19/05/2023,
200875,A,71,15/10/2022,
200876,P,41,21/07/2022,
200877,P,42,30/08/2022,
200878,B,41,08/07/2023,
200879,P,35,17/05/2025,
200880,A,62,20/07/2025,
200881,B,38,12/02/2025,
200882,P,50,29/11/2024,
200883,A,60,03/11/2022,
200884,A,33,29/04/2023,
200885,A,44,08/03/2022,
200886,A,47,21/04/2022,
200887,A,46,10/04/2022,
200888,B,35,15/02/2023,
200889,A,21,03/04/2025,
200890,P,53,08/03/2025,
200891,A,35,05/05/2022,
200892,B,38,06/10/2024,
200893,P,31,15/09/2023,
200894,A,53,21/01/2024,
200895,B,68,23/03/2023,
200896,B,49,29/08/2022,
200897,P,33,02/02/2023,
200898,B,47,30/06/2022,
200899,A,52,14/05/2025,
200900,A,67,21/04/2025,
200901,P,49,24/02/2024,
200902,A,38,31/03/2022,
200903,X,39,07/05/2025,
200904,B,46,12/06/2022,19/03/2024
200905,A,38,11/12/2024,
200906,B,49,09/06/2025,30/04/2027
200907,A,43,20/10/2024,
200908,A,44,08/05/2025,
200909,P,36,16/12/2024,
200910,P,30,01/08/2022,
200911,B,46,10/12/2024,01/12/2026
200912,P,27,04/10/2024,
200913,P,49,15/06/2023,
200914,P,36,31/12/2022,
200915,A,65,27/12/2022,
200916,A,54,16/11/2024,
200917,B,38,30/12/2023,
200918,A,60,06/07/2023,
200919,P,43,09/07/2025,
200920,A,58,24/08/2022,
200921,P,46,06/01/2023,
200922,B,41,25/01/2023,
200923,A,25,04/07/2025,
200924,P,18,18/03/2022,
200925,A,47,25/02/2025,
200926,B,60,09/02/2023,
200927,P,46,27/06/2022,
200928,B,18,07/12/2024,
200929,X,54,20/01/2023,
200930,P,49,04/08/2023,
200931,A,35,27/04/2022,
200932,A,46,28/02/2025,
200933,A,48,16/03/2022,
200934,B,36,20/08/2023,31/12/2025
200935,A,63,27/12/2024,
200936,B,28,03/01/2024,27/01/2026
200937,A,70,23/08/2023,
200938,A,52,10/11/2023,
200939,P,41,23/01/2023,
200940,A,35,21/05/2024,
200941,B,32,12/02/2024,07/08/2024
200942,A,48,28/06/2025,
200943,A,42,31/10/2024,
200944,P,48,06/08/2023,
200945,A,71,30/04/2025,
200946,P,50,24/02/2025,
200947,A,55,29/06/2024,
200948,A,51,09/10/2022,
200949,P,43,10/01/2022,
200949,X,60,18/04/2022,29/08/2023
200951,B,66,15/01/2023,
200952,B,34,07/12/2024,
200953,B,63,18/07/2022,19/08/2024
200954,A,61,08/01/2025,
200955,A,28,08/01/2024,
200956,A,53,29/09/2022,
200957,A,30,02/08/2023,
200958,B,56,12/12/2023,
200959,A,21,17/06/2023,
200960,A,52,03/01/2023,
200961,A,55,26/09/2022,
200962,B,41,27/07/2024,19/05/2026
200963,P,47,30/07/2024,
200964,P,58,13/04/2024,
200965,B,67,24/04/2023,
200966,B,36,25/02/2024,
200967,B,46,01/05/2023,
200968,B,35,09/01/2023,
200969,B,44,17/06/2023,
200970,B,44,11/04/2025,
200971,A,51,17/02/2024,
200972,A,53,14/08/2024,
200973,B,28,01/04/2022,
200974,A,32,19/05/2023,
200975,B,46,24/09/2024,
200976,P,41,11/11/2024,
200977,A,54,11/05/2023,
200978,B,37,05/01/2024,08/03/2025
200979,A,36,30/04/2023,
200980,B,32,17/06/2024,
200981,B,39,26/03/2025,17/06/2025
200982,X,55,05/11/2024,14/11/2025
200983,P,52,28/05/2023,
200984,A,44,07/07/2022,
200985,A,48,03/10/2023,
200986,P,34,01/04/2022,
200987,A,38,11/02/2023,
200988,P,25,18/01/2023,
200989,A,51,13/06/2025,
200990,A,32,15/04/2024,
200991,A,45,02/02/2025,
200992,P,60,24/05/2024,
200993,B,18,27/05/2023,
200994,X,37,20/08/2023,09/03/2025
200995,P,30,22/12/2023,
200996,A,45,19/09/2022,
200997,B,18,09/01/2025,02/10/2025
200998,B,47,09/12/2023,
200999,B,63,27/02/2025,
201000,P,25,02/06/2022,
201001,B,45,04/09/2023,
201002,B,44,13/05/2024,16/12/2025
201003,P,41,06/09/2023,
201004,A,45,07/04/2025,
201005,A,65,08/03/2025,
201006,P,60,19/12/2022,
201007,B,20,01/12/2023,
201008,A,44,14/10/2022,
201009,B,30,05/01/2023,
201010,P,31,10/12/2022,
201011,P,42,30/11/2024,
201012,A,34,08/06/2024,
201013,A,65,02/01/2025,
201014,A,44,25/04/2024,
201015,P,54,21/10/2023,
201016,A,39,23/05/2025,
201017,A,51,20/01/2024,
201018,A,39,09/08/2024,
201019,A,40,30/05/2024,
201020,B,46,17/11/2024,
201021,B,43,29/10/2024,02/06/2025
201022,A,63,03/07/2022,
201023,P,45,27/03/2025,
201024,P,26,21/09/2023,
201025,A,39,30/03/2022,
201026,A,41,10/09/2022,
201027,A,51,22/03/2025,
201028,B,45,11/05/2022,
201029,A,64,08/04/2023,
201030,A,53,08/09/2023,
201031,A,55,27/02/2023,
201032,B,48,12/04/2024,
201033,A,31,29/01/2023,
201034,A,41,01/01/2024,
201035,A,30,10/04/2025,
201036,A,34,24/03/2025,
201037,P,24,01/01/2022,
201038,A,21,20/07/2024,
201039,B,49,20/07/2023,
201040,A,26,23/01/2025,
201041,B,39,24/03/2023,02/02/2025
201042,B,38,13/12/2022,
201043,A,69,15/08/2024,
201044,A,43,13/06/2022,
201045,B,22,08/03/2024,
201046,A,35,23/01/2023,
201047,B,42,04/01/2022,
201048,A,45,14/02/2025,
201049,A,32,18/07/2023,
201050,B,33,13/02/2022,
201051,P,30,23/04/2023,
201052,A,57,16/05/2024,
201053,A,27,06/04/2023,
201054,B,53,01/09/2024,
201055,A,50,03/04/2023,
201056,A,46,29/11/2022,
201057,B,60,09/05/2025,12/05/2027
201058,X,18,27/06/2024,
201059,A,56,23/01/2023,
201060,A,51,27/11/2023,
201061,A,74,28/11/2024,
201062,P,55,24/07/2022,
201063,B,53,02/05/2022,
201064,P,41,12/08/2024,
201065,A,66,08/05/2023,
201066,X,56,31/03/2022,
201067,P,25,08/10/2024,
201068,A,25,07/01/2025,
201069,A,38,16/05/2024,
201070,A,60,20/09/2023,
201071,A,20,11/03/2025,
201072,A,32,10/05/2025,
201073,A,44,01/07/2022,
201074,A,44,09/05/2024,
201075,B,66,10/05/2025,22/09/2027
201076,A,68,23/05/2023,
201077,A,50,09/03/2025,
201078,P,39,06/01/2024,
201079,A,50,15/12/2024,
201080,X,41,06/10/2023,25/10/2025
201081,B,55,15/02/2024,
201082,B,27,24/09/2022,17/02/2024
201083,A,58,19/02/2023,
201084,B,30,26/06/2022,
201085,A,56,21/12/2024,
201086,A,39,03/05/2023,
201087,A,56,11/12/2022,
201088,B,29,17/02/2024,
201089,B,32,26/03/2025,
201090,B,48,23/07/2025,
201091,A,52,25/05/2023,
201092,A,70,19/07/2024,
201093,A,64,27/01/2023,
201094,A,48,05/03/2025,
201095,P,40,12/05/2025,
201096,B,36,16/02/2023,
201097,A,61,13/06/2024,
201098,B,36,13/03/2023,
201099,B,36,06/09/2024,
201100,B,36,29/08/2024,
201101,A,48,28/08/2024,
201102,P,54,14/08/2022,
201103,A,18,30/04/2024,
201104,A,54,19/07/2024,
201105,P,23,12/08/2023,
201106,A,62,18/03/2025,
201107,A,57,20/02/2025,
201108,P,42,09/11/2023,
201109,A,34,08/08/2023,
201110,B,56,17/07/2023,23/11/2024
201111,P,49,28/06/2024,
201112,A,40,16/08/2022,
201113,A,32,18/09/2023,
201114,A,50,01/05/2025,
201115,A,47,13/11/2022,
201116,B,39,03/02/2024,08/06/2026
201117,A,49,03/01/2025,
201118,A,56,02/07/2024,
201119,A,87,13/10/2023,
201120,B,51,23/10/2022,
201121,A,43,25/02/2022,
201122,X,54,04/04/2023,
201123,A,18,17/05/2024,
201124,A,52,01/03/2025,
201125,A,52,19/06/2023,
201126,A,53,27/08/2022,
201127,A,47,13/02/2022,
201128,A,51,15/02/2025,
201129,A,38,06/05/2023,
201130,B,49,01/03/2025,
201131,A,22,15/07/2022,
201132,A,47,01/07/2023,
201133,A,18,24/04/2022,
201134,B,63,19/04/2024,
201135,A,36,16/04/2025,
201136,A,38,19/03/2022,
201137,A,54,09/04/2025,
201138,B,18,27/07/2023,18/09/2023
201139,B,32,21/06/2024,23/08/2026
201140,B,46,14/01/2024,11/07/2025
201141,A,45,03/02/2025,
201142,A,35,30/10/2023,
201143,P,35,21/02/2025,
201144,B,33,28/09/2024,
201145,P,38,31/08/2023,
201146,B,49,19/07/2022,
201147,A,65,09/11/2023,
201148,A,35,11/12/2024,
201149,B,62,11/10/2023,19/11/2025
201150,B,60,04/01/2022,
201151,A,49,29/01/2025,
201152,A,18,20/10/2023,
201153,A,56,12/10/2022,
201154,A,47,27/11/2024,
201155,A,37,01/07/2024,
201156,B,53,16/06/2022,23/05/2023
201157,A,65,07/06/2024,
201158,P,38,11/04/2024,
201159,A,44,19/11/2023,
201160,B,50,27/06/2025,05/05/2026
201161,P,24,14/10/2022,
201162,A,46,05/02/2024,
201163,A,38,05/09/2022,
201164,P,43,14/06/2023,
201165,A,52,28/02/2024,
201166,B,61,26/03/2025,20/06/2025
201167,A,40,30/10/2023,
201168,A,50,23/06/2025,
201169,A,55,09/01/2024,
201170,A,45,07/05/2022,
201171,A,56,03/10/2022,
201172,A,67,15/01/2025,
201173,A,36,10/12/2023,
201174,X,46,27/12/2023,
201175,A,23,13/10/2022,
201176,B,22,01/01/2022,02/12/2023
201177,B,68,08/03/2024,
201178,A,18,03/08/2024,
201179,A,65,09/03/2025,
201180,A,65,29/07/2022,
201181,A,48,29/04/2022,
201182,A,48,23/10/2023,
201183,A,46,04/05/2023,
201183,A,18,24/04/2023,
201185,P,45,23/04/2025,
201186,B,41,19/08/2024,12/11/2025
201187,A,41,26/06/2024,
201188,A,22,11/01/2024,
201189,A,44,12/01/2024,
201190,A,31,03/11/2022,
201191,B,55,21/04/2025,18/01/2026
201192,B,32,15/01/2023,
201193,A,56,08/02/2022,
201194,P,47,09/04/2025,
201195,A,43,19/04/2025,
201196,A,39,22/05/2024,
201197,A,73,23/09/2024,
201198,A,46,28/08/2022,
201199,A,18,14/05/2022,
201200,A,43,05/02/2025,
201201,P,55,16/01/2025,
201202,A,37,31/05/2025,
201203,A,43,19/06/2024,
201204,P,68,02/11/2024,
201205,P,51,07/12/2022,
201206,A,43,07/12/2024,
201207,B,75,05/11/2024,
201208,A,62,02/05/2024,
201209,P,61,24/02/2024,
201210,B,19,07/08/2022,
201211,B,30,07/04/2025,25/08/2027
201212,P,57,21/03/2022,
201213,A,44,17/02/2024,
201214,B,43,30/04/2023,21/09/2025
201215,B,63,23/05/2024,30/11/2024
201216,A,41,13/03/2025,
201217,A,42,25/06/2025,
201218,A,52,16/08/2022,
201219,P,47,27/09/2023,
201220,B,43,09/04/2025,
201221,A,36,03/07/2022,
201222,A,75,20/01/2023,
201223,B,51,19/04/2025,
201224,P,53,11/01/2024,
201225,B,57,05/05/2022,
201226,P,59,10/02/2022,
201227,A,38,04/02/2023,
201228,P,47,17/04/2024,
201229,A,45,14/04/2023,
201230,A,54,20/02/2022,
201231,A,35,28/12/2024,
201232,A,31,21/04/2024,
201233,B,59,16/04/2023,18/06/2023
201234,A,65,08/09/2023,
201235,B,50,27/08/2023,28/09/2024
201236,P,52,26/10/2024,
201237,A,34,16/05/2022,
201238,A,35,28/10/2023,
201239,A,45,25/06/2022,
201240,B,36,19/09/2022,
201241,A,46,10/06/2025,
201242,B,42,15/11/2022,
201243,A,25,12/03/2024,
201244,B,34,17/04/2025,
201245,A,47,23/12/2023,
201246,B,23,02/11/2023,
201247,A,39,07/11/2023,
201248,B,33,13/12/2022,
201249,P,37,10/10/2022,
201250,A,38,30/01/2022,
201251,B,50,18/03/2023,
201252,B,32,10/12/2023,27/04/2025
201253,A,32,25/08/2024,
201254,A,43,02/03/2022,
201255,P,37,03/10/2023,
201256,P,37,24/07/2024,
201257,B,30,18/08/2022,
201258,P,45,10/05/2025,
201259,B,30,13/09/2024,
201260,B,39,02/07/2022,
201261,A,35,16/01/2023,
201262,B,51,23/10/2024,
201263,A,46,18/12/2023,
201264,A,25,19/07/2025,
201265,B,39,07/02/2024,
201266,B,54,27/02/2023,
201267,P,50,09/04/2022,
201268,B,33,25/10/2024,
201269,A,39,25/05/2025,
201270,B,33,24/06/2024,14/03/2026
201271,A,30,23/06/2023,
201272,P,28,21/11/2024,
201273,X,47,28/10/2023,
201274,A,48,21/09/2024,
201275,P,50,11/03/2023,
201276,A,42,09/08/2022,
201277,P,40,13/05/2024,
201278,A,40,25/01/2024,
201279,B,33,15/04/2025,
201280,A,18,01/01/2022,
201281,B,26,18/07/2022,
201282,A,62,25/09/2023,
201283,A,68,10/12/2023,
201284,B,49,30/06/2024,14/11/2026
201285,B,39,17/01/2025,29/12/2025
201286,B,42,03/10/2022,
201287,A,20,21/01/2022,
201288,P,44,11/01/2023,
201289,B,34,16/07/2022,
201290,A,48,16/10/2023,
201291,P,42,03/06/2023,
201292,B,46,25/09/2023,30/01/2025
201293,X,48,20/10/2023,06/04/2024
201294,A,39,10/05/2022,
201295,A,36,03/03/2022,
201296,A,26,30/01/2023,
201297,A,32,12/06/2025,
201298,A,40,12/05/2024,
201299,P,36,24/04/2024,
201300,B,62,07/08/2023,
201301,A,41,28/01/2022,
201302,A,78,02/06/2024,
201303,A,26,02/01/2024,
201304,A,62,26/04/2022,
201305,A,18,06/01/2022,
201306,A,39,09/03/2025,
201307,A,41,15/07/2023,
201308,A,48,14/12/2024,
201309,B,22,04/09/2023,14/03/2025
201310,B,49,24/03/2023,
201311,A,52,24/04/2024,
201312,P,36,16/06/2025,
201313,P,38,29/05/2025,
201314,A,51,14/04/2024,
201315,A,41,03/05/2025,
201316,B,51,03/09/2023,
201317,P,50,13/03/2025,
201318,P,45,03/07/2024,
201319,A,30,06/03/2023,
201320,A,45,14/07/2022,
201321,A,41,22/12/2024,
201322,A,43,23/07/2023,
201323,B,37,30/07/2024,31/07/2026
201324,A,50,03/12/2022,
201325,A,39,30/05/2024,
201326,A,53,01/11/2022,
201327,P,66,14/03/2025,
201328,B,53,12/05/2023,08/08/2024
201329,A,40,24/04/2022,
201330,A,39,14/03/2022,
201331,A,44,03/12/2022,
201332,A,34,22/02/2022,
201333,P,39,26/11/2022,
201334,B,50,05/05/2023,27/06/2023
201335,A,24,01/11/2024,
201336,B,31,29/06/2024,
201337,A,46,07/04/2022,
201338,A,31,03/05/2023,
201339,P,46,11/05/2022,
201339,A,40,11/04/2023,
201341,A,51,23/03/2025,
201342,A,51,18/06/2025,
201343,A,33,17/12/2024,
201344,A,49,03/11/2023,
201345,B,51,12/07/2025,
201346,A,29,02/04/2024,
201347,P,42,21/02/2024,
201348,A,27,16/03/2023,
201349,A,27,01/06/2022,
201350,P,51,12/04/2023,
201351,B,63,03/05/2025,10/11/2026
201352,A,40,05/04/2025,
201353,X,33,30/03/2022,03/12/2022
201354,P,32,22/05/2024,
201355,A,46,30/05/2023,
201356,A,57,13/08/2022,
201357,A,59,10/12/2022,
201358,P,31,15/01/2022,
201359,B,49,16/09/2024,
201360,A,29,21/05/2022,
201361,P,41,04/04/2024,
201362,A,36,24/03/2022,
201363,B,56,14/02/2025,
201364,A,38,11/07/2023,
201365,B,25,23/07/2025,26/12/2027
201366,A,18,09/12/2022,
201367,B,28,16/12/2023,26/03/2024
201368,A,47,22/08/2023,
201369,A,58,21/11/2023,
201370,P,52,03/01/2023,
201371,A,48,17/01/2023,
201372,A,38,23/02/2023,
201373,A,44,19/05/2022,
201374,A,37,07/07/2025,
201375,A,29,21/05/2023,
201376,A,51,21/02/2024,
201377,A,30,13/06/2024,
201378,A,50,25/06/2023,
201379,A,26,22/06/2024,
201380,A,44,26/03/2025,
201381,A,52,15/03/2025,
201382,A,56,18/06/2025,
201383,A,31,12/01/2023,
201384,A,42,25/12/2022,
201385,A,55,02/05/2025,
201386,A,28,14/10/2024,
201387,A,52,05/10/2023,
201388,B,46,01/06/2024,15/10/2025
201389,A,49,10/11/2024,
201390,A,38,11/05/2024,
201391,B,37,16/07/2024,27/11/2024
201392,A,45,21/09/2024,
201393,A,28,14/06/2023,
201394,B,53,18/04/2023,
201395,B,43,11/07/2023,
201396,P,52,29/01/2023,
201397,A,38,02/01/2022,
201398,A,50,31/05/2023,
201399,P,49,29/03/2022,
201400,P,40,15/06/2022,
201401,A,53,30/03/2025,
201402,A,35,18/01/2022,
201403,A,41,14/07/2025,
201404,B,57,11/05/2024,
201405,B,51,22/04/2023,05/09/2025
201406,B,49,02/05/2022,
201407,A,49,27/02/2023,
201408,A,62,06/06/2024,
201409,B,51,28/06/2022,
201410,X,64,08/05/2022,19/09/2022
201411,A,68,22/02/2023,
201412,P,39,17/11/2022,
201413,P,37,06/02/2022,
201414,A,26,15/03/2022,
201415,B,39,06/06/2023,08/12/2024
201416,A,40,30/08/2023,
201417,P,58,27/02/2023,
201418,A,34,28/05/2025,
201419,A,56,04/02/2023,
201420,A,57,18/06/2024,
201421,B,46,14/01/2023,
201422,A,55,21/05/2023,
201423,A,50,05/07/2024,
201424,A,32,24/10/2022,
201425,A,47,16/03/2022,
201426,A,49,11/03/2023,
201427,A,49,28/07/2024,
201428,B,28,02/02/2025,
201429,A,59,01/04/2022,
201430,A,30,26/11/2023,
201431,B,37,01/11/2023,10/12/2024
201432,A,18,01/04/2025,
201433,A,38,11/01/2022,
201434,A,51,17/07/2024,
201435,B,49,01/03/2022,
201436,B,34,25/05/2024,
201437,A,45,17/12/2022,
201438,A,54,13/03/2025,
201439,A,47,14/03/2022,
201440,P,32,23/12/2023,
201441,B,46,26/05/2023,
201442,B,35,07/04/2022,
201443,A,47,23/08/2022,
201444,B,59,06/06/2022,13/04/2023
201445,B,45,20/06/2022,12/03/2023
201446,P,39,10/09/2023,
201447,A,45,11/08/2023,
201448,A,65,17/02/2022,
201449,B,46,06/07/2024,
201450,B,36,21/01/2024,11/07/2025
201451,A,22,10/03/2023,
201452,B,52,12/08/2022,26/10/2023
201453,A,48,25/03/2024,
201454,A,65,05/10/2023,
201455,P,43,03/08/2023,
201456,P,57,27/07/2024,
201457,A,77,13/04/2022,
201458,A,31,24/12/2023,
201459,B,31,02/11/2024,15/01/2025
201460,A,48,17/10/2024,
201461,B,53,29/06/2022,08/05/2024
201462,A,54,29/01/2025,
201463,A,55,05/01/2022,
201464,B,32,05/06/2022,07/03/2024
201465,A,41,12/03/2022,
201466,B,46,10/06/2023,12/05/2024
201467,A,27,28/05/2023,
201468,B,42,29/06/2024,
201469,A,32,09/05/2024,
201470,P,48,09/07/2024,
201471,B,35,12/04/2024,27/12/2025
201472,A,22,24/05/2023,
201473,P,55,30/12/2024,
201474,A,57,27/09/2024,
201475,A,53,14/12/2023,
201476,A,38,22/10/2023,
201477,A,48,27/08/2024,
201478,P,58,04/09/2023,
201479,B,21,17/07/2022,05/12/2022
201480,A,32,06/04/2022,
201481,B,18,15/01/2022,15/05/2022
201482,B,52,02/06/2024,
201483,B,46,18/02/2022,
201484,B,88,20/05/2023,
201485,A,38,08/12/2024,
201486,A,47,03/05/2022,
201487,A,18,20/01/2022,
201488,A,53,08/08/2023,
201489,A,43,17/06/2022,
201490,B,46,31/08/2022,
201491,A,47,19/11/2024,
201492,B,54,06/03/2022,
201493,A,46,10/02/2023,
201494,A,46,30/11/2022,
201495,A,45,27/01/2024,
201496,A,44,28/09/2023,
201497,A,52,31/10/2024,
201498,B,49,10/05/2024,
201499,P,42,28/07/2024,
201500,P,23,02/06/2025,
201501,B,42,19/01/2022,09/08/2023
201502,B,68,30/06/2023,
201503,A,54,03/03/2023,
201504,P,60,04/02/2025,
201505,A,49,24/06/2024,
201506,X,41,11/05/2022,22/01/2023
201507,B,46,07/07/2025,
201508,B,57,22/05/2022,
201509,B,57,06/07/2023,03/04/2025
201510,B,28,19/04/2022,
201511,A,42,04/06/2024,
201512,A,40,22/07/2022,
201513,A,35,17/07/2022,
201514,B,20,17/06/2024,10/12/2024
201515,A,27,15/07/2024,
201516,B,18,27/05/2022,03/06/2024
201517,A,50,31/05/2023,
201518,B,35,21/11/2022,13/03/2025
201519,B,61,28/01/2025,
201520,A,41,01/12/2024,
201521,A,57,25/01/2025,
201522,B,50,24/07/2024,
201523,B,45,27/04/2025,
201524,B,33,01/03/2025,
201525,B,44,28/10/2022,
201526,A,29,08/12/2022,
201527,A,52,31/03/2023,
201528,A,45,14/11/2023,
201529,A,36,17/03/2023,
201530,A,69,22/06/2023,
201531,A,30,26/08/2023,
201532,A,39,01/05/2024,
201533,A,43,28/04/2023,
201534,P,36,13/08/2022,
201535,P,32,04/03/2024,
201536,A,53,23/04/2023,
201537,B,41,15/04/2024,
201538,B,56,23/02/2023,23/05/2025
201539,A,44,02/02/2022,
201540,A,45,07/07/2024,
201541,P,79,20/03/2022,
201542,A,43,16/06/2024,
201543,A,41,14/07/2022,
201544,B,44,05/05/2025,
201545,A,39,26/03/2023,
201546,B,42,28/06/2022,
201547,A,66,10/11/2022,
201548,B,61,12/03/2023,
201549,B,36,06/12/2023,17/05/2026
201550,B,53,28/09/2022,
201551,A,43,13/04/2023,
201552,A,32,01/12/2023,
201552,P,54,24/08/2024,
201554,A,43,18/06/2024,
201555,P,31,10/05/2024,
201556,P,56,26/02/2025,
201557,B,36,15/01/2022,09/06/2022
201558,B,27,13/06/2024,
201559,P,55,24/05/2025,
201560,A,67,06/12/2022,
201561,P,45,03/03/2022,
201562,A,36,26/09/2024,
201563,A,18,04/10/2024,
201564,A,47,30/07/2024,
201565,A,49,03/01/2023,
201566,P,51,17/12/2024,
201567,B,39,05/06/2023,23/09/2023
201568,A,42,29/03/2022,
201569,B,57,09/01/2025,
201570,X,36,07/02/2023,31/08/2024
201571,A,73,13/04/2024,
201572,A,46,15/07/2022,
201573,B,61,14/10/2022,30/08/2023
201574,A,65,26/06/2022,
201575,A,18,03/04/2022,
201576,A,29,29/01/2025,
201577,B,55,04/11/2023,01/08/2024
201578,A,42,20/11/2024,
201579,B,19,04/10/2022,
201580,P,30,20/09/2022,
201581,A,36,11/11/2024,
201582,P,57,26/05/2025,
201583,B,44,26/07/2024,
201584,A,51,08/12/2023,
201585,A,35,30/03/2023,
201586,P,34,23/08/2022,
201587,P,52,22/08/2023,
201588,A,38,06/11/2022,
201589,B,51,02/03/2024,
201590,A,30,04/03/2023,
201591,A,38,07/06/2023,
201592,A,67,17/12/2024,
201593,A,28,11/10/2023,
201594,A,39,28/03/2024,
201595,X,49,06/07/2022,
201596,B,52,04/02/2022,
201597,X,44,06/12/2022,
201598,A,39,09/04/2024,
201599,A,37,18/05/2022,
201600,B,18,18/05/2022,04/10/2022
201601,A,49,12/10/2023,
201602,A,35,09/08/2024,
201603,A,52,21/11/2024,
201604,P,55,09/02/2024,
201605,A,47,04/10/2022,
201606,B,56,09/12/2023,
201607,A,54,21/11/2022,
201608,A,35,25/06/2025,
201609,A,68,10/06/2023,
201610,P,30,06/06/2023,
201611,B,47,26/07/2022,
201612,A,61,17/05/2024,
201613,A,27,02/11/2023,
201614,A,39,11/05/2025,
201615,B,58,18/05/2023,02/01/2025
201616,A,62,12/05/2024,
201617,A,68,21/10/2022,
201618,A,44,16/05/2023,
201619,A,52,12/03/2022,
201620,A,42,18/06/2025,
201621,P,53,23/02/2024,
201622,A,22,08/10/2022,
201623,B,40,18/05/2025,02/05/2026
201624,P,57,02/11/2023,
201625,B,26,26/08/2022,
201626,P,48,24/04/2025,
201627,B,50,10/09/2022,
201628,P,57,15/07/2024,
201629,B,56,26/01/2024,07/06/2025
201630,A,18,01/05/2025,
201631,A,45,11/02/2025,
201632,B,18,28/10/2024,24/07/2025
201633,B,47,09/01/2024,11/12/2024
201634,A,52,11/02/2022,
201635,A,28,26/06/2023,
201636,A,61,08/01/2023,
201637,B,47,14/04/2023,05/03/2025
201638,P,42,05/07/2025,
201639,A,31,16/01/2022,
201640,A,40,08/08/2024,
201641,A,27,28/10/2022,
201642,P,39,29/10/2024,
201643,A,56,28/03/2025,
201644,B,28,21/01/2022,02/06/2023
201645,A,29,22/05/2022,
201646,A,29,10/02/2025,
201647,A,37,16/03/2024,
201648,P,51,11/04/2023,
201649,A,44,26/12/2024,
201650,A,57,31/01/2023,
201651,A,59,23/07/2025,
201652,B,67,30/03/2024,10/09/2024
201653,B,32,28/06/2022,02/06/2023
201654,A,47,20/07/2022,
201655,B,61,19/05/2024,
201656,B,31,23/11/2024,
201657,A,34,25/07/2022,
201658,P,22,15/05/2023,
201659,X,33,21/11/2023,01/12/2024
201660,A,22,14/12/2024,
201661,B,56,23/01/2025,
201662,P,28,13/04/2022,
201663,A,44,22/04/2025,
201664,A,65,17/08/2022,
201665,A,56,08/12/2022,
201666,P,39,05/04/2025,
201667,A,67,27/04/2025,
201668,A,63,08/01/2023,
201669,A,37,04/03/2023,
201670,B,51,13/06/2024,09/11/2026
201671,A,44,27/01/2022,
201672,A,37,22/08/2022,
201673,A,35,07/07/2022,
201674,B,44,28/03/2025,
201675,P,32,07/02/2022,
201676,A,37,13/07/2024,
201677,P,40,05/04/2024,
201678,B,52,04/04/2025,05/02/2026
201679,B,62,04/12/2023,
201680,P,36,03/01/2025,
201681,B,48,29/05/2022,
201682,B,59,17/04/2023,06/02/2025
201683,A,44,15/04/2025,
201684,A,48,04/06/2025,
201685,P,69,02/11/2023,
201686,P,29,01/03/2025,
201687,A,47,08/12/2024,
201688,A,62,27/10/2024,
201689,X,35,05/01/2023,
201690,A,55,25/10/2024,
201691,A,60,08/07/2022,
201691,A,38,28/03/2023,
201693,A,49,07/05/2023,
201694,A,37,28/04/2024,
201695,P,55,25/10/2023,
201696,A,45,27/12/2022,
201697,A,45,01/05/2022,
201698,P,42,19/09/2022,
201699,A,53,27/08/2024,
201700,A,35,21/07/2022,
201701,B,44,02/04/2025,31/05/2025
201702,P,55,30/11/2023,
201703,P,49,25/09/2023,
201704,A,42,01/06/2022,
201705,A,30,12/01/2023,
201706,A,48,23/04/2024,
201707,P,48,23/05/2025,
201708,A,48,04/12/2024,
201709,B,52,16/01/2022,
201710,P,48,24/08/2023,
201711,B,53,12/02/2023,
201712,A,18,14/10/2024,
201713,A,32,03/04/2023,
201714,A,53,06/05/2024,
201715,A,54,03/04/2025,
201716,P,41,24/02/2025,
201717,A,31,18/07/2025,
201718,A,40,17/05/2022,
201719,A,23,16/08/2024,
201720,A,34,12/01/2025,
201721,A,42,25/03/2022,
201722,A,22,17/08/2023,
201723,P,42,20/07/2025,
201724,P,60,01/12/2024,
201725,A,63,30/06/2024,
201726,P,79,22/02/2022,
201727,B,45,04/10/2023,
201728,A,47,05/08/2022,
201729,A,50,08/06/2022,
201730,A,41,02/07/2023,
201731,P,37,23/01/2023,
201732,A,31,20/02/2025,
201733,B,60,05/03/2022,
201734,B,41,06/12/2024,
201735,A,26,22/05/2023,
201736,P,48,25/07/2022,
201737,A,18,28/06/2023,
201738,P,34,21/08/2022,
201739,B,59,05/01/2022,
201740,P,43,19/10/2022,
201741,A,36,31/10/2023,
201742,A,62,11/05/2023,
201743,A,34,24/12/2022,
201744,A,56,21/08/2024,
201745,A,60,22/03/2024,
201746,A,28,18/01/2024,
201747,B,32,25/12/2024,15/09/2025
201748,X,57,14/04/2023,
201749,B,63,14/12/2024,
201750,B,20,15/10/2022,12/06/2023
201751,A,61,23/12/2022,
201752,B,24,30/12/2024,19/10/2026
201753,A,69,20/11/2023,
201754,B,44,18/06/2022,14/11/2022
201755,X,40,11/09/2022,
201756,A,42,04/09/2024,
201757,A,46,10/03/2022,
201758,P,22,10/04/2025,
201759,P,62,13/04/2025,
201760,A,49,04/05/2022,
201761,A,64,08/03/2023,
201762,A,26,04/05/2024,
201763,A,58,11/08/2024,
201764,P,38,10/03/2024,
201765,A,65,16/10/2023,
201766,P,60,31/03/2024,
201767,B,26,13/03/2024,
201768,A,36,21/05/2023,
201769,P,54,25/11/2022,
201770,A,36,21/07/2022,
201771,A,33,11/10/2024,
201772,A,24,26/01/2022,
201773,A,88,31/03/2025,
201774,A,51,15/03/2025,
201775,B,31,19/01/2025,
201776,A,37,07/09/2023,
201777,B,62,03/12/2023,
201778,P,47,22/07/2023,
201779,A,59,09/07/2024,
201780,A,34,04/07/2024,
201781,B,51,01/04/2025,
201782,A,49,11/12/2023,
201783,P,38,24/05/2024,
201784,A,43,20/08/2023,
201785,A,78,09/10/2024,
201786,A,42,11/03/2024,
201787,A,33,30/09/2022,
201788,A,59,26/05/2023,
201789,A,33,28/03/2022,
201790,P,47,31/10/2023,
201791,B,70,23/07/2024,
201792,X,48,07/07/2025,
201793,P,38,11/07/2025,
201794,A,62,29/04/2025,
201795,A,25,29/06/2022,
201796,P,20,06/07/2025,
201797,A,35,14/01/2024,
201798,A,44,26/09/2024,
201799,A,45,22/11/2022,
201800,A,32,30/10/2024,
201801,P,18,25/11/2023,
201802,A,37,12/08/2023,
201803,A,45,13/11/2024,
201804,B,35,11/01/2024,
201805,B,35,06/05/2024,
201806,P,28,03/06/2025,
201807,B,68,20/07/2024,
201808,X,27,04/05/2023,
201809,B,29,22/01/2025,
201810,A,46,06/02/2022,
201811,B,52,23/08/2022,
201812,A,34,29/03/2023,
201813,A,39,02/11/2024,
201814,B,57,10/05/2023,
201815,A,41,11/11/2023,
201816,A,44,13/11/2024,
201817,A,28,13/07/2024,
201818,P,46,25/11/2023,
201819,A,33,08/01/2022,
201820,A,30,20/07/2024,
201821,A,44,28/08/2023,
201822,A,42,11/01/2023,
201823,A,49,29/07/2024,
201824,A,35,05/02/2025,
201825,A,45,11/04/2023,
201826,B,47,29/09/2023,
201827,B,46,24/08/2023,
201828,A,70,22/06/2023,
201829,B,60,23/01/2024,
201830,B,44,17/03/2024,
201831,P,46,13/09/2022,
201832,B,62,03/10/2023,22/02/2024
201833,A,51,28/12/2023,
201834,A,31,06/02/2023,
201835,A,54,20/07/2022,
201836,P,54,29/08/2022,
201837,A,67,18/02/2023,
201838,A,48,12/11/2024,
201839,P,27,15/10/2024,
201840,A,45,26/03/2024,
201841,B,52,27/07/2022,15/07/2023
201842,B,34,07/03/2024,19/12/2024
201843,B,29,22/04/2023,28/03/2024
201844,A,26,28/05/2023,
201845,X,47,30/07/2022,
201846,A,42,28/10/2024,
201847,B,30,24/09/2022,
201848,A,22,19/03/2023,
201849,A,57,10/08/2023,
201850,A,38,25/11/2023,
201851,B,70,26/08/2022,10/04/2024
201852,B,42,16/04/2022,
201853,B,35,29/09/2023,
201854,A,32,18/06/2023,
201855,X,71,04/12/2023,
201856,A,32,31/01/2023,
201857,B,56,07/03/2022,
201858,A,37,03/06/2025,
201859,P,18,20/12/2024,
201860,A,62,15/10/2022,
201861,P,61,04/02/2024,
201862,A,18,06/01/2023,
201863,P,50,18/01/2025,
201864,A,28,01/04/2022,
201865,A,26,20/11/2024,
201866,A,60,25/07/2022,
201867,B,48,04/10/2022,
201868,A,34,02/03/2025,
201869,B,30,08/05/2024,
201870,A,43,28/11/2023,
201871,B,37,07/07/2024,30/10/2026
201872,P,38,12/06/2024,
201873,P,47,11/11/2022,
201874,B,40,09/07/2023,27/12/2024
201875,A,51,02/01/2023,
201876,A,56,11/04/2024,
201877,A,54,31/05/2024,
201878,A,34,15/05/2022,
201879,B,59,15/05/2025,13/08/2027
201880,B,64,30/05/2023,
201881,A,35,03/12/2024,
201882,A,53,20/06/2022,
201883,B,35,12/01/2023,
201884,B,35,03/06/2023,
201885,A,74,26/06/2024,
201886,A,74,18/06/2024,
201887,B,37,29/02/2024,
201888,B,35,30/11/2022,09/07/2023
201889,A,63,12/01/2023,
201890,X,47,23/01/2024,08/07/2024
201891,A,28,11/04/2024,
201892,P,48,01/04/2022,
201893,B,46,03/06/2025,
201894,A,28,24/02/2023,
201895,P,35,01/03/2022,
201896,B,30,20/05/2023,
201897,B,41,24/07/2023,
201898,A,43,02/03/2022,
201899,A,58,11/06/2025,
201900,B,36,19/02/2022,
201901,A,43,03/10/2022,
201902,A,31,18/02/2023,
201903,B,41,07/04/2023,17/08/2025
201904,A,42,07/07/2023,
201905,A,65,08/10/2023,
201906,A,49,07/07/2022,
201907,P,48,06/11/2024,
201908,B,48,10/01/2022,
201909,A,41,23/08/2024,
201910,P,62,18/08/2023,
201911,A,53,19/04/2022,
201912,A,33,26/02/2022,
201913,A,46,18/06/2024,
201914,A,34,09/07/2022,
201915,A,45,08/11/2024,
201916,A,32,17/09/2024,
201917,P,46,27/11/2024,
201918,B,41,05/08/2024,
201919,A,31,06/01/2025,
201920,A,36,11/08/2022,
201921,A,43,17/08/2024,
201922,X,35,30/09/2022,
201923,A,18,03/07/2024,
201924,A,43,21/09/2023,
201925,A,33,25/03/2023,
201926,P,57,10/08/2023,
201927,B,18,05/12/2022,
201928,A,22,11/08/2023,
201929,B,35,26/06/2022,
201930,A,26,08/01/2022,
201931,X,34,29/11/2024,
201932,A,54,24/01/2023,
201933,P,23,30/08/2022,
201934,P,30,30/07/2022,
201935,A,35,16/03/2025,
201936,A,47,26/02/2023,
201937,A,26,16/10/2022,
201938,A,50,28/09/2024,
201939,A,47,21/06/2024,
201940,P,18,24/12/2022,
201941,A,63,09/10/2023,
201942,A,53,14/03/2023,
201943,A,57,27/09/2023,
201944,A,50,06/03/2025,
201945,A,30,15/04/2025,
201946,A,46,05/09/2024,
201947,A,24,17/04/2022,
201948,A,53,24/02/2023,
201949,B,52,01/10/2022,21/08/2023
201950,P,59,07/03/2022,
201951,A,44,11/07/2025,
201952,A,32,07/09/2024,
201953,B,45,17/08/2022,
201954,A,41,01/04/2024,
201955,A,64,11/02/2024,
201956,A,40,17/10/2023,
201957,P,27,11/09/2023,
201958,A,27,30/04/2024,
201959,B,51,07/09/2024,
201960,B,38,20/08/2023,24/01/2024
201961,A,21,22/07/2024,
201962,A,27,09/05/2024,
201963,A,25,13/07/2022,
201964,A,38,08/12/2022,
201965,A,55,16/12/2023,
201966,A,33,09/01/2025,
201967,P,46,20/04/2024,
201968,A,37,26/06/2022,
201969,P,21,20/01/2025,
201970,B,47,01/04/2022,22/07/2024
201971,B,32,25/10/2024,
201972,B,56,05/01/2023,14/05/2023
201973,A,41,24/04/2024,
201974,P,55,18/10/2023,
201975,A,26,07/02/2024,
201976,B,47,19/02/2022,
201977,P,65,05/11/2023,
201978,A,61,19/04/2022,
201979,A,50,02/04/2022,
201980,B,48,26/12/2024,
201981,B,27,13/03/2024,
201982,P,43,31/01/2023,
201983,A,36,28/10/2022,
201984,A,35,17/12/2023,
201985,A,61,21/06/2025,
201986,P,46,05/07/2023,
201987,B,58,23/07/2025,
201988,A,32,27/05/2023,
201989,A,33,27/06/2023,
201990,A,48,15/04/2022,
201991,A,40,10/03/2025,
201992,A,48,31/07/2024,
201993,P,48,15/03/2022,
201994,A,75,10/11/2023,
201995,P,46,29/05/2023,
201996,B,65,01/05/2023,
201997,B,26,28/11/2023,
201998,A,24,07/04/2025,
201999,B,48,25/05/2025,07/06/2026
202000,B,30,22/10/2023,17/04/2024
202001,A,56,02/06/2023,
202002,A,42,11/10/2023,
202003,X,35,02/10/2022,
202004,B,52,01/01/2022,03/09/2023
202005,B,56,07/04/2025,
202006,A,31,16/05/2023,
202007,A,20,31/07/2023,
202008,A,37,17/04/2024,
202009,A,38,15/10/2024,
202010,A,41,20/02/2022,
202011,A,56,04/07/2025,
202012,A,42,18/06/2024,
202013,A,47,20/10/2024,
202014,X,63,07/10/2024,
202015,A,26,28/04/2025,
202016,P,48,31/03/2024,
202017,X,34,12/07/2025,
202018,B,53,07/11/2023,
202019,B,30,27/09/2024,
202020,A,34,17/02/2025,
202021,A,53,06/10/2022,
202022,B,39,30/08/2024,05/11/2024
202023,A,62,11/04/2024,
202024,B,40,03/06/2025,
202025,P,53,03/06/2024,
202026,A,53,31/10/2022,
202027,P,41,02/09/2023,
202028,A,45,28/06/2023,
202029,P,52,12/10/2024,
202030,B,48,29/06/2022,22/12/2023
202031,A,56,03/02/2023,
202032,B,35,03/06/2023,28/04/2024
202033,B,35,16/02/2024,18/06/2025
202034,B,59,13/11/2022,
202035,P,48,30/09/2024,
202036,B,30,01/08/2023,
202037,A,47,12/04/2023,
202038,P,69,12/07/2024,
202039,A,48,23/01/2022,
202040,A,43,01/08/2024,
202041,B,37,25/11/2023,
202042,B,49,15/07/2024,
202043,B,56,23/04/2022,
202044,B,54,03/03/2022,
202045,P,39,28/05/2024,
202046,A,38,05/01/2025,
202047,B,29,18/07/2022,
202048,P,48,24/02/2023,
202049,A,18,22/08/2024,
202050,A,49,09/03/2025,
202051,B,38,10/10/2022,14/03/2025
202052,A,50,14/11/2022,
202053,A,63,26/08/2023,
202054,A,18,30/06/2022,
202055,A,24,18/01/2022,
202056,B,37,27/12/2022,01/04/2025
202057,A,78,10/07/2023,
202058,B,41,09/07/2022,
202059,B,76,10/01/2023,15/11/2023
202060,A,53,24/04/2023,
202061,A,54,24/09/2024,
202062,P,41,17/11/2024,
202063,A,51,15/09/2023,
202064,A,49,03/05/2023,
202065,A,47,18/02/2023,
202066,B,46,09/06/2022,
202067,X,25,19/03/2024,
202068,A,38,06/04/2023,
202069,B,49,27/08/2022,
202070,B,43,10/05/2023,
202071,A,29,17/03/2024,
202072,B,53,10/04/2023,26/07/2024
202073,A,35,28/07/2022,
202074,A,46,13/04/2024,
202075,B,46,17/12/2023,27/01/2025
202076,P,54,30/03/2025,
202077,P,55,12/05/2025,
202078,A,18,07/11/2024,
202079,B,32,06/04/2024,
202080,B,41,17/05/2024,
202081,A,41,07/05/2023,
202082,A,34,23/09/2023,
202083,A,70,22/05/2024,
202084,A,40,10/02/2024,
202085,P,58,20/04/2024,
202086,P,49,21/02/2022,
202087,A,52,27/05/2025,
202088,A,52,15/09/2022,
202089,B,18,01/06/2023,07/08/2025
202090,A,48,04/12/2024,
202091,A,41,01/01/2024,
202092,A,32,19/01/2023,
202093,A,48,09/08/2023,
202094,B,34,09/03/2024,21/08/2025
202095,A,40,20/11/2022,
202096,A,44,09/04/2025,
202097,P,44,22/06/2024,
202098,B,41,15/06/2022,15/10/2024
202099,A,48,29/07/2024,
202100,P,31,15/09/2024,
202101,A,39,18/06/2025,
202102,A,30,18/03/2025,
202103,A,44,26/01/2022,
202104,P,45,06/04/2025,
202105,B,32,04/09/2024,03/04/2025
202106,B,31,31/01/2022,16/04/2024
202107,A,24,06/11/2023,
202108,A,23,29/06/2022,
202109,A,63,01/10/2022,
202110,A,18,15/10/2024,
202111,A,41,25/03/2023,
202112,A,38,10/11/2022,
202113,A,19,06/04/2025,
202114,A,59,23/08/2022,
202115,A,39,28/03/2025,
202116,B,36,09/12/2022,
202117,A,47,06/05/2023,
202118,A,42,12/03/2025,
202119,A,24,25/04/2025,
202120,P,42,10/10/2022,
202121,P,43,12/03/2022,
202122,B,46,03/03/2024,
202123,B,61,11/07/2024,
202124,A,48,03/07/2023,
202125,A,38,19/07/2023,
202126,B,45,25/04/2023,07/02/2024
202127,B,58,06/08/2023,
202128,B,52,06/11/2024,
202129,A,45,01/05/2024,
202130,B,39,15/01/2023,
202131,P,31,11/02/2025,
202132,A,43,23/04/2022,
202133,A,35,23/01/2024,
202134,B,42,19/01/2023,
202135,A,38,16/12/2024,
202136,A,39,19/05/2025,
202137,P,46,20/03/2025,
202138,B,41,10/10/2022,
202139,B,60,01/04/2025,04/11/2025
202140,A,44,12/05/2022,
202141,P,79,14/08/2022,
202142,A,27,29/10/2023,
202143,A,36,20/06/2024,
202144,A,38,15/01/2023,
202145,A,39,06/01/2022,
202146,B,52,20/02/2023,
202147,A,55,07/08/2024,
202148,P,46,25/10/2024,
202149,A,49,20/04/2025,
202150,B,37,31/03/2025,
202151,B,42,11/09/2024,
202152,B,33,31/08/2023,
202153,P,29,29/04/2024,
202154,P,44,22/04/2023,
202155,P,55,04/02/2022,
202156,B,57,23/06/2023,
202157,B,27,18/06/2024,
202158,P,39,26/02/2022,
202159,P,59,17/06/2025,
202160,A,37,23/07/2022,
202161,A,46,16/10/2022,
202162,A,40,01/06/2024,
202163,A,50,31/01/2024,
202164,P,33,03/05/2023,
202165,X,49,25/06/2024,
202166,A,73,06/01/2024,
202167,B,20,17/06/2024,05/02/2025
202168,A,60,23/02/2022,
202169,P,27,13/10/2022,
202170,A,39,07/11/2024,
202171,B,60,01/05/2022,
202172,B,47,14/03/2023,
202173,B,59,02/01/2022,
202174,A,71,22/11/2023,
202175,P,60,21/06/2023,
202176,A,33,09/07/2025,
202177,P,39,22/03/2025,
202178,A,28,24/01/2025,
202179,A,43,12/07/2024,
202180,A,19,20/06/2025,
202181,B,61,11/05/2022,
202182,A,55,29/02/2024,
202183,B,33,28/11/2024,
202184,P,36,18/04/2024,
202185,A,44,19/10/2023,
202186,A,48,23/12/2022,
202187,B,48,26/12/2024,21/04/2025
202188,B,43,22/08/2024,
202189,B,56,08/09/2024,
202190,A,49,11/12/2023,
202191,A,47,04/09/2023,
202192,A,28,09/09/2023,
202193,P,48,03/02/2024,
202194,B,35,07/11/2024,
202195,A,60,03/05/2024,
202196,A,22,04/02/2025,
202197,A,25,29/05/2024,
202198,B,42,08/05/2023,
202199,B,56,03/07/2023,
202200,A,48,21/04/2022,
202201,A,28,11/07/2023,
202202,X,59,23/12/2024,
202203,A,29,02/09/2022,
202204,A,50,13/01/2023,
202205,B,34,12/04/2022,14/02/2023
202206,A,31,02/10/2023,
202207,B,37,16/12/2024,23/06/2025
202208,A,60,31/03/2024,
202209,A,33,26/09/2022,
202210,B,47,07/01/2022,
202211,A,38,15/03/2025,
202212,P,53,30/05/2022,
202213,A,28,12/06/2025,
202214,A,43,13/10/2022,
202215,A,36,23/01/2022,
202216,B,50,07/08/2024,27/05/2026
202217,A,44,30/06/2025,
202218,A,38,18/12/2024,
202219,B,36,30/01/2025,23/09/2025
202220,P,45,03/06/2024,
202221,B,56,20/05/2024,
202222,A,53,15/05/2024,
202223,A,43,01/10/2024,
202224,A,51,16/11/2022,
202225,A,36,29/09/2022,
202226,B,50,01/04/2022,
202227,A,53,28/06/2023,
202228,A,48,14/07/2022,
202229,P,32,30/10/2023,
202230,P,42,24/04/2023,
202231,B,46,05/01/2023,19/11/2023
202232,A,38,19/04/2023,
202233,B,31,08/06/2024,
202234,B,49,09/08/2022,29/06/2024
202235,A,57,25/02/2023,
202236,P,43,27/02/2024,
202237,A,59,08/09/2023,
202238,B,35,05/02/2024,
202239,B,64,29/04/2024,
202240,P,36,08/06/2022,
202241,A,41,04/02/2023,
202242,B,45,24/04/2025,13/11/2026
202243,B,62,02/02/2025,
202244,X,46,22/06/2025,08/05/2027
202245,B,47,21/09/2024,30/07/2026
202246,A,51,29/12/2022,
202247,X,33,31/05/2025,
202248,B,33,12/02/2025,
202249,B,22,27/04/2022,
202250,A,31,22/02/2023,
202251,A,39,03/03/2022,
202252,B,30,17/05/2023,
202253,A,63,15/04/2024,
202254,P,33,17/06/2022,
202255,A,48,27/05/2024,
202256,B,18,28/07/2024,03/02/2026
202257,B,59,02/07/2024,
202258,P,41,18/02/2023,
202259,B,42,05/10/2023,22/02/2024
202260,P,50,12/09/2022,
202261,B,54,01/06/2025,
202262,P,68,26/03/2023,
202263,A,25,05/02/2024,
202264,P,43,26/04/2023,
202265,A,31,20/08/2022,
202266,B,47,21/04/2024,
202267,B,38,27/06/2025,
202268,A,32,12/04/2024,
202269,A,18,31/07/2024,
202270,B,60,07/02/2022,
202271,B,42,28/10/2024,
202272,P,27,30/08/2023,
202273,P,37,23/01/2024,
202274,B,25,05/05/2025,
202275,A,18,17/02/2024,
202276,A,29,31/12/2022,
202277,A,28,15/06/2023,
202278,B,65,12/03/2022,10/03/2023
202279,A,43,27/03/2024,
202280,B,32,27/02/2022,
202281,B,27,24/10/2023,09/11/2024
202282,B,53,16/03/2024,
202283,A,41,26/09/2022,
202284,B,30,14/07/2025,
202285,A,42,19/03/2023,
202286,A,37,14/06/2025,
202287,A,60,27/06/2022,
202288,B,67,19/08/2024,
202289,A,40,30/10/2024,
202290,B,57,28/05/2023,01/10/2025
202291,P,48,08/08/2024,
202292,A,24,23/12/2022,
202293,A,45,08/02/2023,
202294,B,25,29/04/2023,
202295,A,56,25/07/2023,
202296,P,49,08/11/2022,
202297,P,36,03/04/2023,
202298,P,24,23/05/2022,
202299,B,45,15/01/2022,
202300,B,36,04/10/2024,
202301,B,31,09/06/2022,
202302,A,60,23/07/2025,
202303,P,59,05/11/2024,
202304,A,52,26/03/2022,
202305,A,37,07/03/2024,
202306,A,34,26/01/2025,
202307,A,79,03/12/2023,
202308,P,41,21/02/2023,
202309,A,69,21/01/2023,
202310,A,49,27/07/2022,
202311,B,44,05/08/2022,23/11/2023
202312,B,38,21/10/2023,01/03/2026
202313,B,29,02/02/2022,24/04/2023
202314,P,36,09/03/2024,
202315,A,63,19/03/2024,
202316,P,53,24/04/2023,
202317,A,30,09/12/2023,
202318,P,34,06/04/2025,
202319,P,47,05/10/2024,
202320,B,51,30/04/2022,
202321,A,26,30/07/2023,
202322,A,33,03/10/2024,
202323,A,34,24/06/2025,
202324,B,58,17/09/2024,
202325,A,49,21/12/2024,
202326,B,33,04/05/2022,21/06/2022
202327,P,54,15/07/2022,
202328,A,18,04/10/2023,
202329,P,18,28/08/2022,
202330,B,36,30/05/2023,
202331,A,28,19/04/2022,
202332,P,37,13/02/2025,
202333,A,27,19/05/2023,
202334,A,26,28/02/2024,
202335,X,51,14/03/2023,
202336,B,38,11/06/2023,22/04/2025
202337,P,66,28/05/2022,
202338,B,30,29/11/2024,
202339,P,46,09/11/2023,
202340,B,70,30/03/2024,26/05/2024
202341,A,57,21/05/2025,
202342,A,32,21/06/2022,
202343,P,34,07/08/2022,
202344,A,45,28/08/2022,
202345,A,29,28/01/2025,
202346,B,51,03/02/2025,
202347,B,44,24/08/2022,21/01/2023
202348,P,44,29/07/2024,
202349,B,37,08/12/2024,23/06/2026
202350,A,40,05/02/2024,
202351,B,20,28/08/2024,
202352,B,73,22/08/2022,
202353,A,42,25/06/2024,
202354,P,40,26/05/2023,
202355,A,50,09/11/2022,
202356,A,75,11/03/2024,
202357,B,46,02/02/2023,29/12/2024
202358,P,47,21/10/2024,
202359,P,43,14/10/2023,
202360,P,56,07/03/2025,
202361,P,47,09/01/2025,
202362,A,37,02/12/2023,
202363,X,28,03/04/2025,24/02/2027
202364,A,42,13/03/2025,
202365,P,43,04/07/2025,
202366,B,65,16/09/2024,
202367,A,49,10/05/2023,
202368,A,53,15/08/2023,
202369,A,39,19/05/2025,
202370,B,31,29/06/2025,08/04/2027
202371,A,40,12/03/2023,
202372,P,50,06/10/2024,
202373,A,32,13/11/2022,
202374,A,46,19/01/2025,
202375,A,63,09/07/2023,
202376,A,50,06/05/2022,
202377,A,44,23/12/2024,
202378,A,44,04/06/2023,
202379,B,42,09/03/2024,
202380,P,54,12/02/2022,
202381,A,57,20/03/2025,
202382,A,38,23/01/2024,
202383,B,32,26/07/2024,
202384,P,54,22/03/2025,
202385,B,56,15/04/2023,
202386,P,45,01/05/2023,
202387,P,35,24/09/2024,
202388,A,62,09/12/2023,
202389,B,24,16/08/2023,
202390,A,23,09/05/2023,
202391,A,57,30/04/2025,
202392,B,66,04/01/2024,25/06/2025
202393,P,52,02/06/2025,
202394,B,60,28/05/2025,
202395,A,50,02/07/2022,
202396,A,60,30/06/2025,
202397,A,36,01/10/2023,
202398,B,41,01/06/2025,
202399,P,40,14/10/2023,
202400,P,38,14/07/2024,
202401,A,55,22/12/2022,
202402,A,44,11/11/2022,
202403,A,28,28/11/2022,
202404,A,76,18/12/2023,
202405,P,41,14/04/2022,
202406,B,35,04/07/2022,
202407,B,39,19/12/2023,
202408,A,44,05/05/2025,
202409,P,51,23/08/2022,
202410,P,55,31/12/2023,
202411,A,28,29/01/2022,
202412,A,78,07/12/2023,
202413,P,66,24/11/2023,
202414,B,29,23/03/2023,
202415,B,52,14/11/2022,
202416,B,47,13/04/2023,14/09/2023
202417,A,29,06/06/2023,
202418,A,40,13/04/2025,
202419,P,47,14/01/2025,
202420,A,68,04/06/2024,
202421,A,42,17/06/2025,
202422,A,57,06/02/2022,
202423,A,38,02/05/2025,
202424,A,52,16/11/2024,
202425,P,74,25/10/2023,
202426,A,60,28/03/2023,
202427,A,56,27/05/2024,
202428,A,50,11/07/2024,
202429,A,47,25/05/2024,
202430,P,39,24/06/2022,
202431,A,32,20/07/2025,
202432,A,51,10/12/2024,
202433,A,48,05/04/2023,
202434,B,22,28/10/2022,
202435,A,42,17/08/2023,
202436,B,27,17/02/2022,28/04/2023
202437,B,58,20/12/2022,
202438,A,32,28/12/2023,
202439,A,47,15/05/2024,
202440,A,71,18/07/2022,
202441,A,80,31/05/2023,
202442,A,42,24/12/2023,
202443,A,18,11/06/2025,
202444,A,44,16/03/2023,
202445,A,54,22/01/2022,
202446,P,51,05/03/2024,
202447,A,50,28/10/2024,
202448,P,46,11/08/2022,
202449,A,34,29/09/2022,
202450,B,38,15/09/2024,04/04/2025
202451,A,51,11/01/2023,
202452,A,53,02/12/2024,
202453,A,39,09/03/2023,
202454,B,40,12/04/2022,
202455,P,46,05/03/2023,
202456,A,52,08/12/2024,
202457,A,35,05/07/2024,
202458,A,24,02/08/2023,
202459,B,36,12/04/2023,
202460,B,41,09/08/2024,
202461,A,67,18/05/2022,
202462,A,54,02/02/2023,
202463,P,37,16/05/2023,
202464,A,65,11/11/2022,
202465,P,21,07/08/2023,
202466,B,35,10/05/2025,
202467,B,69,17/07/2024,
202468,A,48,14/02/2024,
202469,P,44,06/10/2023,
202470,P,30,17/08/2023,
202471,P,36,13/07/2022,
202472,A,60,28/08/2024,
202473,A,44,04/06/2023,
202474,B,37,03/05/2023,
202475,A,58,30/05/2023,
202476,A,64,09/09/2024,
202477,A,33,16/09/2024,
202478,A,54,03/04/2022,
202479,A,46,30/03/2024,
202480,A,45,23/10/2023,
202481,X,29,06/08/2023,
202482,B,45,18/01/2022,
202483,P,31,25/06/2023,
202484,B,40,29/01/2023,
202485,B,51,15/02/2022,
202486,P,42,28/01/2024,
202487,B,47,23/03/2023,
202488,A,53,28/09/2022,
202489,A,60,15/02/2024,
202490,A,50,05/08/2024,
202491,B,51,20/10/2024,
202492,A,33,30/10/2023,
202493,B,26,28/06/2022,04/04/2024
202494,P,50,01/06/2025,
202495,A,30,04/02/2025,
202496,B,32,18/02/2023,27/01/2025
202497,A,42,22/08/2024,
202498,A,43,14/08/2022,
202499,A,58,30/03/2024,
202500,B,23,31/10/2022,02/05/2024
202501,A,25,23/03/2025,
202502,A,18,20/05/2023,
202503,A,47,07/08/2022,
202504,A,45,10/07/2023,
202505,A,37,09/09/2023,
202506,A,36,01/06/2025,
202507,A,35,09/05/2022,
202508,A,24,31/12/2024,
202509,B,23,07/01/2024,
202510,B,32,16/04/2022,
202511,B,49,20/10/2024,18/08/2026
202512,P,55,17/05/2024,
202513,X,40,29/09/2024,
202514,A,44,09/04/2025,
202515,A,35,18/09/2023,
202516,B,52,15/04/2024,15/09/2025
202517,A,50,01/03/2024,
202518,A,63,13/11/2024,
202519,A,41,15/11/2023,
202520,A,31,09/04/2023,
202521,P,44,05/10/2024,
202522,B,34,17/11/2023,22/03/2025
202523,A,42,21/05/2024,
202524,B,60,17/11/2022,12/12/2024
202525,A,42,28/06/2023,
202526,B,44,17/06/2025,01/12/2025
202527,B,41,04/05/2025,07/11/2026
202528,P,56,08/03/2022,
202529,B,67,21/11/2022,01/09/2024
202530,B,35,28/03/2022,
202531,A,74,11/12/2023,
202532,A,41,22/09/2022,
202533,A,41,16/07/2023,
202534,A,45,16/04/2025,
202535,P,31,21/04/2022,
202536,P,38,19/05/2024,
202537,X,37,13/02/2022,
202538,B,51,15/01/2025,23/04/2025
202539,B,32,06/04/2024,
202540,P,51,21/05/2025,
202541,A,32,02/01/2024,
202542,A,38,01/11/2023,
202543,A,41,31/10/2023,
202544,B,33,12/06/2023,
202545,A,43,16/08/2023,
202546,A,35,25/04/2024,
202547,B,63,18/07/2023,
202548,B,36,29/11/2022,12/02/2024
202549,P,38,10/02/2022,
202550,A,56,26/01/2024,
202551,A,33,13/09/2023,
202552,P,41,18/06/2025,
202553,P,51,25/05/2022,
202554,P,39,19/02/2023,
202555,A,21,06/01/2022,
202556,P,35,10/04/2025,
202557,A,67,03/10/2024,
202558,A,37,18/12/2022,
202559,B,54,03/01/2022,05/04/2022
202560,A,46,06/04/2024,
202561,P,42,23/11/2022,
202562,A,39,21/05/2022,
202563,A,48,09/08/2023,
202564,A,39,28/05/2024,
202565,P,55,15/03/2022,
202566,P,46,19/12/2023,
202567,B,42,27/12/2022,
202568,A,44,11/06/2022,
202569,A,52,27/09/2023,
202570,A,44,05/04/2022,
202571,A,34,07/04/2024,
202572,A,31,19/04/2024,
202573,B,31,06/11/2022,18/02/2023
202574,X,40,15/02/2025,
202575,A,50,06/07/2023,
202576,A,62,22/07/2022,
202577,A,55,17/07/2022,
202578,A,58,02/04/2023,
202579,A,34,05/09/2023,
202580,A,27,10/12/2023,
202581,P,56,13/12/2022,
202582,B,57,02/09/2023,03/11/2025
202583,B,30,11/09/2024,
202584,A,47,28/02/2024,
202585,P,54,05/01/2023,
202586,A,63,01/09/2024,
202587,P,18,02/01/2025,
202588,A,66,13/03/2022,
202589,B,47,11/03/2023,17/12/2024
202590,A,42,24/05/2025,
202591,A,50,25/01/2025,
202592,P,32,27/06/2023,
202593,A,26,02/05/2024,
202594,A,43,15/09/2022,
202595,P,48,22/06/2025,
202596,A,36,02/02/2025,
202597,P,29,30/04/2023,
202598,P,64,05/01/2023,
202599,A,38,21/02/2025,
202600,B,23,06/04/2024,
202601,A,33,03/03/2023,
202602,P,30,09/04/2022,
202603,A,45,21/03/2024,
202604,A,55,28/04/2025,
202605,P,56,25/02/2024,
202606,B,40,19/05/2023,
202607,A,47,21/11/2024,
202608,B,26,20/01/2023,
202609,A,34,26/06/2025,
202610,P,56,14/09/2023,
202611,A,19,07/05/2024,
202612,A,35,26/03/2025,
202613,P,71,16/10/2023,
202614,A,40,13/09/2023,
202615,A,46,24/02/2022,
202616,X,43,01/03/2023,31/05/2023
202617,A,44,22/06/2023,
202618,A,42,11/06/2025,
202619,A,43,29/03/2022,
202620,P,67,03/11/2022,
202621,A,49,10/10/2022,
202622,A,51,22/08/2022,
202623,A,44,12/11/2022,
202624,A,18,13/04/2024,
202625,P,52,27/01/2024,
202626,A,31,03/08/2024,
202627,B,48,18/03/2025,
202628,A,38,18/06/2025,
202629,A,64,18/03/2022,
202630,A,40,15/01/2025,
202631,A,34,27/07/2024,
202632,B,38,24/09/2022,
202633,P,46,11/04/2025,
202634,P,41,23/09/2023,
202635,B,22,20/06/2025,03/07/2026
202636,P,38,01/02/2022,
202637,A,54,17/06/2024,
202638,P,68,05/06/2023,
202639,P,38,11/02/2025,
202640,A,58,11/06/2024,
202641,A,35,03/10/2023,
202642,P,31,11/12/2023,
202643,A,44,02/07/2024,
202644,B,42,28/01/2025,
202645,A,44,27/04/2024,
202646,A,18,28/08/2023,
202647,P,51,21/06/2023,
202648,B,50,31/05/2022,
202649,A,43,05/06/2022,
202650,A,51,22/12/2024,
202651,B,74,22/05/2025,
202652,A,50,17/05/2025,
202653,A,47,02/01/2022,
202654,A,38,15/07/2024,
202655,A,57,14/09/2022,
202656,B,38,08/12/2023,14/08/2025
202657,B,63,15/04/2025,
202658,X,37,28/05/2024,29/08/2025
202659,A,32,19/09/2022,
202660,P,42,21/05/2022,
202661,A,71,14/07/2022,
202662,A,59,18/10/2023,
202663,A,47,03/10/2023,
202664,A,33,28/09/2022,
202665,A,52,20/02/2023,
202666,A,36,17/02/2024,
202667,P,48,19/04/2022,
202668,A,44,22/02/2022,
202669,P,49,25/11/2023,
202670,A,58,30/06/2022,
202671,P,50,13/09/2024,
202672,A,47,20/06/2023,
202673,P,43,22/01/2025,
202674,A,38,26/12/2022,
202675,A,56,31/07/2022,
202676,A,41,20/10/2022,
202677,A,44,12/03/2022,
202678,B,57,25/01/2023,
202679,A,58,29/07/2024,
202680,A,64,26/04/2024,
202681,A,53,13/01/2022,
202682,A,56,10/06/2024,
202683,A,45,17/03/2025,
202684,A,34,07/01/2023,
202685,P,50,18/06/2025,
202686,A,71,11/02/2024,
202687,P,53,25/02/2023,
202688,A,67,24/01/2023,
202689,A,40,14/04/2022,
202690,A,33,12/06/2023,
202691,A,61,13/05/2024,
202692,A,51,24/02/2024,
202693,A,34,17/02/2023,
202694,A,27,28/05/2024,
202695,A,39,11/04/2025,
202696,B,23,28/12/2022,
202697,P,46,05/06/2025,
202698,P,66,06/12/2022,
202699,B,54,22/07/2023,01/04/2025
202700,B,25,30/08/2023,28/03/2024
202701,B,50,23/08/2022,31/12/2022
202702,P,56,13/11/2022,
202703,A,47,17/03/2022,
202704,B,55,06/02/2022,06/10/2022
202705,B,53,02/07/2024,17/12/2026
202706,B,49,24/07/2022,08/06/2024
202707,A,74,13/02/2022,
202708,P,37,22/09/2023,
202709,A,40,05/05/2023,
202710,A,38,24/04/2024,
202710,B,85,28/02/2023,
202712,A,18,01/04/2022,
202713,B,51,23/08/2024,
202714,A,40,04/05/2022,
202715,B,43,15/07/2025,26/06/2027
202716,A,47,10/07/2022,
202717,B,58,08/06/2024,
202718,A,49,01/07/2022,
202719,A,36,14/07/2024,
202720,A,51,30/01/2024,
202721,A,48,14/01/2025,
202722,A,47,26/03/2024,
202723,B,24,03/09/2022,
202724,A,60,04/04/2025,
202725,A,51,21/12/2023,
202726,A,44,06/09/2022,
202727,A,54,06/07/2025,
202728,B,36,15/06/2024,
202729,A,30,07/06/2025,
202730,P,45,12/02/2024,
202731,B,27,22/01/2025,
202732,A,41,17/05/2024,
202733,A,40,09/04/2024,
202734,B,32,10/08/2024,
202735,P,39,28/06/2024,
202736,A,22,27/07/2023,
202737,A,60,22/09/2023,
202738,B,21,21/02/2023,
202739,A,44,07/03/2023,
202740,B,54,22/07/2025,
202741,B,57,02/09/2023,
202742,A,21,09/07/2025,
202743,B,50,31/03/2022,01/05/2024
202744,P,52,12/04/2023,
202745,P,42,01/01/2025,
202746,P,51,18/09/2024,
202747,B,52,24/03/2023,20/02/2025
202748,P,18,22/03/2022,
202749,A,43,10/11/2022,
202750,X,60,13/11/2023,
202751,P,69,21/05/2022,
202752,P,41,01/09/2022,
202753,A,34,13/02/2024,
202754,P,46,29/11/2023,
202755,A,59,11/05/2024,
202756,A,48,23/10/2022,
202757,A,74,15/06/2022,
202758,P,32,16/01/2022,
202759,A,39,03/04/2023,
202760,A,43,06/05/2024,
202761,P,40,18/12/2023,
202762,B,51,29/04/2025,16/08/2026
202763,P,48,10/03/2025,
202764,A,22,07/11/2023,
202765,A,51,27/05/2022,
202766,A,30,06/04/2025,
202767,A,38,21/03/2025,
202768,A,31,11/09/2022,
202769,A,42,04/09/2022,
202770,A,38,11/02/2025,
202771,B,51,28/07/2023,25/04/2025
202772,P,43,31/05/2025,
202773,A,48,11/09/2022,
202774,B,68,13/07/2023,28/02/2025
202775,P,60,18/09/2022,
202776,B,29,09/11/2024,
202777,A,47,08/02/2022,
202778,X,65,02/03/2022,
202779,B,18,18/05/2023,24/09/2025
202780,B,47,27/07/2023,13/11/2025
202781,B,34,29/01/2025,
202782,X,61,15/05/2022,
202783,B,50,01/02/2022,12/04/2024
202784,A,62,25/07/2023,
202785,A,54,13/04/2024,
202786,A,42,25/09/2022,
202787,A,29,20/12/2024,
202788,A,19,26/08/2023,
202789,P,33,07/05/2023,
202790,B,63,20/01/2023,
202791,A,41,06/01/2022,
202792,P,64,19/02/2024,
202793,A,32,24/04/2024,
202794,A,32,14/01/2023,
202795,P,38,21/12/2024,
202796,B,53,11/05/2023,
202797,A,38,22/01/2023,
202798,P,55,13/02/2025,
202799,A,27,10/10/2023,
202800,B,46,10/03/2024,
202801,P,61,02/01/2024,
202802,A,69,12/08/2022,
202803,B,78,14/01/2024,
202804,P,52,16/09/2023,
202805,P,36,05/10/2024,
202806,A,63,08/09/2023,
202807,A,22,31/05/2023,
202808,X,49,15/04/2025,23/08/2025
202809,A,49,14/08/2022,
202810,X,31,18/05/2022,
202811,P,34,04/07/2022,
202812,B,30,29/02/2024,
202813,B,43,02/07/2025,28/09/2027
202814,A,64,25/09/2022,
202815,A,75,10/03/2022,
202816,A,60,01/06/2023,
202817,A,42,10/02/2025,
202818,A,40,02/07/2024,
202819,A,71,04/10/2023,
202820,A,67,02/01/2022,
202821,A,39,13/04/2023,
202822,B,41,29/05/2022,30/12/2022
202823,A,49,05/12/2023,
202824,A,18,12/04/2023,
202825,P,25,22/05/2023,
202826,P,36,16/12/2023,
202827,A,44,19/05/2024,
202828,A,46,19/09/2024,
202829,A,44,30/01/2025,
202830,A,52,24/06/2025,
202831,A,48,16/02/2022,
202832,B,62,23/04/2022,08/06/2022
202833,B,55,08/07/2025,01/03/2027
202834,B,44,17/03/2023,
202835,A,54,29/01/2022,
202836,A,33,19/12/2023,
202837,B,53,15/04/2023,
202838,B,27,05/04/2023,
202839,P,66,11/04/2024,
202840,B,46,23/02/2023,
202841,B,69,16/10/2024,
202842,B,57,25/04/2022,20/08/2024
202843,A,41,25/03/2025,
202844,A,45,25/12/2024,
202845,A,47,17/11/2024,
202846,B,65,11/11/2023,
202847,P,34,15/06/2025,
202848,B,53,13/06/2023,11/01/2024
202849,A,67,17/02/2022,
202850,A,71,23/01/2024,
202851,B,52,26/08/2022,16/04/2024
202852,A,45,22/02/2025,
202853,A,29,19/12/2023,
202854,B,59,10/01/2024,
202855,A,56,30/11/2023,
202856,A,18,02/04/2022,
202857,A,25,31/08/2022,
202858,B,50,06/06/2025,18/05/2026
202859,P,37,06/05/2024,
202860,B,55,03/05/2022,
202861,B,49,18/04/2023,
202862,P,45,19/06/2022,
202863,A,41,06/12/2024,
202864,A,62,15/02/2023,
202865,P,59,22/05/2023,
202866,B,41,24/01/2024,29/05/2024
202867,A,64,13/09/2023,
202868,A,47,22/03/2024,
202869,A,30,17/08/2022,
202870,P,40,15/10/2022,
202871,P,24,18/06/2025,
202872,B,50,16/06/2023,
202873,A,52,21/01/2024,
202874,A,48,23/04/2022,
202875,A,23,10/01/2024,
202876,A,34,14/02/2024,
202877,B,18,04/07/2023,
202878,B,38,12/08/2023,
202879,B,53,29/03/2025,
202880,P,42,02/12/2024,
202881,B,47,30/11/2024,
202882,A,43,20/02/2023,
202883,P,29,17/11/2022,
202884,B,36,06/10/2022,
202885,A,32,08/05/2022,
202886,A,49,17/08/2022,
202887,A,51,20/03/2025,
202888,A,29,28/04/2022,
202889,A,31,24/10/2022,
202890,P,51,16/04/2022,
202891,P,48,15/12/2022,
202892,A,38,15/05/2023,
202893,P,62,06/05/2025,
202894,P,33,03/05/2023,
202895,B,50,24/12/2023,
202896,X,44,22/04/2023,
202897,P,58,23/07/2024,
202898,A,40,31/05/2023,
202899,B,58,27/07/2022,
202900,A,52,14/04/2024,
202901,A,18,10/06/2023,
202902,P,34,30/09/2024,
202903,B,52,15/02/2022,05/07/2023
202904,B,35,27/05/2025,
202905,P,57,12/09/2022,
202906,P,45,05/08/2023,
202907,A,21,02/05/2022,
202908,A,49,05/02/2023,
202909,A,52,28/11/2024,
202910,B,56,24/02/2024,
202911,B,53,11/04/2025,20/11/2026
202912,B,55,19/09/2022,
202913,B,54,11/06/2023,
202914,P,38,12/02/2023,
202915,B,64,30/12/2023,19/05/2025
202916,A,49,13/04/2024,
202917,A,22,03/05/2024,
202918,P,19,21/05/2022,
202919,A,58,14/05/2024,
202920,A,51,04/02/2023,
202921,A,52,23/06/2024,
202922,P,32,13/11/2023,
202923,B,48,02/12/2022,
202924,A,47,18/02/2023,
202925,B,21,20/12/2023,
202926,B,36,06/01/2025,
202927,B,38,12/07/2022,25/12/2023
202928,B,18,20/05/2022,
202929,A,23,11/03/2022,
202930,A,41,11/01/2025,
202931,P,51,05/05/2025,
202932,A,42,14/11/2022,
202933,A,38,06/02/2022,
202934,A,41,02/12/2022,
202935,B,49,12/04/2025,14/10/2025
202936,B,35,03/10/2024,
202937,A,48,14/04/2023,
202938,A,51,31/08/2024,
202939,P,47,18/02/2025,
202940,B,57,21/11/2022,
202941,B,42,05/06/2022,12/12/2023
202942,A,48,14/06/2025,
202943,B,25,04/08/2022,17/09/2024
202944,B,35,01/04/2022,19/12/2022
202945,A,77,17/07/2025,
202946,A,26,24/08/2024,
202947,A,18,16/12/2024,
202948,A,41,01/11/2024,
202949,B,45,06/08/2024,
202949,A,60,27/01/2023,
202951,B,50,08/05/2024,13/06/2025
202952,P,49,11/01/2023,
202953,P,31,15/12/2022,
202954,P,64,08/05/2025,
202955,A,61,26/12/2022,
202956,B,60,13/02/2022,
202957,A,43,13/06/2022,
202958,A,52,25/08/2023,
202959,A,34,03/01/2024,
202960,P,37,19/03/2022,
202961,B,52,16/07/2024,25/05/2025
202962,B,50,16/10/2023,
202963,A,35,04/10/2022,
202964,A,38,14/10/2024,
202965,A,55,18/07/2023,
202966,B,54,10/01/2024,22/06/2024
202967,A,39,11/12/2022,
202968,A,46,26/07/2024,
202969,A,24,22/04/2022,
202970,A,47,08/07/2023,
202971,A,42,02/07/2023,
202972,A,47,08/03/2023,
202973,A,45,10/10/2022,
202974,A,63,17/11/2023,
202975,B,51,11/02/2025,18/04/2027
202976,A,43,29/12/2024,
202977,A,50,20/03/2023,
202978,B,43,08/02/2022,
202979,B,32,02/08/2022,
202980,B,41,30/05/2023,
202981,A,18,09/03/2025,
202982,B,48,06/09/2022,
202983,A,42,09/02/2022,
202984,A,50,21/03/2024,
202985,A,30,23/02/2025,
202986,P,36,05/12/2023,
202987,B,39,09/11/2022,03/09/2024
202988,B,32,05/10/2023,26/02/2026
202989,B,20,14/08/2023,
202990,A,41,25/03/2024,
202991,P,30,28/05/2024,
202992,P,62,28/03/2024,
202993,A,42,03/06/2025,
202994,A,45,25/04/2023,
202995,P,52,26/03/2024,
202996,A,30,04/12/2023,
202997,B,56,17/08/2024,29/12/2026
202998,P,40,19/01/2025,
202999,P,62,23/08/2024,
203000,B,53,12/03/2023,
203001,B,60,10/06/2024,
203002,B,42,25/01/2022,
203003,B,32,23/09/2022,28/01/2024
203004,A,46,27/12/2022,
203005,B,32,09/04/2022,03/07/2022
203006,A,46,11/12/2022,
203007,A,43,06/06/2023,
203008,A,41,07/03/2025,
203009,A,37,20/05/2024,
203010,P,54,22/07/2024,
203011,B,70,12/09/2022,23/09/2024
203012,B,28,14/12/2022,
203013,P,31,04/02/2023,
203014,A,40,23/08/2023,
203015,P,78,11/01/2022,
203016,A,35,29/11/2022,
203017,A,68,19/02/2024,
203018,B,38,07/09/2024,03/01/2025
203019,P,42,26/10/2022,
203020,A,43,08/09/2023,
203021,A,29,15/04/2025,
203022,A,54,08/02/2022,
203023,B,42,29/03/2024,
203024,A,25,24/01/2022,
203025,X,54,11/09/2022,10/05/2024
203026,A,53,24/12/2022,
203027,A,43,25/04/2023,
203028,P,57,24/10/2024,
203029,P,53,06/03/2025,
203030,A,33,25/06/2024,
203031,P,70,25/04/2025,
203032,A,45,05/06/2024,
203033,B,42,11/03/2022,
203034,X,66,04/07/2024,
203035,B,50,02/01/2025,
203036,A,38,05/12/2023,
203037,A,54,23/06/2025,
203038,P,28,18/01/2025,
203039,A,65,29/06/2025,
203040,B,18,25/03/2024,
203041,A,49,13/06/2023,
203042,A,29,26/10/2023,
203043,B,44,04/03/2025,
203044,A,35,12/07/2024,
203045,A,35,16/05/2023,
203046,A,50,07/02/2022,
203047,A,56,19/06/2022,
203048,A,46,10/11/2022,
203049,A,51,19/05/2023,
203050,A,39,27/05/2025,
203051,A,44,22/10/2022,
203052,A,60,02/02/2024,
203053,B,31,15/04/2022,
203053,A,58,08/06/2025,
203055,A,33,15/09/2022,
203056,X,42,04/02/2024,
203057,A,43,12/11/2024,
203058,B,30,01/04/2024,
203059,P,48,16/02/2022,
203060,P,44,06/05/2022,
203061,B,60,29/08/2024,
203062,A,49,09/08/2022,
203063,B,57,20/06/2023,
203064,B,50,15/04/2024,22/04/2025
203065,A,72,17/11/2022,
203066,A,47,29/08/2022,
203067,A,38,08/07/2022,
203068,B,28,14/01/2024,
203069,A,35,11/09/2022,
203070,B,46,20/09/2024,15/12/2025
203071,B,44,28/09/2022,
203072,A,71,05/08/2024,
203073,A,45,22/05/2022,
203074,A,46,08/04/2024,
203075,P,64,29/05/2022,
203076,P,59,31/10/2022,
203077,B,57,30/07/2023,01/02/2024
203078,A,26,07/08/2022,
203079,B,38,25/12/2022,
203080,A,38,07/12/2024,
203081,X,62,14/06/2025,
203082,A,65,21/07/2024,
203083,P,41,16/08/2024,
203084,A,56,08/06/2022,
203085,A,61,23/10/2022,
203086,A,45,25/12/2024,
203087,A,46,28/03/2024,
203088,A,59,28/05/2024,
203089,A,50,07/07/2024,
203090,B,33,18/10/2024,
203091,P,46,28/02/2022,
203092,A,46,13/05/2023,
203093,P,42,19/05/2023,
203094,B,40,23/01/2022,16/02/2023
203095,A,43,10/10/2023,
203096,X,31,27/06/2024,
203097,A,34,26/05/2025,
203098,A,40,27/06/2024,
203099,P,28,11/09/2022,
203100,A,30,31/12/2023,
203101,P,33,23/03/2025,
203102,A,56,03/05/2025,
203103,B,34,15/11/2024,
203104,A,65,09/02/2022,
203105,A,34,30/05/2025,
203106,B,33,05/02/2023,
203107,A,46,10/01/2022,
203108,A,49,28/04/2022,
203109,B,47,15/07/2024,08/12/2026
203110,P,50,10/02/2023,
203111,A,43,13/04/2023,
203112,B,48,28/11/2023,
203113,P,45,22/10/2022,
203114,P,30,05/04/2025,
203115,A,23,02/10/2022,
203116,P,28,26/09/2022,
203117,P,35,21/06/2024,
203118,B,52,02/02/2022,12/10/2022
203119,A,39,01/05/2025,
203120,X,68,25/10/2022,17/10/2023
203121,A,44,20/03/2023,
203122,P,32,12/07/2023,
203123,A,31,06/02/2023,
203124,P,40,05/12/2024,
203125,B,53,09/09/2023,
203126,A,40,21/12/2023,
203127,P,47,23/05/2025,
203128,A,35,11/08/2023,
203129,A,25,05/02/2025,
203130,A,18,28/10/2023,
203131,A,46,06/01/2024,
203132,P,38,18/10/2024,
203133,A,55,08/08/2024,
203134,A,54,01/12/2022,
203135,A,35,11/10/2024,
203136,P,50,21/01/2023,
203137,B,42,06/08/2024,
203138,A,31,19/01/2023,
203139,A,38,28/03/2025,
203140,A,44,08/03/2023,
203141,A,57,17/07/2024,
203142,A,34,26/05/2025,
203143,B,31,21/09/2022,26/12/2024
203144,A,33,15/06/2022,
203145,A,62,12/10/2022,
203146,B,43,28/05/2025,
203147,A,40,14/10/2024,
203148,P,35,20/03/2025,
203149,A,37,15/08/2024,
203150,B,38,01/11/2022,
203151,A,27,05/11/2022,
203152,A,47,27/12/2023,
203153,B,64,08/05/2022,06/09/2024
203154,P,43,05/09/2024,
203155,B,36,20/06/2022,
203156,A,51,27/11/2023,
203157,A,45,01/04/2025,
203158,B,58,03/05/2023,05/01/2024
203159,P,41,19/09/2022,
203160,A,72,11/01/2023,
203161,P,44,17/01/2022,
203162,A,62,03/09/2023,
203163,P,40,01/03/2023,
203164,A,43,20/07/2023,
203165,X,48,13/05/2025,29/10/2026
203166,B,36,09/08/2022,14/09/2024
203167,B,67,28/09/2024,29/10/2025
203168,A,18,15/03/2022,
203169,A,53,28/11/2023,
203170,A,30,08/06/2025,
203171,B,48,12/07/2024,
203172,A,38,27/08/2024,
203173,A,48,05/07/2025,
203174,B,51,24/01/2023,
203175,B,36,28/04/2025,12/12/2025
203176,B,47,29/06/2025,
203177,B,19,01/05/2025,
203178,B,38,24/05/2025,02/08/2026
203179,B,60,16/12/2023,
203180,P,62,24/12/2024,
203181,A,60,01/05/2022,
203182,A,44,15/10/2024,
203183,B,55,12/08/2022,
203184,A,32,11/02/2023,
203185,P,44,07/05/2024,
203186,B,36,12/12/2022,
203187,P,38,07/07/2025,
203188,A,33,28/10/2022,
203189,P,58,04/07/2024,
203190,P,60,08/01/2023,
203191,P,30,21/06/2022,
203192,A,48,11/05/2024,
203193,A,52,02/02/2023,
203194,A,53,15/02/2022,
203195,A,42,30/01/2023,
203196,A,46,15/10/2022,
203197,A,53,08/09/2023,
203198,B,33,22/09/2024,28/04/2025
203199,B,52,12/01/2022,01/04/2022
203200,B,28,19/05/2024,06/03/2026
203201,A,45,27/12/2022,
203202,B,62,07/07/2023,19/01/2024
203203,B,50,16/01/2023,
203204,B,48,27/05/2024,
203205,B,32,29/01/2022,
203206,A,53,16/02/2023,
203207,B,64,08/12/2023,
203208,A,61,05/05/2023,
203209,P,44,09/12/2023,
203210,A,56,06/04/2023,
203211,A,40,24/11/2023,
203212,X,49,06/10/2024,
203213,A,29,03/04/2024,
203214,A,25,14/04/2022,
203215,B,30,19/04/2025,11/02/2026
203216,B,44,17/10/2023,05/04/2025
203217,B,37,27/09/2022,12/12/2024
203218,P,61,04/10/2023,
203219,A,44,09/03/2022,
203220,X,59,26/07/2024,01/06/2026
203221,B,54,18/01/2024,
203222,P,50,20/02/2025,
203223,B,59,18/02/2025,03/11/2025
203224,P,51,05/06/2024,
203225,A,40,16/10/2022,
203226,P,32,02/08/2022,
203227,A,31,14/10/2024,
203228,A,38,01/07/2025,
203229,A,55,01/11/2023,
203230,A,61,25/06/2024,
203231,A,22,05/01/2024,
203232,B,33,13/12/2022,
203233,P,45,03/10/2022,
203234,P,29,10/04/2024,
203235,A,54,27/06/2022,
203236,B,38,09/05/2022,06/04/2024
203237,A,39,14/02/2024,
203238,A,30,16/03/2023,
203239,A,36,30/04/2024,
203240,A,55,06/05/2022,
203241,B,18,16/01/2024,
203242,A,70,20/07/2025,
203243,A,45,31/05/2024,
203244,P,36,20/08/2024,
203245,A,50,31/10/2022,
203246,B,26,22/10/2023,
203247,B,42,30/12/2022,29/05/2023
203248,A,46,09/03/2022,
203249,A,57,08/06/2022,
203250,P,36,15/09/2024,
203251,A,39,21/02/2022,
203252,A,47,08/07/2023,
203253,B,37,06/08/2023,
203254,B,69,23/01/2024,
203255,B,54,02/01/2022,20/03/2024
203256,A,43,08/02/2024,
203257,A,44,14/07/2022,
203258,A,57,06/07/2022,
203259,P,51,26/04/2025,
203260,P,52,17/10/2024,
203261,A,59,08/10/2024,
203262,A,57,12/06/2025,
203263,A,22,18/03/2025,
203264,B,18,19/11/2024,
203265,P,51,01/05/2023,
203266,A,57,02/09/2022,
203267,A,42,20/07/2024,
203268,A,40,18/03/2023,
203269,B,46,13/11/2023,17/07/2025
203270,A,27,20/06/2025,
203271,P,58,29/08/2023,
203272,A,28,20/05/2022,
203273,B,61,03/08/2023,15/01/2026
203274,P,42,08/07/2024,
203275,B,33,01/06/2025,
203276,A,39,06/05/2023,
203277,B,53,09/02/2024,
203278,A,44,28/08/2023,
203279,A,48,09/06/2023,
203280,B,41,27/04/2025,
203281,B,38,26/05/2023,
203282,A,50,17/04/2025,
203283,A,18,10/05/2023,
203284,A,60,06/07/2022,
203285,B,23,06/11/2024,
203286,P,37,07/05/2022,
203287,P,35,09/03/2025,
203288,P,35,27/07/2023,
203289,A,56,26/10/2024,
203290,A,34,29/03/2022,
203291,B,37,11/06/2024,
203292,A,80,18/10/2024,
203293,B,56,16/09/2022,
203294,A,33,15/12/2022,
203295,P,42,05/05/2024,
203296,A,47,18/10/2024,
203297,A,51,03/05/2025,
203298,B,34,02/03/2023,15/04/2025
203299,A,33,28/09/2024,
203300,P,61,20/02/2025,
203301,B,46,19/12/2022,
203302,A,35,22/01/2023,
203303,P,53,07/05/2025,
203304,A,47,20/01/2023,
203305,A,64,07/05/2022,
203306,A,36,15/11/2023,
203307,A,74,22/12/2024,
203308,B,41,20/01/2022,
203309,A,70,02/03/2023,
203310,A,36,24/01/2023,
203311,A,24,13/02/2025,
203312,A,40,30/05/2023,
203313,A,56,11/04/2023,
203314,P,58,12/07/2023,
203315,P,42,29/11/2023,
203316,P,44,02/11/2022,
203317,B,65,18/04/2024,10/07/2024
203318,B,47,08/02/2025,
203319,A,21,10/12/2024,
203320,B,60,10/04/2022,
203321,A,41,05/01/2023,
203322,A,37,12/11/2023,
203323,A,37,22/04/2024,
203324,A,47,15/11/2022,
203325,A,30,07/08/2023,
203326,A,26,12/02/2024,
203327,P,43,11/12/2024,
203328,A,19,05/10/2023,
203329,B,35,24/10/2023,
203330,A,51,22/11/2024,
203331,B,42,06/12/2023,
203332,A,47,17/12/2022,
203333,A,52,28/07/2023,
203334,A,18,20/10/2023,
203335,P,72,09/10/2023,
203336,P,38,26/11/2024,
203337,P,38,16/05/2024,
203338,P,53,31/03/2025,
203339,P,52,06/08/2024,
203340,B,31,26/11/2022,
203341,B,31,05/10/2022,
203342,P,31,11/04/2022,
203343,A,40,16/02/2022,
203344,X,47,06/07/2023,
203345,A,27,23/07/2023,
203346,A,32,09/09/2024,
203347,A,70,26/01/2024,
203348,B,25,18/12/2023,03/05/2024
203349,A,49,18/04/2022,
203350,A,30,10/04/2022,
203351,A,36,04/11/2022,
203352,A,25,13/07/2024,
203353,B,41,27/12/2024,
203354,B,58,02/01/2022,
203355,P,52,08/01/2023,
203356,P,32,22/04/2024,
203357,A,46,28/07/2024,
203358,A,24,22/08/2024,
203359,A,43,04/12/2022,
203360,A,53,22/03/2025,
203361,A,34,16/05/2023,
203362,A,48,27/12/2022,
203363,P,40,21/12/2024,
203364,A,42,30/07/2024,
203365,A,41,08/09/2023,
203366,A,24,06/11/2022,
203367,P,70,05/09/2022,
203368,B,62,09/12/2023,07/10/2024
203369,A,36,23/12/2022,
203370,A,34,16/11/2024,
203371,B,48,09/11/2024,
203372,A,56,23/01/2022,
203373,A,43,16/09/2022,
203374,A,23,18/06/2024,
203375,A,48,08/05/2022,
203376,A,44,12/10/2022,
203377,A,42,13/05/2025,
203378,P,63,24/01/2024,
203379,B,45,21/08/2024,02/02/2027
203380,P,52,16/05/2025,
203381,B,50,20/01/2025,20/12/2026
203382,A,53,20/08/2023,
203383,A,38,23/02/2024,
203384,X,67,01/02/2025,23/10/2026
203385,A,41,09/03/2024,
203386,B,49,20/04/2024,
203387,P,61,08/06/2023,
203388,B,48,31/05/2024,
203389,A,36,26/05/2024,
203390,B,61,30/03/2022,02/04/2024
203391,X,43,19/01/2024,
203392,A,48,15/09/2022,
203393,A,46,25/12/2022,
203394,A,43,02/01/2025,
203395,B,46,21/12/2024,
203396,A,42,18/09/2024,
203397,B,46,08/02/2022,
203398,P,38,14/07/2024,
203399,B,71,05/11/2022,15/01/2024
203400,A,62,22/11/2023,
203401,A,36,08/01/2022,
203402,P,33,22/08/2022,
203403,P,61,07/11/2022,
203404,B,59,28/07/2023,
203405,A,27,18/01/2023,
203406,A,62,14/11/2023,
203407,P,46,09/07/2025,
203408,A,33,20/10/2023,
203409,A,42,04/10/2022,
203410,B,52,18/11/2024,
203411,B,53,28/05/2023,04/07/2024
203412,A,83,11/05/2022,
203413,B,50,11/01/2025,
203414,A,42,21/02/2023,
203415,A,65,22/09/2023,
203416,P,55,23/06/2022,
203417,A,47,20/10/2022,
203418,A,46,15/02/2023,
203419,P,27,14/02/2024,
203420,B,50,24/03/2023,
203421,A,30,05/01/2022,
203422,A,48,28/06/2024,
203423,A,48,12/02/2023,
203424,A,37,05/05/2023,
203425,B,44,23/01/2023,16/01/2025
203426,A,51,26/12/2024,
203427,P,40,19/06/2024,
203428,A,35,17/07/2022,
203429,A,28,01/06/2024,
203430,B,44,13/01/2022,
203431,B,61,04/01/2024,
203432,A,45,14/12/2023,
203433,A,40,26/04/2025,
203434,A,36,18/09/2024,
203435,P,27,28/09/2022,
203436,A,60,30/11/2023,
203437,P,38,12/10/2023,
203438,A,38,01/07/2025,
203439,B,39,13/10/2022,12/08/2023
203440,A,37,05/05/2025,
203441,P,44,04/03/2024,
203442,B,39,14/06/2025,31/12/2025
203443,A,42,25/04/2023,
203444,P,46,27/02/2023,
203445,B,63,31/10/2024,
203446,A,35,27/12/2024,
203447,A,62,06/11/2022,
203448,A,38,25/07/2024,
203449,X,36,17/06/2025,18/03/2027
203450,B,64,13/09/2023,
203451,A,50,19/03/2025,
203452,B,40,22/08/2023,07/08/2025
203453,A,36,27/04/2024,
203454,A,40,09/03/2025,
203455,A,23,03/02/2024,
203456,A,60,10/05/2025,
203457,A,34,17/08/2024,
203458,A,57,16/06/2024,
203459,A,37,30/10/2022,
203460,B,48,17/08/2023,
203461,P,38,12/01/2025,
203462,P,23,03/05/2022,
203463,A,43,24/08/2024,
203464,B,37,09/02/2023,
203465,A,51,28/01/2024,
203466,B,41,16/01/2025,
203467,P,72,24/05/2024,
203468,A,18,04/11/2024,
203469,A,33,30/10/2022,
203470,A,33,03/02/2023,
203471,A,25,17/03/2025,
203472,B,27,18/11/2023,
203473,B,35,27/02/2024,
203474,B,58,02/06/2023,13/10/2025
203475,A,66,07/01/2022,
203476,B,59,14/05/2022,
203477,A,36,16/05/2022,
203478,B,55,03/04/2023,
203479,P,53,03/08/2023,
203480,A,52,06/03/2022,
203481,B,64,11/10/2024,
203482,B,39,30/07/2022,
203483,A,47,11/10/2024,
203484,P,69,23/08/2022,
203485,A,63,22/09/2022,
203486,B,36,14/02/2023,
203487,A,63,26/10/2023,
203488,A,56,21/11/2023,
203489,B,52,29/01/2025,
203490,X,37,05/09/2024,
203491,P,37,05/07/2022,
203492,A,35,26/08/2024,
203493,B,24,26/09/2022,
203494,P,64,16/04/2023,
203495,A,47,15/06/2023,
203496,B,42,13/12/2022,
203497,B,26,21/03/2025,11/03/2027
203498,A,29,11/04/2023,
203499,A,58,17/07/2022,
203500,B,35,21/04/2025,
203501,A,48,22/07/2022,
203502,B,24,29/12/2024,
203503,A,51,16/04/2022,
203504,A,54,04/09/2023,
203505,A,39,14/07/2022,
203506,A,30,15/07/2022,
203507,A,61,03/02/2022,
203508,A,56,27/07/2022,
203509,A,54,01/06/2022,
203510,A,41,14/04/2025,
203511,A,47,04/11/2023,
203512,A,55,14/05/2024,
203513,A,31,31/12/2024,
203514,P,41,19/03/2022,
203515,A,29,17/03/2022,
203516,B,39,02/08/2024,
203517,X,34,23/12/2022,
203518,P,50,10/06/2024,
203519,A,56,07/09/2024,
203520,B,30,30/08/2022,
203521,X,78,14/05/2022,08/07/2022
203522,A,46,29/10/2023,
203523,P,52,11/08/2024,
203524,B,32,10/08/2024,
203525,A,53,29/10/2022,
203526,A,37,25/07/2023,
203527,A,38,16/07/2023,
203528,A,35,11/06/2025,
203529,A,54,26/10/2022,
203530,B,61,07/11/2024,
203531,A,50,29/04/2023,
203532,X,57,03/06/2022,
203533,B,39,03/03/2024,14/06/2026
203534,X,31,26/12/2023,
203535,P,42,28/06/2024,
203536,A,28,12/07/2025,
203537,P,43,26/07/2023,
203538,B,51,27/01/2023,
203539,P,60,23/01/2023,
203540,B,44,11/05/2022,
203541,P,37,22/09/2022,
203542,A,18,14/02/2024,
203543,A,48,22/06/2025,
203544,B,34,01/02/2022,
203545,A,51,27/10/2023,
203546,B,54,26/04/2024,
203547,A,35,18/04/2023,
203548,A,57,31/10/2022,
203549,B,65,29/01/2025,
203550,B,47,05/03/2024,
203551,A,47,25/09/2023,
203552,B,40,02/02/2024,
203553,A,34,08/08/2024,
203554,A,25,19/01/2024,
203555,A,53,18/01/2025,
203556,B,40,20/07/2025,
203557,A,51,11/10/2024,
203558,A,59,20/05/2024,
203559,B,35,17/02/2023,
203560,X,54,14/06/2022,26/02/2024
203561,P,34,25/10/2022,
203562,A,44,21/03/2023,
203563,A,53,02/01/2024,
203564,B,48,20/09/2023,15/04/2025
203565,P,32,03/06/2022,
203566,B,48,24/03/2025,
203567,B,51,05/01/2023,
203568,P,18,20/09/2023,
203569,A,26,31/07/2024,
203570,P,28,08/10/2022,
203571,B,18,29/02/2024,20/11/2025
203572,A,44,02/03/2023,
203573,A,18,19/09/2024,
203574,B,18,24/12/2024,26/05/2027
203575,A,21,19/09/2023,
203576,B,65,10/03/2024,
203577,A,49,12/07/2022,
203578,A,46,16/10/2023,
203579,A,60,20/03/2025,
203580,A,31,14/08/2024,
203581,A,57,29/09/2022,
203582,B,37,12/11/2024,
203583,A,33,08/09/2024,
203584,B,50,05/10/2023,03/06/2024
203585,A,49,04/01/2022,
203586,P,43,04/02/2025,
203587,A,40,07/03/2022,
203588,A,57,13/03/2022,
203589,A,33,26/11/2023,
203590,P,63,31/05/2022,
203591,B,58,03/12/2022,21/02/2024
203592,A,47,20/07/2025,
203593,A,36,18/07/2023,
203594,A,50,25/05/2022,
203595,A,45,10/02/2025,
203596,P,48,23/08/2023,
203597,A,26,27/02/2024,
203598,A,47,05/12/2022,
203599,A,75,14/02/2023,
203600,B,43,30/01/2025,
203601,A,32,01/04/2022,
203602,A,64,11/01/2025,
203603,A,72,23/08/2022,
203604,A,47,13/04/2025,
203605,A,44,26/04/2022,
203606,A,40,08/03/2023,
203607,B,71,09/12/2022,
203608,A,62,25/02/2024,
203609,B,18,01/11/2024,24/07/2025
203610,A,67,24/07/2023,
203611,A,52,12/06/2024,
203612,B,42,30/07/2022,
203613,A,46,12/09/2023,
203614,X,51,24/05/2025,04/10/2026
203615,P,46,24/10/2022,
203616,A,50,03/10/2022,
203617,B,40,12/06/2022,
203618,P,40,21/04/2023,
203619,A,40,01/07/2024,
203620,P,46,21/03/2025,
203621,B,23,21/10/2024,07/04/2026
203622,P,55,18/05/2025,
203623,A,27,24/04/2025,
203624,B,58,18/03/2022,
203625,A,45,10/08/2023,
203626,A,48,14/02/2025,
203627,A,27,18/05/2025,
203628,P,45,04/10/2022,
203629,A,51,03/05/2022,
203630,P,37,25/04/2025,
203631,B,18,10/09/2022,
203632,A,69,16/06/2022,
203633,A,37,28/08/2022,
203634,P,53,09/12/2024,
203635,A,43,30/06/2022,
203636,A,60,20/10/2022,
203637,A,43,08/07/2022,
203638,A,49,03/10/2022,
203639,B,47,25/03/2022,26/05/2024
203640,A,20,05/09/2022,
203641,B,64,07/01/2023,
203642,B,26,27/06/2023,
203643,A,58,28/05/2024,
203644,A,54,06/11/2022,
203645,A,43,06/03/2024,
203646,A,38,06/05/2023,
203647,A,39,04/04/2023,
203648,B,43,23/03/2023,
203649,A,73,28/02/2025,
203650,A,53,06/02/2025,
203651,P,40,16/05/2022,
203652,A,41,27/12/2023,
203653,P,30,18/07/2022,
203654,B,63,02/05/2022,22/09/2023
203655,B,42,23/01/2022,
203656,A,42,19/07/2023,
203657,P,38,08/01/2024,
203658,B,47,14/07/2025,
203659,B,43,19/09/2023,
203660,B,37,12/09/2024,16/11/2024
203661,A,45,06/03/2025,
203662,A,59,07/01/2024,
203663,A,46,15/08/2022,
203664,A,49,05/05/2022,
203665,A,39,23/08/2024,
203666,A,45,15/07/2025,
203667,A,46,28/08/2023,
203668,A,44,04/01/2022,
203669,A,60,08/12/2023,
203670,A,32,08/01/2022,
203671,A,41,01/06/2023,
203672,A,53,04/01/2023,
203673,A,44,15/02/2025,
203674,B,39,23/07/2024,
203675,A,66,16/01/2022,
203676,A,31,11/09/2023,
203677,P,59,05/02/2022,
203678,A,39,22/06/2022,
203679,B,51,17/02/2024,
203680,A,44,24/05/2022,
203681,P,24,01/08/2023,
203682,P,46,19/10/2024,
203683,A,27,10/11/2022,
203684,P,32,01/09/2022,
203685,A,46,24/06/2022,
203686,B,32,18/07/2024,
203687,B,47,15/01/2024,18/02/2025
203688,X,44,30/04/2023,
203689,P,38,25/09/2023,
203690,B,54,02/04/2023,
203691,B,51,26/09/2022,
203692,A,31,11/09/2024,
203693,B,21,23/05/2025,10/06/2027
203694,B,35,15/10/2022,23/07/2024
203695,A,68,30/07/2022,
203696,A,49,11/06/2024,
203697,B,46,26/10/2022,
203698,A,47,04/09/2024,
203699,A,41,15/02/2024,
203700,A,33,03/10/2023,
203701,B,34,14/06/2022,
203702,A,30,17/07/2024,
203703,B,36,17/04/2024,
203704,B,44,23/06/2025,
203705,A,43,05/01/2023,
203706,B,56,05/07/2024,
203707,A,31,20/07/2025,
203708,P,48,18/04/2022,
203709,A,63,22/02/2025,
203710,A,43,25/03/2024,
203710,A,73,13/05/2025,
203712,A,64,12/11/2024,
203713,A,45,11/09/2023,
203714,B,62,20/11/2022,
203715,P,64,09/06/2022,
203716,A,53,29/07/2022,
203717,P,41,04/01/2023,
203718,B,50,20/09/2024,
203719,A,41,12/08/2023,
203720,P,32,13/02/2023,
203721,A,55,23/05/2025,
203722,B,49,03/05/2023,
203723,A,18,30/03/2025,
203724,B,39,18/09/2022,
203725,B,47,10/05/2025,
203726,A,42,21/06/2024,
203727,A,54,25/03/2023,
203728,P,43,01/01/2023,
203729,P,37,06/02/2023,
203730,B,28,16/01/2024,
203731,B,53,02/07/2022,
203732,A,53,30/07/2024,
203733,B,80,18/05/2025,
203734,B,26,14/09/2022,
203735,A,46,21/06/2024,
203736,A,44,05/05/2023,
203737,A,51,18/06/2022,
203738,A,63,24/08/2023,
203739,P,43,02/01/2023,
203740,B,40,14/10/2023,
203741,A,62,12/06/2023,
203742,A,59,09/03/2024,
203743,A,32,11/06/2023,
203744,A,46,01/04/2022,
203745,A,55,11/10/2023,
203746,A,43,26/09/2023,
203747,X,57,12/03/2024,
203748,P,44,17/01/2023,
203749,A,62,06/05/2023,
203750,A,33,20/04/2023,
203751,A,18,20/01/2024,
203752,A,51,10/01/2022,
203753,A,49,15/10/2023,
203754,A,28,13/04/2025,
203755,A,47,08/04/2024,
203756,B,37,18/07/2022,
203757,A,51,24/09/2023,
203758,A,37,23/08/2024,
203759,B,57,22/01/2024,
203760,A,55,11/08/2023,
203761,B,61,13/04/2023,30/08/2024
203762,A,42,02/10/2022,
203763,A,42,01/05/2024,
203764,A,42,26/09/2022,
203765,A,44,23/10/2022,
203766,X,52,16/05/2023,
203767,A,58,30/05/2023,
203768,A,35,18/01/2024,
203769,P,47,31/08/2022,
203770,A,58,06/02/2022,
203771,A,42,17/04/2023,
203772,B,42,27/05/2022,
203773,A,44,30/05/2022,
203774,B,30,26/08/2024,
203775,B,37,26/05/2022,21/08/2024
203776,B,26,30/12/2024,14/12/2025
203777,A,53,02/12/2022,
203778,A,59,03/04/2024,
203779,A,32,15/09/2022,
203780,B,46,17/08/2022,
203781,A,51,02/05/2024,
203782,B,56,05/10/2022,
203783,A,42,27/10/2023,
203784,A,31,18/01/2024,
203785,B,53,04/09/2023,
203786,A,42,20/03/2022,
203787,B,44,21/03/2023,
203788,B,34,23/10/2023,
203789,B,49,16/06/2024,
203790,B,48,24/05/2022,25/09/2022
203791,A,59,02/01/2022,
203792,A,69,17/06/2024,
203793,A,47,04/03/2023,
203794,A,43,18/11/2024,
203795,A,50,14/11/2024,
203796,X,43,06/10/2022,
203797,B,36,19/08/2024,
203798,A,61,05/07/2023,
203799,A,51,21/07/2025,
203800,B,47,11/02/2023,
203801,B,22,15/09/2023,21/09/2024
203802,B,51,06/10/2022,29/06/2023
203803,P,66,19/07/2023,
203804,B,48,23/04/2023,
203805,A,49,12/12/2024,
203806,A,39,06/03/2025,
203807,A,53,07/09/2023,
203808,A,37,05/01/2022,
203809,P,33,04/02/2025,
203810,P,36,07/07/2024,
203811,B,35,01/03/2022,
203812,A,53,13/11/2022,
203813,A,30,11/09/2023,
203814,A,47,01/08/2024,
203815,X,66,28/04/2022,30/09/2024
203816,B,23,04/02/2025,16/07/2027
203817,A,48,05/08/2023,
203818,A,57,02/01/2024,
203819,P,40,25/05/2025,
203820,B,41,06/01/2024,
203821,B,52,14/10/2023,
203822,B,56,07/09/2023,
203823,B,40,07/10/2024,
203824,P,46,13/06/2024,
203825,P,52,05/06/2025,
203826,P,24,30/12/2022,
203827,P,45,05/10/2023,
203828,P,42,23/03/2023,
203829,A,48,25/05/2022,
203830,A,41,26/11/2024,
203831,A,53,09/02/2024,
203832,P,41,24/07/2024,
203833,A,29,17/06/2022,
203834,A,58,12/04/2023,
203835,A,63,21/05/2022,
203836,A,62,09/11/2023,
203837,B,49,22/10/2023,
203838,A,45,07/04/2025,
203839,A,48,03/06/2022,
203840,B,41,07/11/2023,
203841,B,45,29/05/2022,
203842,A,30,08/03/2022,
203843,A,56,18/09/2024,
203844,A,34,24/11/2023,
203845,P,33,14/01/2025,
203846,A,51,06/04/2025,
203847,P,18,06/03/2023,
203848,A,23,21/09/2023,
203849,P,34,11/04/2025,
203850,B,30,20/09/2023,
203851,A,51,14/11/2023,
203852,P,50,28/04/2022,
203853,B,40,08/07/2022,
203854,B,61,01/06/2024,
203855,A,44,17/12/2022,
203856,B,38,01/05/2022,
203857,A,30,13/01/2023,
203858,A,72,15/11/2022,
203859,B,27,30/10/2024,
203860,A,18,08/06/2022,
203860,P,40,20/02/2024,
203862,A,31,05/09/2024,
203863,B,68,29/05/2024,
203864,A,57,22/07/2025,
203865,A,61,31/05/2024,
203866,B,59,30/04/2023,14/02/2025
203867,A,29,26/01/2024,
203868,B,59,12/11/2022,06/03/2024
203869,A,42,05/09/2022,
203870,A,45,19/06/2023,
203871,A,71,03/01/2023,
203872,A,29,02/08/2024,
203873,B,56,21/03/2023,
203874,A,55,09/05/2022,
203875,B,57,11/02/2024,
203876,A,75,03/07/2025,
203877,B,51,31/01/2024,
203878,P,45,23/07/2023,
203879,B,49,27/02/2022,11/05/2024
203880,B,40,28/05/2023,23/02/2025
203881,A,28,08/05/2023,
203882,B,36,30/07/2023,
203883,P,58,28/01/2025,
203884,A,28,05/08/2022,
203885,A,48,05/04/2023,
203886,A,27,29/06/2023,
203887,A,45,22/11/2023,
203888,B,42,02/01/2025,13/03/2026
203889,B,50,20/05/2023,
203890,A,56,01/10/2022,
203891,A,49,04/01/2023,
203892,A,35,01/02/2024,
203893,A,59,25/01/2024,
203894,A,46,17/02/2024,
203895,A,54,04/04/2023,
203896,P,43,24/02/2024,
203897,X,52,04/03/2022,
203898,B,24,14/08/2023,
203899,B,33,11/04/2022,
203900,A,30,02/09/2023,
203901,A,33,08/09/2024,
203902,A,33,07/12/2024,
203903,P,49,28/04/2024,
203904,A,35,27/01/2024,
203905,B,40,03/12/2022,23/02/2025
203906,P,39,29/11/2024,
203907,B,63,08/05/2023,18/10/2025
203908,B,51,22/11/2023,13/08/2025
203909,B,34,23/01/2024,28/06/2024
203910,A,50,12/08/2024,
203911,P,48,15/02/2025,
203912,A,36,11/08/2024,
203913,B,42,27/08/2024,
203914,B,35,14/07/2024,
203915,A,45,28/05/2025,
203916,A,29,28/01/2025,
203917,B,44,29/12/2024,
203918,A,67,08/06/2024,
203919,B,49,08/08/2024,
203920,B,23,25/01/2025,
203921,B,46,31/01/2024,12/09/2025
203922,B,40,04/06/2023,
203923,P,38,27/07/2024,
203924,B,38,15/07/2022,15/12/2023
203925,A,55,20/05/2022,
203926,A,47,08/02/2025,
203927,A,23,15/08/2022,
203928,P,37,03/01/2025,
203929,A,67,25/02/2022,
203930,B,56,18/11/2023,
203931,A,19,16/05/2024,
203932,A,45,28/02/2023,
203933,B,63,30/10/2024,
203934,X,41,13/02/2022,
203935,A,58,11/06/2022,
203936,A,65,13/12/2022,
203937,A,70,07/12/2022,
203938,A,59,20/11/2022,
203939,A,52,18/07/2024,
203940,A,61,05/01/2022,
203941,X,54,05/05/2022,03/12/2022
203942,B,26,03/01/2025,
203943,P,46,19/05/2024,
203944,X,40,07/02/2025,
203945,A,36,10/12/2024,
203946,X,47,16/01/2023,
203947,A,48,08/07/2022,
203948,X,48,09/09/2022,
203949,P,38,31/08/2024,
203950,B,50,31/03/2025,
203951,B,48,12/11/2022,15/03/2025
203952,A,19,24/02/2025,
203953,A,41,23/09/2024,
203954,B,46,14/02/2025,
203955,A,66,13/04/2023,
203956,A,22,18/10/2022,
203957,A,48,27/01/2023,
203958,A,40,20/01/2024,
203959,B,32,05/04/2025,
203960,B,59,12/08/2024,
203961,A,85,19/07/2025,
203962,A,38,22/09/2024,
203963,A,59,12/01/2022,
203964,A,42,06/05/2022,
203965,B,56,20/07/2022,
203966,A,50,18/02/2023,
203967,B,40,19/08/2022,
203968,A,46,21/07/2024,
203969,B,26,16/12/2023,
203970,P,53,06/10/2022,
203971,A,33,25/03/2025,
203972,A,38,26/12/2022,
203973,B,59,20/12/2024,18/12/2025
203974,B,18,18/02/2025,
203975,P,41,05/08/2022,
203976,B,48,18/05/2024,18/08/2025
203977,A,59,06/01/2024,
203978,A,44,10/02/2024,
203979,B,32,28/03/2023,
203980,A,53,19/05/2022,
203981,A,28,06/11/2022,
203982,B,46,19/03/2022,22/12/2023
203983,A,39,04/01/2024,
203984,A,30,18/01/2024,
203985,B,34,25/04/2024,13/06/2024
203986,A,35,12/01/2025,
203987,A,38,25/09/2022,
203988,P,49,30/01/2024,
203989,B,39,03/03/2024,
203990,A,39,29/05/2022,
203991,A,47,18/06/2022,
203992,B,31,20/12/2022,
203993,A,49,15/01/2024,
203994,P,18,25/02/2025,
203995,A,43,12/08/2023,
203996,P,24,16/02/2022,
203997,B,42,31/07/2023,
203998,B,54,01/09/2023,
203999,A,32,28/10/2022,
204000,P,52,02/12/2023,
204001,P,46,29/01/2023,
204002,B,56,09/06/2024,
204003,P,25,07/02/2022,
204004,B,42,04/04/2023,
204005,A,54,12/08/2022,
204006,A,18,27/03/2025,
204007,A,51,29/10/2023,
204008,B,47,14/03/2024,
204009,A,27,24/03/2023,
204010,B,36,18/07/2022,26/06/2023
204011,A,58,03/09/2022,
204012,A,49,13/02/2022,
204013,A,44,05/09/2023,
204014,A,56,02/06/2025,
204015,B,51,12/08/2023,
204016,B,46,21/02/2024,06/05/2024
204017,B,48,10/06/2023,12/02/2025
204018,P,56,19/02/2022,
204019,A,18,10/12/2023,
204020,P,49,01/01/2022,
204021,P,47,10/01/2022,
204022,B,67,11/04/2022,
204023,B,53,23/07/2023,
204024,P,33,07/05/2022,
204025,B,37,22/08/2023,
204026,P,43,26/07/2022,
204027,P,48,11/03/2023,
204028,P,45,05/09/2024,
204029,B,22,05/07/2023,
204030,P,43,22/01/2025,
204031,B,29,15/08/2023,29/04/2024
204032,A,54,26/02/2022,
204033,B,39,14/02/2022,
204034,B,41,22/08/2023,07/06/2024
204035,P,28,04/09/2023,
204036,B,40,08/11/2024,
204037,B,32,27/01/2023,24/10/2024
204038,B,39,13/05/2025,30/04/2027
204039,P,45,18/11/2023,
204040,A,55,25/06/2022,
204041,B,35,23/08/2024,23/03/2025
204042,P,28,06/09/2022,
204043,X,63,19/03/2025,05/07/2025
204044,B,23,28/06/2023,26/09/2025
204045,A,46,02/06/2022,
204046,B,36,01/01/2025,
204047,A,52,13/05/2024,
204048,A,38,07/08/2023,
204049,A,40,08/05/2025,
204050,A,57,05/04/2022,
204051,A,47,29/12/2024,
204052,A,29,20/09/2024,
204053,B,38,15/01/2024,
204054,B,43,26/03/2022,
204055,B,59,01/11/2024,
204056,A,25,17/01/2025,
204057,A,39,06/04/2025,
204058,P,40,29/04/2024,
204059,P,63,14/04/2024,
204060,A,40,16/06/2025,
204061,B,37,08/08/2022,
204062,B,48,03/10/2022,08/09/2023
204063,A,44,29/03/2023,
204064,B,63,12/02/2024,
204065,A,32,06/08/2023,
204066,A,72,16/03/2022,
204067,A,54,17/08/2023,
204068,P,54,12/03/2023,
204069,P,66,07/09/2023,
204070,A,18,09/10/2022,
204071,B,29,16/09/2022,30/10/2023
204072,A,43,06/05/2023,
204073,A,63,10/02/2023,
204074,A,42,13/09/2023,
204075,B,40,13/05/2025,07/06/2026
204076,A,40,13/06/2022,
204077,B,34,10/11/2023,
204078,A,33,28/03/2023,
204079,B,57,07/06/2023,
204080,A,31,07/01/2025,
204081,A,18,14/11/2024,
204082,B,32,09/10/2023,
204083,A,58,09/05/2023,
204084,X,38,27/12/2023,
204085,P,39,17/05/2025,
204086,A,51,24/10/2023,
204087,A,34,05/02/2025,
204088,A,52,21/03/2024,
204089,B,37,27/01/2024,
204090,A,51,03/02/2025,
204091,A,29,06/06/2022,
204092,A,65,18/01/2024,
204093,A,36,04/03/2023,
204094,P,59,07/07/2023,
204095,B,22,03/09/2022,
204096,A,61,14/10/2024,
204097,B,41,15/10/2023,16/02/2026
204098,A,27,15/03/2023,
204099,A,40,24/02/2022,
204100,P,55,24/10/2023,
204101,A,31,04/10/2024,
204102,B,60,23/12/2023,26/07/2025
204103,A,26,04/03/2025,
204104,A,55,25/05/2025,
204105,B,27,08/09/2024,
204106,A,50,07/10/2024,
204107,A,45,29/01/2025,
204108,A,35,09/09/2024,
204109,A,73,10/06/2022,
204110,B,27,13/10/2024,
204111,A,20,03/12/2024,
204112,A,55,20/06/2025,
204113,A,42,10/03/2022,
204114,B,60,02/07/2022,02/11/2022
204115,X,43,23/11/2022,
204116,B,60,12/09/2022,
204117,B,65,14/03/2024,
204118,P,48,19/11/2023,
204119,B,46,14/05/2025,20/10/2025
204120,A,40,20/11/2022,
204121,A,42,12/08/2023,
204122,A,46,09/12/2023,
204123,A,66,19/02/2025,
204124,A,19,04/05/2024,
204125,B,54,30/05/2024,27/06/2026
204126,B,46,11/09/2024,21/12/2025
204127,P,36,09/03/2022,
204128,P,48,16/01/2025,
204129,B,51,03/03/2022,
204130,P,49,24/11/2024,
204131,P,51,21/07/2022,
204132,A,33,11/01/2023,
204133,A,54,13/07/2022,
204134,B,29,06/06/2025,
204135,A,66,07/07/2024,
204136,A,63,30/05/2022,
204137,B,38,26/07/2022,15/11/2022
204138,A,49,13/07/2024,
204139,A,42,27/06/2022,
204140,P,73,17/07/2022,
204141,A,37,06/12/2023,
204142,B,40,18/01/2022,
204143,A,35,11/12/2024,
204144,B,27,14/11/2022,17/08/2024
204145,P,44,16/07/2023,
204146,A,53,07/11/2024,
204147,A,51,24/01/2022,
204148,A,26,15/07/2025,
204149,A,57,18/04/2022,
204150,B,50,23/02/2022,
204151,P,52,27/09/2023,
204152,A,44,20/07/2023,
204153,A,30,20/06/2023,
204154,P,27,22/02/2025,
204155,B,43,09/02/2024,
204156,A,67,14/10/2024,
204157,B,45,15/10/2024,
204158,B,66,19/09/2023,01/08/2024
204159,X,60,23/04/2025,22/05/2027
204160,B,45,10/07/2025,
204161,A,42,24/04/2023,
204162,A,39,18/06/2022,
204163,A,43,23/01/2024,
204164,P,49,14/08/2022,
204165,B,38,25/03/2025,23/07/2025
204166,A,57,17/06/2025,
204167,A,57,22/10/2022,
204168,A,36,09/06/2024,
204169,P,57,05/05/2024,
204170,A,49,30/05/2025,
204171,P,42,24/11/2022,
204172,P,36,30/07/2022,
204173,A,43,03/07/2024,
204174,B,67,19/04/2025,
204175,P,35,24/05/2025,
204176,B,68,15/07/2022,
204177,P,53,15/06/2024,
204178,P,37,01/05/2024,
204179,B,57,17/09/2023,12/03/2025
204180,B,28,13/09/2022,
204181,B,37,05/08/2022,11/08/2023
204182,A,50,19/05/2022,
204183,B,49,03/02/2023,10/10/2024
204184,B,26,15/12/2023,
204185,P,77,26/03/2023,
204186,A,49,03/02/2025,
204187,X,47,14/08/2024,
204188,A,47,26/07/2023,
204189,A,45,17/10/2022,
204190,A,39,24/04/2025,
204191,A,32,11/12/2022,
204192,A,21,14/03/2023,
204193,A,41,14/01/2025,
204194,A,47,18/08/2024,
204195,P,38,04/01/2023,
204196,A,33,20/12/2023,
204197,P,26,15/06/2023,
204198,A,39,14/11/2023,
204199,P,36,20/01/2022,
204200,P,52,13/12/2022,
204201,B,59,16/08/2022,
204202,B,38,09/03/2025,
204203,B,41,15/03/2025,
204204,A,45,19/12/2024,
204205,A,44,12/06/2022,
204206,A,28,06/01/2024,
204207,A,37,01/01/2023,
204208,X,45,12/11/2024,
204209,A,39,16/10/2024,
204210,B,24,24/09/2023,
204211,A,34,12/11/2024,
204212,B,42,07/04/2022,23/01/2024
204213,A,41,03/11/2022,
204214,P,33,29/11/2023,
204215,B,46,02/11/2022,
204216,A,45,04/02/2023,
204217,A,67,21/07/2025,
204218,P,34,24/03/2024,
204219,B,59,27/01/2023,
204220,A,27,21/12/2022,
204221,A,25,28/09/2024,
204222,B,54,29/03/2025,
204223,A,37,21/02/2022,
204224,B,52,03/04/2024,
204225,B,30,13/06/2023,04/12/2023
204226,B,56,07/12/2024,
204227,A,23,05/01/2023,
204228,B,68,19/05/2023,06/09/2023
204229,A,71,17/01/2023,
204230,A,63,11/05/2023,
204231,B,54,16/09/2022,
204232,A,41,14/02/2025,
204233,A,56,30/01/2023,
204234,P,52,14/05/2025,
204235,A,36,19/05/2025,
204236,A,26,07/06/2023,
204237,A,43,23/02/2024,
204238,B,51,24/07/2022,
204239,P,39,23/01/2023,
204240,P,29,27/03/2022,
204241,A,35,16/04/2022,
204242,B,41,25/04/2023,19/06/2023
204243,A,73,13/12/2024,
204244,B,44,26/01/2024,
204245,B,50,13/01/2025,
204246,A,22,19/06/2023,
204247,A,50,08/04/2023,
204248,P,46,16/01/2024,
204249,A,44,17/10/2022,
204250,B,41,02/07/2024,23/01/2025
204251,B,34,09/05/2025,
204252,A,49,27/08/2022,
204253,P,35,05/10/2024,
204254,A,46,13/09/2024,
204255,P,45,06/08/2022,
204256,B,59,29/03/2024,
204257,A,63,02/09/2024,
204258,A,18,22/05/2022,
204259,A,43,27/09/2024,
204260,A,52,22/11/2023,
204261,A,42,06/09/2022,
204262,A,58,18/04/2022,
204263,P,83,05/11/2023,
204264,A,42,03/06/2025,
204265,A,35,27/11/2024,
204266,X,62,20/03/2023,09/01/2025
204267,A,35,09/12/2022,
204268,B,38,21/07/2025,
204269,P,52,03/11/2024,
204270,A,44,26/07/2022,
204271,A,26,22/11/2022,
204272,P,35,01/12/2022,
204273,B,38,09/03/2023,
204274,A,74,26/06/2025,
204275,A,54,05/08/2022,
204276,A,61,07/02/2023,
204277,B,34,14/02/2023,
204278,B,59,06/09/2024,10/07/2025
204279,X,48,02/08/2023,07/01/2024
204280,A,57,10/05/2023,
204281,P,56,19/10/2022,
204282,A,48,06/05/2022,
204283,A,59,04/08/2024,
204284,B,45,06/03/2024,
204285,A,63,12/04/2024,
204286,X,51,01/06/2022,18/01/2023
204287,P,39,09/06/2025,
204288,A,42,01/05/2023,
204289,B,62,24/04/2022,30/06/2022
204290,A,57,31/12/2022,
204291,B,39,10/11/2022,
204292,P,44,07/07/2024,
204293,B,37,23/02/2023,
204294,A,49,13/12/2022,
204295,A,34,09/02/2022,
204296,A,40,27/02/2025,
204297,P,45,20/07/2023,
204298,B,24,15/12/2023,04/07/2024
204299,P,40,18/04/2025,
204300,B,41,09/09/2022,
204301,B,27,09/09/2022,06/11/2023
204302,A,34,23/09/2023,
204303,A,51,04/03/2025,
204304,B,50,28/01/2024,
204305,B,32,13/07/2022,05/11/2024
204306,A,40,02/03/2024,
204307,A,63,06/11/2022,
204308,A,78,28/05/2023,
204309,A,58,13/01/2024,
204310,A,33,11/09/2023,
204311,A,68,11/06/2025,
204312,P,64,09/12/2023,
204313,A,53,21/01/2025,
204314,B,51,16/01/2024,
204315,B,61,18/02/2025,
204316,P,39,10/03/2023,
204317,X,27,22/02/2024,
204318,A,56,04/09/2024,
204319,X,44,10/01/2022,05/12/2023
204320,A,33,28/04/2022,
204321,P,31,29/04/2025,
204322,B,71,02/04/2023,
204323,B,51,01/12/2023,
204324,A,40,17/01/2023,
204325,A,22,28/05/2025,
204326,P,43,03/01/2023,
204327,B,21,27/04/2024,
204328,A,35,26/02/2024,
204329,A,43,26/06/2022,
204330,P,41,25/10/2023,
204331,A,42,29/09/2023,
204332,A,21,20/06/2025,
204333,A,53,28/12/2022,
204334,B,45,29/09/2022,
204335,P,47,17/07/2023,
204336,B,45,09/07/2025,
204337,A,18,07/12/2024,
204338,A,60,10/03/2025,
204339,A,69,17/01/2025,
204340,A,39,19/06/2024,
204341,A,127,11/01/2022,
204342,A,63,30/12/2024,
204343,A,36,02/05/2024,
204344,A,44,20/09/2024,
204345,B,46,09/05/2024,
204346,B,47,16/03/2022,02/03/2024
204347,X,30,25/07/2022,09/11/2022
204348,B,56,01/09/2023,18/01/2025
204349,P,34,01/07/2025,
204350,A,18,24/12/2023,
204351,P,34,04/08/2023,
204352,A,36,03/10/2023,
204353,A,55,13/01/2022,
204354,A,71,12/05/2025,
204355,A,48,31/05/2022,
204356,A,61,11/02/2025,
204357,X,18,15/03/2023,
204358,P,35,25/09/2022,
204359,A,47,08/10/2024,
204360,P,50,22/02/2023,
204361,B,22,20/06/2025,31/05/2027
204362,A,26,14/09/2024,
204363,A,44,12/05/2023,
204364,A,57,11/07/2022,
204365,B,50,23/01/2022,
204366,A,51,22/05/2025,
204367,P,39,16/07/2022,
204368,A,56,30/07/2024,
204369,P,49,17/03/2022,
204370,X,28,08/08/2022,
204371,A,28,01/12/2024,
204372,B,50,11/09/2023,
204373,A,30,04/08/2022,
204374,A,44,16/11/2023,
204375,B,54,06/02/2024,
204376,P,33,14/01/2025,
204377,A,24,18/12/2023,
204378,B,40,24/02/2025,
204379,B,58,14/06/2023,
204380,A,42,12/06/2024,
204381,P,46,14/06/2022,
204382,B,60,19/11/2022,
204383,B,48,09/03/2025,
204384,A,33,10/02/2025,
204385,A,41,29/08/2022,
204386,A,39,16/08/2023,
204387,A,25,09/10/2024,
204388,A,44,07/08/2024,
204389,A,46,07/03/2025,
204390,A,49,17/08/2022,
204391,A,23,13/08/2023,
204392,P,56,10/10/2022,
204393,A,36,26/06/2025,
204394,A,25,04/03/2023,
204395,A,40,06/03/2025,
204396,B,55,08/01/2022,
204397,A,53,07/04/2023,
204398,A,64,22/11/2022,
204399,B,59,21/12/2024,
204400,B,39,18/12/2022,
204401,B,36,04/08/2024,30/07/2026
204402,B,43,21/12/2024,
204403,A,20,30/01/2025,
204404,A,35,03/07/2022,
204405,A,27,09/09/2023,
204406,A,39,31/08/2023,
204407,A,58,08/10/2024,
204408,A,29,20/06/2025,
204409,A,19,03/04/2023,
204410,A,67,29/06/2022,
204411,A,18,02/02/2023,
204412,P,39,01/01/2024,
204413,P,32,10/11/2024,
204414,A,63,04/01/2024,
204415,B,39,18/06/2024,
204416,B,65,19/05/2022,
204417,B,55,05/06/2023,
204418,P,37,15/07/2024,
204419,B,50,13/04/2025,
204420,P,18,23/03/2022,
204421,P,56,15/12/2024,
204422,P,18,21/12/2022,
204423,B,33,10/07/2022,09/11/2024
204424,A,45,22/05/2023,
204425,B,42,20/11/2022,
204426,B,18,16/04/2024,
204427,B,35,01/01/2025,
204428,B,30,26/03/2023,29/06/2023
204429,A,50,05/10/2024,
204430,A,23,27/04/2025,
204431,P,35,14/08/2024,
204432,A,57,13/04/2025,
204433,B,36,26/04/2022,14/12/2023
204434,P,33,22/05/2022,
204435,B,65,17/04/2025,
204436,A,45,25/03/2022,
204437,A,42,19/04/2022,
204438,A,74,16/03/2024,
204439,A,30,05/02/2025,
204440,P,43,09/06/2022,
204441,B,52,12/04/2022,
204442,A,41,20/03/2022,
204443,B,55,25/03/2022,
204444,A,45,19/06/2022,
204445,A,39,07/05/2023,
204446,B,26,21/11/2022,
204447,A,45,07/03/2023,
204448,B,32,06/03/2023,11/01/2024
204449,A,76,05/09/2024,
204450,A,56,29/10/2024,
204451,A,46,12/03/2025,
204452,A,43,07/09/2023,
204453,A,29,22/03/2025,
204454,A,49,25/06/2022,
204455,P,56,03/12/2024,
204456,A,33,21/02/2022,
204457,A,44,02/09/2024,
204458,A,52,17/12/2022,
204459,B,21,09/02/2023,
204460,B,45,25/06/2023,
204461,A,37,21/05/2024,
204462,A,20,05/04/2025,
204463,P,35,12/05/2022,
204464,A,37,03/08/2023,
204465,A,29,12/05/2022,
204466,A,40,21/02/2024,
204467,B,48,13/04/2022,11/08/2024
204468,X,76,03/07/2023,17/10/2024
204469,A,39,13/06/2025,
204470,A,34,03/10/2023,
204471,B,52,02/12/2024,
204472,A,32,16/01/2022,
204473,A,54,25/08/2024,
204474,A,45,05/07/2023,
204475,B,18,25/12/2023,
204476,X,47,07/08/2023,
204477,A,49,16/04/2024,
204478,A,56,16/10/2023,
204479,A,47,09/08/2024,
204480,A,47,28/07/2023,
204481,B,57,16/03/2025,
204482,A,30,09/02/2023,
204483,A,41,21/05/2023,
204484,B,35,11/06/2024,
204485,B,63,02/05/2022,
204486,B,57,10/06/2023,
204487,P,47,30/12/2024,
204488,B,48,27/03/2022,
204489,B,36,09/01/2025,
204490,B,44,23/01/2024,
204491,B,60,24/02/2025,
204492,A,36,01/07/2023,
204493,A,42,29/12/2024,
204494,A,42,18/04/2022,
204495,A,43,20/10/2024,
204496,A,48,08/10/2023,
204497,B,37,06/04/2024,
204498,A,39,31/03/2022,
204499,A,58,30/07/2022,
204500,A,29,24/05/2025,
204501,A,46,05/12/2022,
204502,A,45,17/10/2024,
204503,A,53,12/07/2022,
204504,B,63,15/06/2023,
204505,A,18,09/05/2023,
204506,A,20,20/05/2025,
204507,B,45,19/01/2023,27/12/2024
204508,A,62,14/06/2024,
204509,P,45,09/10/2024,
204510,A,20,16/11/2022,
204511,A,52,22/12/2023,
204512,P,75,07/02/2024,
204513,A,49,03/12/2023,
204514,A,45,30/07/2022,
204515,P,39,25/03/2024,
204516,A,38,29/09/2024,
204517,A,41,19/12/2023,
204518,B,44,25/01/2022,
204519,A,42,18/06/2025,
204520,P,52,06/09/2022,
204521,B,48,11/05/2024,05/10/2025
204522,A,55,16/07/2023,
204523,A,40,07/10/2024,
204524,A,63,21/06/2022,
204525,A,42,21/12/2024,
204526,A,49,01/05/2022,
204527,A,56,18/02/2022,
204528,B,58,30/04/2024,
204529,A,49,02/07/2022,
204530,A,50,02/12/2023,
204531,P,47,29/08/2022,
204532,A,52,24/07/2024,
204533,B,57,17/01/2025,24/02/2026
204534,P,62,21/06/2024,
204535,A,57,24/03/2023,
204536,A,40,30/08/2023,
204537,A,18,08/07/2023,
204538,B,60,23/06/2024,
204539,A,41,17/03/2023,
204540,A,29,07/06/2022,
204541,A,62,26/08/2024,
204542,B,37,15/07/2022,23/10/2024
204543,P,38,30/10/2024,
204544,B,18,18/09/2022,
204545,A,46,18/11/2023,
204546,A,45,06/07/2023,
204547,A,55,14/08/2022,
204548,X,47,31/10/2023,03/04/2025
204549,P,47,26/04/2023,
204550,A,56,10/02/2024,
204551,A,34,07/10/2023,
204552,P,41,23/11/2022,
204553,A,58,24/11/2023,
204554,B,49,31/03/2022,05/10/2022
204555,A,30,06/01/2023,
204556,B,37,27/01/2024,
204557,A,59,10/02/2024,
204558,A,49,25/01/2022,
204559,B,60,20/08/2023,
204560,A,64,25/01/2024,
204561,A,32,16/06/2023,
204562,A,47,02/01/2023,
204563,B,39,10/04/2022,
204564,A,49,02/07/2025,
204565,A,52,13/09/2024,
204566,A,48,06/04/2025,
204567,A,39,22/08/2023,
204568,A,18,23/03/2023,
204569,A,24,14/02/2025,
204570,B,46,23/12/2024,
204571,B,46,11/01/2025,
204571,A,46,20/06/2024,
204573,A,50,15/01/2025,
204574,A,43,13/08/2024,
204575,B,55,25/12/2024,13/11/2025
204576,B,48,16/05/2023,
204577,A,33,28/10/2022,
204578,A,26,13/01/2024,
204579,B,42,17/02/2023,30/12/2024
204580,A,51,11/09/2023,
204581,A,36,25/03/2023,
204582,B,40,19/03/2023,
204583,B,61,31/10/2023,
204584,A,44,25/01/2023,
204585,A,33,11/03/2023,
204586,A,69,22/09/2024,
204587,P,50,30/05/2024,
204588,A,51,05/03/2022,
204589,X,22,09/09/2022,
204590,A,44,10/03/2022,
204591,A,61,29/11/2022,
204592,A,59,02/01/2022,
204593,A,31,27/05/2022,
204594,A,51,12/02/2024,
204595,P,28,30/04/2023,
204596,B,46,08/07/2025,
204597,B,46,01/10/2022,
204598,A,46,27/01/2022,
204599,A,55,30/03/2022,
204600,A,61,07/04/2024,
204601,A,54,16/09/2024,
204602,A,52,09/07/2023,
204603,P,54,31/10/2022,
204604,A,22,28/02/2025,
204605,B,39,03/02/2022,04/02/2024
204606,A,48,14/02/2024,
204607,A,50,15/03/2023,
204608,A,47,08/03/2023,
204609,B,43,15/03/2024,26/06/2025
204610,B,42,15/03/2024,20/12/2024
204611,P,62,30/03/2024,
204612,P,26,16/03/2024,
204613,A,49,09/03/2022,
204614,B,56,08/08/2024,
204615,A,52,19/03/2022,
204616,A,44,06/03/2023,
204617,P,40,19/09/2022,
204618,P,19,20/07/2025,
204619,B,47,18/11/2023,23/11/2025
204620,A,53,16/02/2025,
204621,A,51,26/01/2022,
204622,A,38,22/11/2024,
204623,A,31,22/12/2024,
204624,A,19,01/10/2023,
204625,A,45,23/03/2023,
204626,B,61,05/06/2024,
204627,P,34,21/03/2025,
204628,B,46,18/09/2023,
204629,A,41,26/11/2024,
204630,P,43,18/07/2024,
204631,P,61,23/11/2022,
204632,P,50,28/05/2023,
204633,P,52,04/06/2024,
204634,P,35,27/10/2024,
204635,A,40,12/08/2023,
204636,B,37,08/07/2023,
204637,P,35,01/10/2023,
204638,A,67,19/01/2025,
204639,A,53,31/07/2022,
204640,P,49,23/12/2022,
204641,B,41,17/02/2025,03/07/2027
204642,P,44,30/03/2022,
204643,B,42,27/06/2023,16/10/2024
204644,A,48,09/01/2023,
204645,A,54,28/03/2025,
204646,X,55,07/03/2022,
204647,P,68,16/03/2023,
204648,A,55,17/05/2022,
204649,A,37,21/08/2022,
204650,A,63,11/10/2022,
204651,A,44,18/09/2023,
204652,P,61,21/06/2023,
204653,P,55,30/12/2024,
204654,B,54,26/03/2024,
204655,B,42,31/08/2022,
204656,A,18,04/10/2023,
204657,B,27,16/08/2022,
204658,A,59,29/01/2024,
204659,A,27,29/01/2025,
204660,A,39,25/09/2022,
204661,P,44,24/02/2023,
204662,P,35,27/08/2024,
204663,A,61,16/03/2024,
204664,X,61,10/06/2025,16/11/2025
204665,B,53,18/08/2022,
204666,B,31,02/12/2024,09/05/2027
204667,B,47,11/12/2022,29/01/2024
204668,A,45,26/05/2024,
204669,A,46,31/03/2022,
204670,A,57,17/05/2025,
204671,B,61,15/01/2023,19/05/2025
204672,B,41,11/02/2024,
204673,P,39,30/03/2022,
204674,B,58,18/09/2022,
204675,A,59,27/10/2022,
204676,A,49,17/01/2022,
204677,A,42,12/11/2023,
204678,B,65,15/08/2023,
204679,A,40,06/12/2024,
204680,A,27,11/02/2024,
204681,A,55,23/07/2023,
204682,P,33,14/07/2023,
204683,A,42,13/09/2023,
204684,P,53,01/11/2024,
204685,A,31,04/03/2024,
204686,P,45,25/02/2023,
204687,B,24,08/03/2023,
204688,A,33,06/04/2024,
204689,P,41,07/02/2025,
204690,A,36,10/06/2024,
204691,A,31,05/03/2024,
204692,A,52,19/06/2022,
204693,A,60,03/01/2022,
204694,A,39,04/03/2024,
204695,A,45,25/03/2025,
204696,A,29,24/10/2022,
204697,A,41,20/06/2023,
204698,B,51,22/02/2022,
204699,A,30,16/07/2025,
204700,X,38,21/02/2022,27/07/2023
204701,A,50,18/11/2024,
204702,A,49,16/05/2024,
204703,A,52,10/03/2022,
204704,A,19,05/04/2022,
204705,A,48,14/11/2024,
204706,P,37,17/09/2024,
204707,P,57,29/09/2022,
204708,A,54,24/08/2022,
204709,A,60,08/06/2022,
204710,A,40,01/11/2024,
204711,X,51,11/03/2022,18/01/2023
204712,A,23,25/02/2022,
204713,B,52,30/07/2023,09/03/2024
204714,A,34,25/01/2022,
204715,A,48,19/05/2023,
204716,A,59,06/04/2025,
204717,A,29,08/06/2025,
204718,A,47,13/02/2024,
204719,A,36,20/09/2024,
204720,A,21,08/10/2023,
204721,A,33,01/02/2024,
204722,A,50,13/01/2022,
204723,A,56,15/10/2024,
204724,X,58,11/11/2024,09/01/2027
204725,A,30,04/07/2025,
204726,A,58,28/05/2024,
204727,A,41,21/05/2023,
204728,P,68,27/07/2022,
204729,B,44,28/07/2023,29/01/2025
204730,B,33,29/01/2023,29/07/2024
204731,P,69,11/04/2022,
204732,A,40,15/05/2022,
204733,A,21,21/02/2023,
204734,A,42,16/01/2023,
204735,B,48,11/09/2023,
204736,B,54,18/01/2022,12/11/2023
204737,X,50,21/08/2024,
204738,A,38,21/02/2024,
204739,P,55,26/08/2024,
204740,A,37,16/01/2022,
204741,A,43,18/03/2023,
204742,P,31,12/04/2025,
204743,B,32,29/05/2022,
204744,A,41,16/03/2024,
204745,A,31,25/01/2024,
204746,B,31,18/11/2024,01/04/2027
204747,A,52,07/10/2023,
204748,A,21,01/05/2022,
204749,B,24,09/02/2023,27/01/2025
204750,X,50,22/09/2024,10/05/2026
204751,P,63,11/07/2023,
204752,A,43,04/03/2023,
204753,A,59,21/09/2023,
204754,A,32,20/07/2024,
204755,A,49,23/04/2024,
204756,A,40,06/03/2022,
204757,A,37,05/06/2022,
204758,A,67,03/10/2023,
204759,P,50,28/06/2022,
204760,A,64,10/10/2022,
204761,A,43,14/11/2023,
204762,P,61,26/06/2024,
204763,A,25,10/03/2023,
204764,A,53,10/02/2022,
204765,P,18,17/09/2022,
204766,A,53,31/07/2022,
204767,B,47,20/03/2024,29/05/2026
204768,P,45,05/01/2022,
204769,A,32,19/05/2023,
204770,P,64,09/06/2022,
204771,A,41,06/08/2023,
204772,B,36,10/06/2022,
204773,A,52,11/06/2022,
204774,A,57,17/09/2023,
204775,A,21,07/05/2024,
204776,A,48,26/01/2023,
204777,A,26,18/02/2024,
204778,A,53,28/12/2022,
204779,A,37,09/03/2023,
204780,A,53,18/10/2022,
204781,B,62,21/03/2025,
204782,A,37,17/09/2023,
204783,P,26,04/09/2022,
204784,B,25,06/04/2024,
204785,A,47,19/10/2024,
204786,B,66,22/03/2024,
204787,P,54,04/11/2023,
204788,B,46,19/09/2022,
204789,A,30,13/06/2024,
204790,B,53,23/10/2023,
204791,B,36,13/03/2025,
204792,A,63,31/08/2022,
204793,A,35,04/01/2024,
204794,B,47,13/10/2022,
204795,B,45,03/03/2022,
204796,P,61,08/04/2022,
204797,P,38,17/09/2022,
204798,A,25,21/02/2025,
204799,A,35,27/09/2022,
204800,B,49,06/10/2023,10/12/2025
204801,A,51,05/11/2024,
204802,A,40,23/03/2022,
204803,A,28,29/03/2023,
204804,A,59,23/06/2025,
204805,B,44,30/06/2022,
204806,A,55,12/12/2023,
204807,P,31,06/03/2023,
204808,A,50,26/01/2022,
204809,P,44,15/03/2025,
204810,P,44,21/01/2024,
204811,A,44,20/09/2023,
204812,B,35,18/01/2023,
204813,B,43,15/08/2023,
204814,B,43,11/07/2023,
204815,P,43,05/05/2024,
204816,A,63,19/05/2022,
204817,A,48,10/02/2025,
204818,B,51,27/06/2022,29/10/2023
204819,P,52,16/06/2023,
204820,P,22,04/02/2024,
204821,B,31,21/02/2023,
204822,A,60,11/02/2025,
204823,A,46,10/11/2022,
204824,A,46,01/04/2023,
204825,P,38,09/03/2024,
204826,P,68,21/12/2024,
204827,A,63,29/11/2024,
204828,A,48,23/03/2022,
204829,B,46,16/06/2022,13/09/2023
204830,P,43,05/03/2023,
204831,B,59,24/02/2022,
204832,B,58,20/04/2024,12/09/2024
204833,B,49,19/09/2022,
204834,B,42,23/01/2023,
204835,B,63,01/07/2024,
204836,A,44,05/07/2025,
204837,X,26,29/10/2024,21/09/2025
204838,X,64,21/12/2023,
204839,A,40,18/06/2025,
204840,B,58,07/08/2024,19/08/2026
204841,A,52,23/02/2023,
204842,A,32,12/03/2022,
204843,P,20,10/02/2023,
204844,A,37,19/01/2023,
204845,A,50,17/10/2023,
204846,A,33,19/03/2023,
204847,A,31,10/05/2023,
204848,A,70,01/01/2024,
204849,X,63,06/12/2024,17/04/2027
204850,A,49,30/01/2022,
204851,A,26,27/12/2024,
204852,P,67,12/12/2022,
204853,B,52,05/01/2025,30/05/2027
204854,B,51,25/10/2022,
204855,B,31,04/12/2022,
204856,A,61,05/04/2025,
204857,A,67,11/01/2022,
204858,B,39,23/05/2024,
204859,A,49,18/04/2025,
204860,A,71,10/02/2023,
204861,A,70,26/08/2024,
204862,P,50,18/12/2022,
204863,A,60,19/01/2023,
204864,A,60,26/09/2024,
204865,P,47,16/08/2022,
204866,A,50,05/04/2023,
204867,A,35,17/12/2024,
204868,A,42,14/12/2022,
204869,B,26,17/04/2025,16/05/2026
204870,A,46,17/09/2024,
204871,B,57,22/07/2023,14/02/2025
204872,X,25,10/03/2024,16/07/2024
204873,A,42,06/06/2025,
204874,B,34,26/11/2024,
204875,B,67,08/10/2023,
204876,A,28,17/07/2022,
204877,B,45,11/12/2022,
204878,B,49,30/11/2022,
204879,A,46,21/01/2025,
204880,B,33,02/01/2024,22/07/2025
204881,P,43,04/11/2024,
204882,A,56,13/12/2024,
204883,A,60,11/06/2023,
204884,P,39,06/09/2024,
204885,B,31,09/07/2025,
204886,P,26,27/05/2023,
204887,A,41,29/05/2022,
204888,A,51,14/08/2023,
204889,B,43,29/06/2022,05/04/2024
204890,A,54,03/10/2023,
204891,A,54,13/05/2025,
204892,A,29,08/05/2025,
204893,B,41,17/12/2023,
204894,P,35,18/06/2025,
204895,B,18,12/06/2023,
204896,B,39,31/05/2023,
204897,A,38,01/06/2022,
204898,B,48,04/05/2022,
204899,B,66,18/04/2025,
204900,A,36,15/02/2022,
204901,P,34,14/04/2022,
204902,A,31,28/10/2023,
204903,A,62,28/07/2023,
204904,A,30,29/07/2022,
204905,B,31,27/04/2022,15/03/2024
204906,B,50,27/02/2022,
204907,B,31,22/05/2023,
204908,P,65,24/09/2024,
204909,A,50,19/01/2024,
204910,A,18,18/01/2023,
204911,B,19,16/02/2024,18/07/2026
204912,A,18,28/05/2025,
204913,A,55,15/07/2023,
204914,A,56,26/04/2023,
204915,A,24,25/12/2022,
204916,A,36,17/01/2022,
204917,P,60,11/04/2025,
204918,A,54,15/03/2025,
204919,A,22,28/02/2024,
204920,A,45,20/09/2024,
204921,P,51,17/01/2022,
204922,B,33,24/02/2024,
204923,A,45,15/08/2022,
204924,P,32,21/01/2022,
204925,X,39,08/07/2023,
204926,B,48,02/07/2022,04/03/2024
204927,B,51,30/07/2022,25/01/2023
204928,P,56,17/09/2024,
204929,X,46,05/05/2024,05/06/2026
204930,P,39,20/09/2022,
204931,A,38,10/05/2022,
204932,A,48,04/02/2025,
204933,A,34,21/12/2022,
204934,B,46,22/02/2022,31/03/2022
204935,A,54,10/01/2025,
204936,A,52,13/11/2022,
204937,P,45,08/05/2024,
204938,A,45,29/12/2023,
204939,A,37,24/06/2023,
204940,A,60,17/10/2024,
204941,B,55,27/01/2024,21/03/2025
204942,A,24,22/06/2024,
204943,B,55,27/09/2024,14/01/2026
204944,P,35,09/05/2023,
204945,P,30,17/02/2025,
204946,B,52,17/01/2023,
204947,B,66,09/05/2023,05/08/2024
204948,B,45,08/04/2023,
204949,B,31,02/05/2023,14/04/2025
204950,P,27,12/12/2024,
204951,A,37,05/02/2024,
204952,B,44,27/06/2024,25/09/2025
204953,B,56,14/04/2025,
204954,A,44,13/10/2024,
204955,B,33,09/07/2024,
204956,A,48,24/02/2023,
204957,X,18,16/04/2022,
204958,P,58,15/07/2022,
204959,A,46,19/02/2024,
204960,P,48,07/03/2023,
204961,A,58,27/08/2023,
204962,A,53,17/01/2023,
204963,B,39,02/11/2022,
204964,P,37,17/03/2023,
204965,A,43,07/10/2023,
204966,B,51,22/10/2023,29/02/2024
204967,A,30,12/03/2024,
204968,A,41,06/06/2024,
204969,B,62,24/09/2023,
204970,A,46,17/07/2023,
204971,A,38,11/10/2023,
204972,A,36,05/01/2024,
204973,A,47,25/01/2023,
204974,B,36,10/05/2022,
204975,A,60,31/12/2023,
204976,A,48,26/06/2025,
204977,P,32,02/06/2023,
204978,A,34,28/11/2022,
204979,B,54,10/11/2023,
204980,A,41,18/05/2024,
204981,A,31,26/11/2022,
204982,B,37,25/04/2024,26/11/2025
204983,A,27,21/02/2022,
204984,A,54,02/01/2025,
204985,P,62,15/09/2022,
204986,A,44,07/07/2025,
204987,A,35,31/03/2022,
204988,B,26,20/11/2022,
204989,B,25,25/11/2022,30/01/2025
204990,A,48,20/02/2023,
204991,B,52,22/08/2022,
204992,B,69,08/02/2023,09/12/2024
204993,A,44,16/07/2025,
204994,A,55,28/08/2023,
204995,A,58,04/05/2023,
204996,A,32,08/07/2023,
204997,P,57,29/02/2024,
204998,X,43,07/07/2022,19/08/2023
204999,P,56,31/12/2024,
205000,B,31,03/03/2024,10/10/2025
205001,P,24,21/02/2025,
205002,B,56,24/09/2024,
205003,P,40,11/06/2024,
205004,A,54,16/01/2022,
205005,A,63,16/03/2023,
205006,A,41,08/01/2025,
205007,A,49,06/02/2024,
205008,P,41,21/01/2022,
205009,A,58,31/10/2022,
205010,A,54,03/06/2022,
205011,B,53,03/05/2025,
205012,B,57,25/03/2025,19/05/2025
205013,A,54,29/05/2022,
205014,A,28,06/06/2025,
205015,B,43,04/01/2025,18/02/2026
205016,A,30,10/07/2023,
205017,A,46,14/08/2023,
205018,A,49,09/07/2025,
205019,B,18,09/10/2023,06/01/2025
205020,B,28,05/10/2024,17/02/2026
205021,B,70,15/09/2022,
205022,A,53,30/05/2022,
205023,A,30,12/10/2023,
205024,B,47,01/12/2024,02/05/2025
205025,A,42,14/01/2024,
205026,P,53,01/01/2022,
205027,A,65,27/04/2022,
205028,X,25,06/12/2023,
205029,B,44,08/05/2023,02/05/2025
205030,A,33,12/11/2023,
205031,B,18,25/01/2023,
205032,B,41,20/11/2023,
205033,X,47,12/06/2025,08/04/2027
205034,A,33,07/02/2022,
205035,A,29,11/03/2022,
205036,B,24,25/03/2022,
205037,B,27,24/04/2024,13/07/2026
205038,A,59,20/04/2025,
205039,B,44,28/03/2025,
205040,A,67,27/12/2024,
205041,B,63,29/07/2023,
205042,B,45,09/12/2022,
205043,B,54,26/10/2022,13/09/2024
205044,B,36,15/03/2022,07/02/2024
205045,A,23,19/06/2022,
205046,P,38,13/11/2022,
205047,A,37,28/10/2023,
205048,A,58,06/04/2025,
205049,A,50,09/07/2022,
205050,B,39,07/04/2025,
205051,A,60,30/03/2023,
205052,A,50,23/04/2022,
205053,A,53,10/04/2024,
205054,A,51,09/09/2024,
205055,B,39,20/12/2022,
205056,P,29,02/03/2024,
205057,A,47,04/12/2022,
205058,A,47,21/02/2025,
205059,B,54,15/03/2024,
205060,B,40,12/08/2024,17/06/2025
205061,P,18,04/12/2023,
205062,B,35,19/06/2023,07/02/2025
205063,B,50,16/10/2024,05/04/2026
205064,A,47,06/05/2024,
205065,A,29,24/05/2023,
205066,P,50,21/02/2025,
205067,A,41,03/08/2024,
205068,A,34,29/07/2024,
205069,P,18,05/07/2022,
205070,A,44,15/09/2022,
205071,B,50,04/12/2023,
205072,X,41,13/06/2023,22/10/2023
205073,A,43,15/06/2022,
205074,P,51,25/02/2023,
205075,A,48,19/06/2024,
205076,A,24,31/12/2022,
205077,B,41,20/08/2024,
205078,A,46,30/04/2022,
205079,P,25,30/08/2022,
205080,A,40,17/01/2025,
205081,A,39,08/04/2022,
205082,B,18,01/06/2023,24/03/2025
205083,P,67,09/06/2023,
205084,B,51,20/10/2022,
205085,P,58,03/01/2022,
205086,A,58,23/11/2022,
205087,P,32,30/04/2023,
205088,B,33,21/02/2025,07/05/2026
205089,P,43,15/08/2024,
205090,A,37,07/03/2022,
205091,X,51,17/01/2025,10/07/2025
205092,B,55,20/07/2022,
205093,A,41,21/02/2024,
205094,B,54,28/01/2024,08/03/2025
205095,P,45,04/12/2022,
205096,A,71,20/06/2024,
205097,A,28,16/09/2022,
205098,P,64,08/06/2024,
205099,B,42,02/12/2023,06/02/2024
205100,B,38,21/08/2022,20/12/2022
205101,A,43,27/03/2022,
205102,P,50,28/08/2022,
205103,A,22,07/04/2022,
205104,A,38,19/12/2023,
205105,P,46,12/07/2023,
205106,B,30,03/05/2024,
205107,A,65,30/09/2024,
205108,A,65,21/10/2022,
205109,A,48,12/01/2024,
205110,B,52,20/06/2023,
205111,P,43,19/01/2022,
205112,P,34,24/10/2024,
205113,A,57,06/08/2024,
205114,A,55,29/05/2024,
205115,A,28,15/06/2022,
205116,B,52,15/04/2023,20/01/2024
205117,A,42,06/04/2022,
205118,A,32,13/08/2024,
205119,A,61,16/01/2023,
205120,P,45,04/05/2024,
205121,B,54,03/09/2023,18/10/2025
205122,A,63,09/06/2022,
205123,A,46,31/08/2022,
205124,B,18,09/07/2022,
205125,B,35,26/10/2022,24/05/2023
205126,B,52,15/02/2023,
205127,A,50,21/07/2022,
205128,B,18,18/12/2022,
205129,X,47,22/03/2025,28/08/2025
205130,A,49,29/01/2022,
205131,A,51,09/07/2022,
205132,P,72,11/09/2022,
205133,P,59,26/08/2022,
205134,A,51,03/10/2022,
205135,B,74,07/06/2024,02/09/2025
205136,A,65,28/12/2023,
205137,A,47,14/11/2022,
205138,A,18,25/06/2024,
205139,A,38,16/08/2023,
205140,A,47,25/11/2022,
205141,A,48,11/06/2022,
205142,A,44,16/07/2022,
205143,A,31,22/03/2022,
205144,B,57,20/10/2024,16/01/2025
205145,A,58,24/11/2024,
205146,B,35,02/03/2024,
205147,A,47,21/08/2022,
205148,A,39,29/03/2025,
205149,A,27,04/01/2023,
205150,A,60,11/07/2022,
205151,A,52,27/12/2022,
205152,B,39,08/08/2023,10/08/2025
205153,A,35,26/05/2022,
205154,A,48,02/11/2023,
205155,X,43,06/12/2024,
205156,P,46,04/07/2022,
205157,A,48,22/01/2024,
205158,B,35,14/01/2022,
205159,A,47,21/07/2023,
205160,B,38,03/02/2022,12/09/2022
205161,A,40,09/05/2025,
205162,B,40,18/10/2024,04/05/2025
205163,B,28,16/09/2024,
205164,B,18,21/07/2025,
205165,X,35,05/04/2025,21/09/2026
205166,P,47,17/05/2024,
205167,A,49,30/09/2024,
205168,A,40,29/09/2022,
205169,A,44,30/06/2025,
205170,B,31,04/09/2024,
205171,P,54,09/12/2024,
205172,P,49,01/05/2025,
205173,B,29,20/02/2025,
205174,A,38,01/12/2024,
205175,B,51,15/05/2025,27/09/2026
205176,P,45,22/01/2024,
205177,A,32,04/12/2022,
205178,A,29,17/03/2022,
205179,B,56,23/09/2024,30/03/2025
205180,B,35,22/04/2023,
205181,P,44,16/05/2023,
205182,B,51,05/09/2023,22/06/2024
205183,A,31,24/01/2023,
205184,A,58,03/02/2024,
205185,P,18,08/12/2023,
205186,A,40,21/02/2024,
205187,A,32,01/12/2023,
205188,P,38,13/02/2025,
205189,A,24,10/11/2022,
205190,A,32,30/12/2022,
205191,A,35,08/09/2022,
205192,A,49,19/07/2022,
205193,A,62,27/06/2023,
205194,A,49,20/07/2025,
205195,A,41,23/05/2024,
205196,B,34,27/03/2024,
205197,A,73,17/02/2024,
205198,A,18,09/10/2022,
205199,A,55,11/05/2024,
205200,P,43,04/05/2022,
205201,A,49,23/08/2022,
205202,A,45,14/10/2022,
205203,A,44,08/05/2023,
205204,B,30,12/02/2024,01/10/2025
205205,B,18,12/02/2022,
205206,X,36,05/10/2023,
205207,A,31,05/12/2023,
205208,A,65,29/08/2024,
205209,P,29,19/02/2024,
205210,B,48,06/04/2024,
205211,B,36,30/10/2022,
205212,A,43,05/07/2023,
205213,A,50,23/01/2023,
205214,B,52,27/05/2022,
205215,A,55,01/10/2022,
205216,A,40,17/06/2022,
205217,P,57,02/03/2023,
205218,P,73,01/03/2022,
205219,B,44,05/03/2023,
205220,A,35,09/05/2022,
205221,B,51,23/03/2022,15/04/2024
205222,P,63,05/09/2022,
205223,A,23,30/04/2025,
205224,P,63,20/04/2025,
205225,A,44,03/02/2022,
205226,B,31,31/05/2024,05/08/2024
205227,A,29,08/06/2025,
205228,A,63,03/05/2023,
205229,B,23,14/07/2025,
205230,A,53,21/10/2023,
205231,A,36,17/09/2022,
205232,A,33,30/01/2022,
205233,A,51,25/02/2023,
205234,P,59,14/02/2024,
205235,P,48,18/02/2024,
205236,A,36,21/05/2022,
205237,B,36,01/02/2023,
205238,A,30,28/06/2022,
205239,A,39,24/02/2025,
205240,A,39,23/03/2025,
205241,A,41,21/10/2024,
205242,B,39,15/01/2022,
205243,A,44,31/01/2024,
205244,A,39,31/03/2023,
205245,B,46,04/05/2023,12/11/2023
205246,A,47,02/04/2024,
205247,P,52,07/12/2022,
205248,B,29,17/06/2022,23/11/2023
205249,B,25,21/10/2024,
205250,B,50,28/07/2023,10/12/2024
205251,A,24,23/03/2023,
205252,A,37,18/04/2024,
205253,A,52,21/01/2022,
205254,A,44,28/10/2022,
205255,A,27,26/11/2022,
205256,B,40,23/05/2024,
205257,B,39,07/10/2023,22/01/2024
205258,B,44,20/06/2023,
205259,P,29,23/06/2022,
205260,A,49,26/06/2022,
205261,A,69,15/10/2024,
205262,A,56,04/01/2024,
205263,B,18,15/01/2025,
205264,B,33,28/02/2022,31/07/2024
205265,B,40,27/01/2024,
205266,B,59,09/07/2022,
205267,A,52,17/08/2023,
205268,P,33,23/02/2024,
205269,P,41,29/09/2022,
205270,X,40,07/10/2024,17/03/2026
205271,A,36,22/01/2022,
205272,A,43,27/11/2023,
205273,B,26,06/09/2022,
205274,P,36,28/07/2022,
205275,B,63,15/01/2024,
205276,P,29,18/01/2025,
205277,B,42,16/03/2025,
205278,A,34,22/03/2023,
205279,B,55,19/04/2024,
205280,B,47,09/01/2024,
205281,B,38,02/01/2025,21/02/2027
205282,P,30,05/03/2022,
205283,P,54,20/03/2024,
205284,A,54,24/11/2022,
205285,A,18,23/02/2025,
205286,A,23,11/03/2024,
205287,A,42,29/02/2024,
205288,B,53,09/01/2023,
205289,A,71,19/04/2022,
205290,A,53,07/03/2025,
205291,B,27,01/01/2022,
205292,A,69,24/04/2023,
205293,B,42,02/03/2024,
205294,A,45,20/09/2024,
205295,A,42,15/01/2025,
205296,A,37,21/04/2023,
205297,A,47,13/10/2024,
205298,B,31,21/09/2024,
205299,B,65,26/03/2022,17/08/2024
205300,A,34,05/07/2025,
205301,A,58,21/03/2022,
205302,A,47,19/12/2024,
205303,P,58,08/09/2023,
205304,B,53,10/10/2023,05/03/2024
205305,A,55,12/02/2024,
205306,A,44,26/11/2023,
205307,A,81,22/02/2023,
205308,A,56,09/04/2022,
205309,A,57,08/08/2024,
205309,A,29,01/09/2024,
205311,A,47,07/04/2024,
205312,A,24,16/03/2023,
205313,A,38,23/01/2022,
205314,B,42,07/07/2022,
205315,A,40,06/12/2023,
205316,P,35,21/11/2023,
205317,A,34,14/10/2023,
205318,A,52,25/02/2022,
205319,B,53,27/06/2025,
205320,B,23,09/05/2023,03/07/2023
205321,A,22,23/02/2023,
205322,B,35,12/08/2022,10/05/2023
205323,A,48,15/12/2023,
205324,A,52,16/02/2024,
205325,A,78,22/12/2024,
205326,A,46,07/09/2022,
205327,A,42,10/06/2024,
205328,P,43,09/02/2025,
205329,A,36,02/05/2023,
205330,P,37,11/12/2024,
205331,P,51,08/01/2023,
205332,B,47,06/01/2025,
205333,A,23,01/03/2022,
205334,P,48,19/01/2022,
205335,A,50,20/06/2023,
205336,A,18,29/04/2022,
205337,A,56,12/12/2024,
205338,A,53,23/10/2023,
205339,P,55,13/02/2025,
205340,A,23,20/06/2025,
205341,B,80,01/08/2023,
205342,P,46,21/07/2024,
205343,P,28,10/03/2022,
205344,P,48,27/09/2023,
205345,P,41,06/11/2022,
205346,P,38,05/10/2023,
205347,A,24,18/04/2023,
205348,B,52,17/09/2023,
205349,A,23,29/04/2025,
205350,A,65,11/06/2024,
205351,B,56,14/06/2025,
205352,A,24,13/07/2022,
205353,B,47,21/12/2022,
205354,A,30,31/12/2023,
205355,B,45,19/09/2023,
205356,X,35,04/06/2023,
205357,A,73,30/04/2023,
205358,A,68,31/10/2023,
205359,A,62,11/09/2023,
205360,A,38,18/02/2022,
205361,B,27,28/11/2023,
205362,A,47,27/01/2022,
205363,X,36,17/11/2022,25/09/2023
205364,P,18,08/01/2022,
205365,A,54,05/07/2022,
205366,B,23,21/06/2025,
205367,A,34,01/04/2025,
205368,A,39,13/01/2024,
205369,B,42,07/12/2022,12/02/2024
205370,P,26,27/03/2023,
205371,A,62,29/01/2024,
205372,B,36,21/10/2022,
205373,P,51,30/01/2024,
205374,B,36,10/02/2025,
205375,A,47,20/04/2024,
205376,A,40,20/03/2024,
205377,A,47,21/03/2024,
205378,P,71,07/03/2025,
205379,B,46,21/06/2025,
205380,X,42,18/03/2023,09/05/2023
205381,A,36,11/05/2023,
205382,B,57,14/07/2024,
205383,A,36,23/07/2023,
205384,A,42,10/06/2024,
205385,B,57,01/11/2022,23/01/2023
205386,B,46,23/10/2024,17/06/2026
205387,A,57,06/07/2024,
205388,B,30,20/07/2022,
205389,A,48,10/01/2024,
205390,A,72,20/07/2022,
205391,B,26,29/05/2023,05/10/2023
205391,A,57,03/03/2025,
205393,A,35,31/07/2024,
205394,A,52,15/10/2024,
205395,P,69,05/05/2023,
205396,A,63,11/03/2024,
205397,B,25,11/10/2024,30/01/2026
205398,A,35,13/03/2025,
205399,A,35,16/07/2025,
205400,X,64,03/07/2025,
205401,A,45,18/04/2024,
205402,A,43,01/02/2025,
205403,P,36,11/01/2025,
205404,A,47,04/11/2023,
205405,A,43,21/01/2022,
205406,A,44,10/07/2022,
205407,A,18,06/12/2022,
205408,P,39,06/04/2024,
205409,B,30,18/05/2022,10/12/2023
205410,A,33,18/01/2025,
205411,A,63,09/03/2025,
205412,B,59,11/10/2024,13/06/2026
205413,A,38,14/06/2025,
205414,B,45,03/07/2023,
205415,A,52,28/06/2023,
205416,B,60,06/03/2025,27/03/2026
205417,B,40,06/08/2022,
205418,B,29,11/02/2023,22/07/2024
205419,P,46,21/09/2023,
205420,A,36,08/02/2024,
205421,B,25,16/08/2024,13/02/2026
205422,A,23,13/07/2025,
205423,A,32,09/01/2025,
205424,B,33,05/08/2022,08/05/2023
205425,A,61,05/09/2023,
205426,B,24,29/06/2023,01/11/2023
205427,A,32,05/05/2025,
205428,B,55,05/09/2022,07/01/2025
205429,B,18,21/05/2024,23/01/2025
205430,A,51,07/01/2024,
205431,B,55,18/09/2023,
205432,P,57,02/09/2023,
205433,A,35,25/05/2022,
205434,P,41,24/03/2022,
205435,A,65,07/03/2025,
205436,A,47,25/07/2023,
205437,X,35,21/06/2024,27/01/2025
205438,A,44,04/04/2022,
205439,P,37,16/10/2023,
205440,P,63,20/05/2023,
205441,B,42,04/06/2025,17/11/2025
205442,A,47,18/05/2025,
205443,B,52,08/04/2024,
205444,P,18,08/03/2024,
205445,A,42,22/09/2024,
205446,A,27,23/06/2024,
205447,A,60,08/09/2022,
205448,A,64,12/04/2022,
205449,B,38,07/04/2022,
205450,A,33,15/08/2023,
205451,X,35,16/01/2023,29/07/2024
205452,B,67,21/12/2022,31/05/2025
205453,A,40,12/02/2022,
205454,X,58,16/10/2023,30/11/2023
205455,A,50,27/03/2022,
205456,A,32,06/12/2022,
205457,A,60,07/11/2023,
205458,A,57,14/11/2022,
205459,B,35,25/04/2024,
205460,A,52,23/05/2022,
205461,A,49,17/08/2024,
205462,A,46,17/03/2024,
205463,B,32,14/03/2023,
205464,B,64,09/03/2024,01/12/2025
205465,A,18,20/05/2024,
205466,A,33,23/02/2022,
205467,A,43,11/07/2022,
205468,B,66,08/05/2022,
205469,P,30,21/09/2023,
205470,A,39,04/03/2024,
205471,A,44,15/08/2024,
205472,A,35,06/08/2022,
205473,A,43,26/05/2023,
205474,A,47,26/04/2025,
205475,B,58,17/01/2022,
205476,A,46,12/12/2024,
205477,P,47,25/11/2022,
205478,B,52,04/02/2025,
205479,B,29,28/04/2025,
205480,P,58,02/08/2023,
205481,B,39,18/03/2025,
205482,A,43,22/06/2025,
205483,B,46,19/04/2023,
205484,A,47,02/04/2024,
205485,P,36,25/12/2023,
205486,A,36,11/04/2022,
205487,B,58,24/12/2022,18/10/2023
205488,A,53,29/12/2023,
205489,B,18,27/01/2025,
205490,A,40,24/03/2025,
205491,A,42,21/06/2024,
205492,A,48,18/05/2023,
205493,P,48,10/11/2023,
205494,A,65,13/07/2025,
205495,B,44,04/04/2023,
205496,A,59,17/09/2022,
205497,A,33,05/02/2022,
205498,A,29,12/12/2022,
205499,P,52,16/06/2023,
205500,P,32,09/06/2023,
205501,A,45,14/04/2025,
205502,A,18,19/06/2022,
205503,A,20,12/04/2022,
205504,A,68,08/05/2022,
205505,A,35,29/09/2023,
205506,X,36,10/08/2023,
205507,B,37,09/10/2024,22/12/2024
205508,A,40,26/08/2023,
205509,A,45,06/01/2022,
205510,B,59,22/01/2023,
205511,A,35,19/09/2023,
205512,B,60,17/07/2024,
205513,P,57,13/07/2024,
205514,B,35,18/07/2023,07/05/2024
205515,B,26,16/02/2023,10/05/2023
205516,A,46,11/06/2022,
205517,A,43,27/05/2023,
205518,B,55,17/10/2023,27/01/2025
205519,B,53,27/08/2023,
205520,P,44,03/02/2023,
205521,P,34,25/10/2024,
205522,A,48,06/11/2022,
205523,A,36,12/02/2025,
205524,A,41,03/08/2023,
205525,A,48,10/06/2022,
205526,A,40,20/03/2022,
205527,X,43,10/11/2022,
205528,A,41,16/02/2022,
205529,A,36,04/06/2024,
205530,A,45,07/11/2022,
205531,A,50,29/10/2023,
205532,B,29,12/01/2025,
205533,A,39,24/08/2024,
205534,A,66,28/01/2022,
205535,B,63,22/09/2023,
205536,B,44,17/08/2023,03/09/2025
205537,B,51,16/10/2023,04/01/2024
205538,X,52,01/11/2022,16/09/2024
205539,A,30,24/04/2025,
205540,B,31,10/02/2022,
205541,A,71,21/12/2024,
205542,A,46,18/07/2023,
205543,A,62,12/06/2023,
205544,B,46,02/01/2024,25/08/2025
205545,A,67,09/07/2023,
205546,A,66,10/03/2025,
205547,A,37,14/06/2024,
205548,A,83,18/02/2024,
205549,B,54,27/12/2024,09/03/2027
205550,B,25,03/04/2022,
205551,B,52,15/04/2023,
205552,A,37,27/03/2025,
205553,P,47,20/11/2023,
205554,X,53,31/03/2023,07/02/2024
205555,A,34,30/09/2024,
205556,P,58,02/04/2025,
205557,A,23,19/07/2022,
205558,A,59,05/09/2022,
205559,A,63,28/05/2025,
205560,P,49,14/01/2025,
205561,A,53,15/01/2022,
205562,A,52,06/01/2023,
205563,B,68,19/09/2022,05/07/2023
205564,A,33,19/01/2025,
205565,B,40,07/04/2023,
205566,P,61,01/05/2023,
205567,B,61,16/10/2023,
205568,X,25,13/10/2024,
205569,B,36,01/05/2025,
205570,B,52,29/12/2023,
205571,A,39,30/09/2023,
205572,A,19,16/03/2022,
205573,P,20,09/02/2025,
205574,X,43,02/10/2024,
205575,A,40,10/07/2024,
205576,P,38,12/11/2023,
205577,A,39,12/12/2022,
205578,P,58,22/03/2022,
205579,A,41,14/03/2022,
205580,B,68,20/10/2024,
205581,A,31,03/03/2022,
205582,A,52,22/07/2025,
205583,B,48,05/01/2023,
205584,X,36,27/06/2025,12/11/2025
205585,A,50,28/10/2022,
205586,A,49,10/09/2022,
205587,A,38,21/06/2024,
205588,B,37,10/04/2022,
205589,B,28,26/02/2023,07/01/2025
205590,A,63,20/12/2023,
205591,A,47,26/01/2023,
205592,A,50,15/11/2022,
205593,P,56,09/07/2024,
205594,A,37,29/06/2022,
205595,P,23,14/04/2025,
205596,P,33,08/11/2022,
205597,P,39,05/06/2022,
205598,P,51,02/06/2023,
205599,A,64,06/06/2025,
205600,B,66,28/08/2022,
205601,A,51,18/05/2022,
205602,P,51,26/04/2022,
205603,P,25,22/11/2022,
205604,B,49,21/07/2022,
205605,B,45,16/07/2025,
205606,A,31,01/12/2022,
205607,A,46,15/09/2024,
205608,A,18,16/03/2024,
205609,X,52,28/11/2023,
205610,B,41,08/02/2022,
205611,B,73,24/10/2022,
205612,B,53,12/12/2024,26/03/2025
205613,A,49,15/02/2022,
205614,B,58,10/08/2023,
205615,B,41,27/09/2024,17/02/2026
205616,A,38,14/03/2022,
205617,B,24,16/11/2024,11/09/2026
205618,P,25,12/07/2025,
205619,A,45,04/12/2023,
205620,B,71,11/10/2024,07/04/2025
205621,A,63,02/10/2023,
205622,A,58,22/09/2024,
205623,A,38,13/09/2022,
205624,A,35,22/10/2023,
205625,A,43,25/01/2022,
205626,A,40,04/08/2024,
205627,P,49,11/02/2023,
205628,A,33,27/08/2022,
205629,B,55,13/08/2022,
205630,A,71,07/03/2024,
205631,A,44,24/02/2025,
205632,B,45,29/03/2024,
205633,A,43,09/12/2022,
205634,B,48,23/07/2025,
205635,P,54,23/02/2023,
205636,A,46,03/05/2022,
205637,P,45,19/03/2025,
205638,P,49,01/05/2023,
205639,B,44,22/03/2024,
205640,A,43,05/10/2023,
205641,B,33,01/04/2023,
205642,A,32,05/02/2025,
205643,P,18,16/01/2025,
205644,B,51,21/01/2024,
205645,P,24,26/08/2024,
205646,P,37,16/06/2023,
205647,A,34,03/10/2024,
205648,B,36,24/10/2024,
205649,P,35,26/09/2023,
205650,A,34,28/09/2022,
205651,B,60,26/03/2023,
205652,P,47,25/08/2022,
205653,A,46,27/08/2022,
205654,A,54,25/02/2024,
205655,A,39,30/04/2022,
205656,A,46,17/07/2022,
205657,A,30,18/02/2024,
205658,A,34,12/11/2022,
205659,B,55,05/09/2022,
205660,P,36,23/06/2025,
205661,A,44,28/04/2022,
205662,A,42,23/08/2023,
205663,A,48,20/04/2023,
205664,P,57,11/03/2025,
205665,P,43,06/01/2022,
205666,A,40,11/06/2024,
205667,A,46,24/04/2023,
205668,A,29,28/12/2024,
205669,A,25,27/05/2025,
205670,B,55,27/02/2025,
205671,P,51,08/11/2022,
205672,B,18,16/06/2024,
205673,P,34,15/01/2025,
205674,A,56,02/10/2023,
205675,B,54,08/01/2022,
205676,P,46,02/08/2023,
205677,B,37,03/03/2024,
205678,A,59,12/07/2024,
205679,A,52,27/06/2022,
205680,B,53,16/10/2022,
205681,B,51,13/04/2022,
205682,A,53,19/10/2024,
205683,A,38,24/05/2024,
205684,A,31,09/09/2022,
205685,A,39,02/06/2024,
205686,A,27,31/10/2024,
205687,B,48,21/05/2022,
205688,A,48,26/03/2024,
205689,A,29,21/11/2023,
205690,A,53,01/04/2024,
205691,A,48,12/03/2025,
205692,P,42,02/10/2022,
205693,B,62,11/02/2025,23/05/2025
205694,A,53,04/10/2024,
205695,P,26,06/07/2022,
205696,B,53,22/10/2023,
205697,A,61,07/01/2024,
205698,B,37,02/09/2022,
205699,B,39,19/04/2022,
205700,A,46,07/01/2024,
205701,B,46,23/03/2022,
205702,X,48,13/11/2022,
205703,A,26,16/10/2022,
205704,A,46,30/11/2022,
205705,B,51,23/01/2022,
205706,A,56,25/04/2023,
205707,A,47,16/02/2024,
205708,A,52,05/04/2023,
205709,A,40,27/07/2023,
205710,A,38,30/09/2024,
205711,A,47,09/06/2022,
205712,A,47,19/02/2025,
205713,P,29,05/10/2022,
205714,P,52,03/05/2023,
205715,B,47,23/05/2024,
205716,X,19,25/01/2023,
205717,B,18,06/07/2025,29/09/2026
205718,A,48,19/01/2022,
205719,A,37,19/12/2023,
205720,B,61,15/01/2024,
205721,B,44,17/03/2025,
205722,A,53,07/01/2023,
205723,A,65,08/09/2024,
205724,A,42,08/09/2024,
205725,P,37,15/03/2025,
205726,B,72,02/05/2023,
205727,A,40,03/01/2025,
205728,B,40,11/12/2024,
205729,B,29,13/08/2024,25/10/2025
205730,B,44,09/11/2024,
205731,B,46,19/03/2025,
205732,A,34,22/07/2022,
205733,P,33,07/07/2024,
205734,A,28,21/07/2022,
205735,A,67,21/09/2022,
205736,A,50,27/02/2024,
205737,A,57,08/09/2024,
205738,P,48,26/05/2024,
205739,A,52,23/05/2023,
205740,P,51,06/08/2023,
205741,B,37,25/02/2024,
205742,P,50,20/05/2025,
205743,A,48,28/03/2024,
205744,A,37,11/02/2023,
205745,A,55,22/11/2022,
205746,A,49,29/06/2022,
205747,P,44,23/05/2024,
205748,A,55,27/07/2024,
205749,B,33,04/10/2024,22/08/2026
205750,B,57,23/09/2022,
205751,P,49,17/01/2024,
205752,B,34,11/06/2022,
205753,A,60,07/06/2024,
205754,B,57,05/05/2022,
205755,P,27,10/08/2023,
205756,A,53,09/03/2023,
205757,A,49,18/04/2023,
205758,P,53,13/04/2024,
205759,B,46,10/10/2024,
205760,A,67,05/01/2023,
205761,P,62,23/01/2024,
205762,A,21,04/03/2022,
205763,A,39,10/10/2022,
205764,B,51,28/09/2022,
205765,B,28,17/01/2023,
205766,A,43,27/08/2024,
205767,A,53,21/10/2023,
205768,A,44,22/06/2023,
205769,A,18,28/03/2025,
205770,B,40,19/02/2024,
205771,A,45,20/11/2023,
205772,B,38,30/03/2024,30/11/2025
205773,P,57,16/01/2023,
205774,B,61,07/05/2023,23/04/2025
205775,B,30,13/06/2025,
205776,B,27,20/07/2024,
205777,B,38,10/01/2025,14/06/2027
205778,B,55,24/07/2024,07/02/2025
205779,P,49,14/11/2024,
205780,P,52,06/10/2022,
205781,A,42,02/11/2024,
205782,P,29,30/07/2024,
205783,A,39,15/09/2022,
205784,P,51,05/11/2024,
205785,A,55,19/08/2024,
205786,A,43,02/11/2023,
205787,B,41,28/04/2023,08/10/2024
205788,A,42,11/09/2024,
205789,A,58,17/04/2024,
205790,P,43,24/04/2024,
205791,B,43,30/08/2023,
205792,B,30,30/12/2023,
205793,A,70,09/12/2024,
205794,B,51,25/10/2023,
205795,B,41,05/03/2022,
205796,A,30,06/03/2023,
205797,B,18,09/04/2024,
205798,A,36,13/10/2023,
205799,A,48,24/06/2023,
205800,B,58,17/10/2024,
205801,B,52,01/11/2024,
205802,A,50,10/10/2024,
205803,A,45,04/08/2022,
205804,A,49,12/12/2024,
205805,A,34,30/05/2023,
205806,A,66,26/12/2023,
205807,A,43,05/09/2024,
205808,B,25,10/09/2024,
205809,A,18,11/01/2025,
205810,B,38,31/10/2022,
205811,P,46,31/01/2025,
205812,A,38,02/08/2022,
205812,A,51,06/03/2024,
205814,A,37,15/03/2023,
205815,A,32,07/03/2022,
205816,B,41,28/07/2024,02/09/2025
205817,A,50,20/03/2022,
205818,P,61,22/05/2022,
205819,A,45,18/05/2025,
205820,B,48,23/06/2023,
205821,B,33,13/06/2023,
205822,A,54,07/01/2024,
205823,A,29,18/08/2022,
205824,B,54,06/02/2025,03/02/2026
205825,B,32,26/01/2025,12/07/2027
205826,P,32,01/02/2023,
205827,B,22,21/06/2024,17/09/2025
205828,A,46,20/12/2024,
205829,B,52,20/03/2024,10/02/2025
205830,B,27,29/11/2022,
205831,P,46,08/11/2022,
205832,P,48,07/04/2024,
205833,B,42,05/11/2022,04/02/2025
205834,B,52,26/01/2024,
205835,A,49,04/02/2024,
205836,B,36,25/01/2025,
205837,B,30,02/05/2024,29/01/2026
205838,A,28,12/06/2023,
205839,A,40,25/02/2024,
205840,B,48,28/07/2024,24/03/2026
205841,A,54,17/03/2022,
205842,B,49,18/08/2023,
205843,B,49,22/08/2023,
205844,B,42,26/03/2024,
205845,A,43,15/05/2022,
205846,B,48,06/06/2024,
205847,P,33,27/05/2024,
205848,A,52,02/05/2024,
205849,B,43,29/12/2024,
205850,P,31,19/01/2022,
205851,A,56,21/06/2025,
205852,P,29,04/06/2023,
205853,A,34,13/07/2022,
205854,B,33,05/01/2024,17/05/2026
205855,B,63,22/04/2022,22/06/2024
205856,A,45,21/01/2023,
205857,A,45,04/04/2022,
205858,A,33,19/12/2024,
205859,B,68,21/06/2024,30/09/2026
205860,A,44,27/01/2025,
205861,A,20,20/01/2024,
205862,B,38,12/01/2024,09/04/2026
205863,B,43,26/01/2023,16/01/2025
205864,A,46,21/12/2024,
205865,A,34,15/10/2024,
205866,A,48,12/03/2025,
205867,A,48,23/07/2022,
205868,A,46,15/02/2024,
205869,X,43,18/01/2024,
205870,P,28,09/09/2022,
205871,X,71,28/07/2024,04/08/2026
205872,A,35,24/12/2024,
205873,A,70,15/11/2023,
205874,P,50,05/12/2024,
205875,A,53,25/06/2022,
205876,A,52,03/05/2022,
205877,P,50,24/01/2022,
205878,P,49,08/09/2023,
205879,A,18,27/11/2024,
205880,P,43,07/08/2023,
205881,A,34,10/06/2022,
205882,B,53,27/10/2024,
205883,B,39,29/12/2024,
205884,B,42,10/07/2024,28/03/2025
205885,A,34,14/04/2023,
205886,A,50,13/03/2023,
205887,A,43,05/01/2022,
205888,B,35,20/07/2024,
205889,A,46,18/06/2025,
205890,A,63,26/09/2024,
205891,A,33,18/01/2022,
205892,B,47,25/10/2023,
205893,A,23,08/12/2023,
205894,P,60,26/12/2024,
205895,A,58,26/02/2025,
205896,B,36,23/02/2025,
205897,B,44,20/04/2025,
205898,B,31,01/07/2024,
205899,P,43,01/07/2025,
205900,A,56,26/06/2023,
205901,A,66,09/08/2023,
205902,P,34,05/09/2022,
205903,P,41,27/04/2024,
205904,P,28,20/03/2025,
205905,P,48,06/06/2025,
205906,P,57,28/04/2024,
205907,A,62,28/05/2022,
205908,P,46,30/06/2024,
205909,B,58,01/07/2025,28/10/2026
205910,A,44,13/07/2022,
205911,B,42,18/10/2023,
205912,A,59,06/02/2024,
205913,A,31,16/06/2023,
205914,A,19,16/01/2022,
205915,A,35,29/03/2023,
205916,A,31,18/09/2022,
205917,P,46,23/08/2024,
205918,A,42,02/02/2025,
205919,P,51,17/07/2024,
205920,A,26,30/01/2022,
205921,A,54,09/05/2022,
205922,A,43,03/12/2023,
205923,A,58,22/12/2022,
205924,A,53,19/10/2024,
205925,A,34,06/02/2022,
205926,P,29,21/07/2023,
205927,A,43,15/12/2022,
205928,B,63,01/04/2025,18/09/2026
205929,A,53,18/12/2024,
205930,B,44,06/06/2025,30/08/2025
205931,A,40,07/05/2023,
205932,A,42,10/06/2024,
205933,B,67,11/08/2022,
205934,A,26,11/07/2025,
205935,B,19,21/08/2023,
205936,B,48,07/08/2024,
205937,A,38,30/04/2022,
205938,A,22,12/10/2024,
205939,A,42,09/10/2024,
205940,A,32,17/10/2024,
205941,A,49,08/07/2023,
205942,X,32,05/05/2022,
205943,A,33,24/01/2025,
205944,A,36,01/03/2024,
205945,B,38,08/06/2023,05/06/2024
205946,A,46,18/07/2023,
205947,A,55,25/04/2024,
205948,X,41,07/08/2023,
205949,A,32,28/11/2022,
205950,A,59,23/11/2023,
205951,B,76,30/05/2025,01/12/2025
205952,B,71,15/08/2024,
205953,A,58,10/09/2022,
205954,B,42,08/02/2024,
205955,B,45,02/04/2024,29/06/2026
205956,A,58,31/12/2023,
205957,A,50,27/10/2023,
205958,P,50,13/06/2025,
205959,A,38,10/02/2024,
205960,B,36,30/12/2024,06/07/2026
205961,P,50,24/09/2023,
205962,A,37,24/04/2025,
205963,B,18,03/02/2022,
205964,B,48,16/08/2024,
205965,P,50,01/09/2024,
205966,B,68,06/02/2024,
205967,B,50,24/12/2023,
205968,A,18,10/09/2023,
205969,A,52,25/06/2025,
205970,A,57,09/04/2022,
205971,A,21,18/01/2025,
205972,A,46,06/05/2023,
205973,B,39,23/10/2023,
205974,B,28,20/12/2022,22/08/2023
205975,B,57,06/02/2022,
205976,A,65,04/03/2025,
205977,A,59,13/10/2024,
205978,P,54,13/10/2022,
205979,A,52,31/03/2023,
205980,A,27,08/07/2022,
205981,B,38,06/06/2022,
205982,A,37,20/10/2023,
205983,A,27,02/07/2025,
205984,P,24,27/04/2022,
205985,A,43,05/09/2023,
205986,A,50,24/01/2025,
205987,P,55,08/02/2022,
205988,B,30,26/02/2025,17/04/2025
205989,B,40,17/06/2024,
205990,B,38,18/02/2022,
205991,A,48,30/06/2024,
205992,X,28,06/02/2024,26/07/2025
205993,A,43,30/10/2023,
205994,A,53,09/05/2023,
205995,A,35,21/02/2024,
205996,B,40,11/11/2022,08/09/2024
205997,B,44,10/08/2023,27/05/2025
205998,A,33,11/10/2022,
205999,B,45,09/01/2024,
206000,A,41,21/05/2023,
206001,A,66,05/11/2022,
206002,A,37,09/04/2024,
206003,A,24,17/11/2024,
206004,A,42,12/07/2023,
206005,P,45,09/10/2023,
206006,A,75,03/10/2023,
206007,B,44,08/11/2022,
206008,B,44,14/12/2023,
206009,P,37,07/12/2022,
206010,P,57,07/06/2023,
206011,A,44,09/10/2022,
206012,A,56,24/06/2025,
206013,A,38,10/03/2025,
206014,B,68,13/03/2022,09/03/2023
206015,A,43,15/05/2024,
206016,P,62,13/04/2025,
206017,A,47,16/11/2023,
206018,B,31,08/05/2023,
206019,A,34,28/06/2023,
206020,A,47,09/05/2023,
206021,A,18,09/01/2025,
206022,B,52,17/07/2025,
206023,B,47,08/03/2023,
206024,P,56,23/05/2023,
206025,P,18,02/05/2024,
206026,A,41,29/01/2025,
206027,A,48,13/05/2023,
206028,A,29,17/04/2024,
206029,P,24,17/06/2025,
206030,A,27,10/12/2024,
206031,A,51,26/07/2023,
206032,A,48,18/08/2023,
206033,B,58,15/01/2024,
206034,B,57,20/04/2023,
206035,A,53,08/06/2025,
206036,A,29,13/01/2023,
206037,A,58,17/02/2023,
206038,P,69,29/03/2022,
206039,B,18,31/12/2024,
206040,A,59,08/01/2024,
206041,B,46,29/10/2024,03/10/2026
206042,B,58,24/03/2022,17/10/2023
206043,B,40,15/05/2022,17/11/2022
206044,A,47,27/05/2024,
206045,A,45,25/10/2023,
206046,P,20,26/09/2022,
206047,P,41,25/06/2025,
206048,P,22,23/05/2022,
206049,A,26,01/05/2023,
206050,A,36,04/05/2022,
206051,A,39,06/04/2025,
206052,B,51,25/12/2024,
206053,P,30,25/11/2022,
206054,A,56,01/01/2025,
206055,A,65,18/11/2024,
206056,A,65,28/09/2023,
206057,A,30,21/03/2025,
206058,B,50,02/03/2025,
206059,B,31,29/01/2022,05/01/2024
206060,B,21,09/01/2023,
206061,A,61,13/01/2024,
206062,A,45,17/08/2023,
206063,A,42,25/09/2024,
206064,B,37,24/12/2022,
206065,B,40,10/04/2025,
206066,P,68,31/12/2022,
206067,A,54,25/08/2022,
206068,A,63,07/07/2022,
206069,B,40,20/08/2023,13/11/2024
206070,A,43,04/08/2023,
206071,A,39,18/07/2025,
206072,A,45,15/02/2024,
206073,A,44,04/04/2025,
206074,B,42,11/03/2023,
206075,A,31,03/12/2023,
206076,P,47,03/09/2024,
206077,A,36,28/10/2022,
206078,A,26,12/04/2023,
206079,B,45,19/01/2022,14/04/2024
206080,B,32,26/09/2024,06/04/2025
206081,B,57,14/06/2023,02/04/2025
206082,A,58,18/03/2022,
206083,A,34,06/10/2022,
206084,A,41,23/11/2022,
206085,B,55,03/04/2022,10/06/2024
206086,A,47,27/01/2023,
206087,B,24,10/03/2023,
206088,A,42,19/11/2024,
206089,P,54,11/10/2024,
206090,A,45,13/06/2024,
206091,A,20,09/08/2022,
206092,B,47,06/02/2022,
206093,A,55,17/10/2022,
206094,A,23,09/06/2022,
206095,P,42,25/02/2022,
206096,A,48,15/07/2022,
206097,B,32,06/07/2024,
206098,B,64,22/06/2023,12/09/2023
206099,A,20,17/02/2024,
206100,X,46,03/10/2023,
206101,A,60,26/02/2024,
206102,P,18,20/12/2024,
206103,B,24,07/07/2022,
206104,A,56,08/07/2022,
206105,B,25,05/01/2024,21/09/2024
206106,P,25,20/04/2024,
206107,A,52,22/09/2023,
206108,P,49,22/03/2023,
206109,A,47,16/06/2024,
206110,A,70,03/08/2023,
206111,A,50,29/12/2023,
206112,P,68,24/05/2025,
206112,A,51,22/03/2024,
206114,P,61,26/09/2024,
206115,A,51,08/02/2022,
206116,B,48,20/09/2022,
206117,B,44,09/09/2024,18/06/2025
206118,B,67,08/05/2024,
206119,A,44,17/06/2024,
206120,B,46,19/02/2023,11/04/2025
206121,A,26,07/11/2024,
206122,A,21,17/10/2023,
206123,A,45,21/03/2023,
206124,A,50,26/01/2024,
206125,A,34,31/07/2024,
206126,B,32,11/01/2023,
206127,A,40,06/12/2023,
206128,A,55,19/10/2024,
206129,A,30,16/09/2023,
206130,A,60,13/03/2022,
206131,X,50,23/01/2023,05/11/2024
206132,A,52,21/09/2023,
206133,A,32,14/09/2022,
206134,A,38,01/12/2022,
206135,A,22,25/02/2024,
206136,A,48,06/06/2023,
206137,P,74,06/12/2024,
206138,A,44,09/01/2024,
206139,B,56,15/08/2024,
206140,A,60,26/02/2025,
206141,B,18,20/08/2024,
206142,B,18,22/01/2025,
206143,B,54,21/01/2022,
206144,B,18,14/12/2023,08/07/2024
206145,B,46,21/10/2023,
206146,P,63,12/07/2024,
206147,B,49,27/07/2024,
206148,B,53,10/07/2023,
206149,B,43,22/10/2023,02/02/2024
206150,A,41,25/02/2024,
206151,A,52,26/06/2025,
206152,P,50,20/03/2024,
206153,B,43,13/02/2023,23/04/2025
206154,B,60,24/06/2022,
206155,A,45,20/02/2025,
206156,B,66,20/05/2024,
206157,A,59,29/03/2023,
206158,A,53,22/12/2022,
206159,P,35,10/03/2022,
206160,P,35,04/06/2023,
206161,P,32,10/08/2024,
206162,P,66,08/03/2025,
206163,P,63,14/12/2024,
206164,P,41,21/01/2025,
206165,A,66,16/12/2022,
206166,A,63,05/05/2024,
206167,X,40,12/04/2023,
206168,A,35,04/12/2022,
206169,P,50,01/07/2023,
206170,A,64,20/07/2024,
206171,A,22,06/12/2022,
206172,A,45,21/12/2024,
206173,A,33,11/01/2025,
206174,B,46,20/07/2022,05/12/2023
206175,P,74,07/07/2025,
206176,A,49,26/09/2023,
206177,A,36,15/02/2024,
206178,A,41,03/01/2023,
206179,B,29,13/05/2024,
206180,B,49,21/07/2024,
206181,B,29,06/10/2023,
206182,P,52,20/02/2025,
206183,A,43,31/05/2025,
206184,B,51,24/07/2022,01/09/2023
206185,A,53,18/03/2023,
206186,A,57,07/06/2023,
206187,B,28,04/02/2025,
206188,P,42,08/04/2022,
206189,A,44,05/03/2023,
206190,B,38,22/12/2024,
206191,A,36,26/11/2024,
206192,B,42,24/04/2023,
206193,B,18,18/12/2024,
206194,B,34,24/12/2023,
206195,A,42,30/10/2022,
206196,A,50,17/09/2024,
206197,A,39,25/03/2024,
206198,X,52,29/04/2024,
206199,A,72,08/03/2025,
206200,P,54,21/07/2025,
206201,A,45,21/03/2023,
206202,A,34,03/06/2022,
206203,A,55,27/10/2023,
206204,A,25,19/11/2023,
206205,B,40,24/04/2022,
206206,P,49,06/03/2023,
206207,B,35,16/07/2025,31/12/2027
206208,P,38,24/11/2023,
206209,P,40,02/11/2022,
206210,A,49,03/05/2022,
206211,A,55,12/04/2022,
206212,A,50,13/11/2022,
206213,A,34,30/11/2023,
206214,P,43,03/07/2023,
206215,A,48,10/03/2025,
206216,A,49,27/03/2022,
206217,A,42,10/05/2022,
206218,B,40,23/04/2025,
206219,P,51,22/02/2024,
206220,B,63,09/10/2023,13/10/2024
206221,A,34,27/02/2023,
206222,B,48,31/07/2022,21/12/2023
206223,A,44,07/02/2023,
206224,A,24,12/05/2025,
206225,A,47,27/01/2024,
206226,A,37,23/10/2022,
206227,B,59,15/03/2024,02/07/2025
206228,A,49,01/08/2023,
206229,P,37,02/06/2024,
206230,A,63,21/11/2024,
206231,A,59,23/08/2023,
206232,A,68,13/05/2024,
206233,A,34,07/04/2025,
206234,P,36,30/03/2023,
206235,A,35,27/05/2024,
206236,X,46,09/03/2024,08/08/2025
206237,P,18,29/06/2022,
206238,B,30,18/05/2023,
206239,A,30,14/01/2024,
206240,A,54,01/09/2024,
206241,B,44,24/03/2024,
206242,A,49,12/10/2022,
206243,B,57,22/10/2023,20/02/2024
206244,P,44,25/04/2024,
206245,P,54,09/05/2022,
206246,A,52,13/08/2023,
206247,A,44,13/05/2022,
206248,P,23,02/01/2024,
206249,P,43,15/01/2023,
206250,B,44,11/02/2022,05/09/2023
206251,A,45,02/01/2024,
206252,P,29,27/03/2024,
206253,A,30,06/10/2024,
206254,A,29,21/03/2023,
206255,B,40,22/10/2023,22/03/2026
206256,A,36,13/11/2022,
206257,A,44,17/07/2024,
206258,A,48,20/03/2023,
206259,A,32,25/05/2022,
206260,P,43,24/01/2025,
206261,B,28,23/09/2023,
206262,A,57,01/02/2023,
206263,P,60,01/08/2023,
206264,A,53,21/07/2024,
206265,B,27,27/10/2024,17/06/2025
206266,A,28,08/04/2025,
206267,B,50,22/10/2024,
206268,A,24,21/06/2025,
206269,P,55,28/05/2022,
206270,B,53,06/05/2022,
206271,P,58,01/01/2022,
206272,A,51,28/11/2024,
206273,A,53,24/04/2022,
206274,A,56,01/05/2024,
206275,A,41,20/07/2024,
206276,P,55,31/10/2023,
206277,P,59,20/08/2022,
206278,A,40,01/03/2024,
206279,A,30,27/10/2022,
206280,B,56,10/09/2023,
206281,A,25,16/04/2023,
206282,P,42,20/02/2025,
206283,A,40,12/11/2022,
206284,B,43,19/02/2025,
206285,P,33,15/06/2024,
206286,B,60,26/03/2024,
206287,A,49,10/07/2024,
206288,A,51,18/02/2024,
206289,A,45,23/07/2025,
206290,A,48,01/09/2024,
206291,A,34,01/09/2024,
206292,A,44,06/11/2022,
206293,B,50,09/02/2025,07/05/2025
206294,A,33,12/10/2024,
206295,A,64,05/04/2024,
206296,A,59,25/09/2022,
206297,B,70,01/03/2025,
206298,A,87,07/01/2024,
206299,X,58,14/02/2024,
206300,A,41,23/05/2023,
206301,B,22,05/07/2025,
206302,A,31,23/05/2024,
206303,B,51,21/07/2022,
206304,P,39,31/10/2022,
206305,A,40,22/04/2025,
206306,P,81,29/11/2023,
206307,A,62,30/07/2024,
206308,A,38,11/05/2022,
206309,B,58,21/12/2022,
206310,P,36,08/11/2022,
206310,P,40,30/01/2023,
206312,B,42,01/07/2022,
206313,B,49,05/11/2022,
206314,P,39,02/07/2023,
206315,A,29,22/06/2022,
206316,B,54,15/04/2022,
206317,B,45,01/05/2025,01/11/2026
206318,B,45,13/08/2024,
206319,P,44,01/05/2023,
206320,X,58,07/07/2025,
206321,A,45,01/12/2023,
206322,A,43,03/06/2024,
206323,A,46,13/08/2022,
206324,B,27,12/11/2024,
206325,P,48,14/02/2024,
206326,B,54,29/12/2024,15/05/2026
206327,A,18,13/01/2023,
206328,A,54,05/02/2024,
206329,A,38,23/04/2023,
206330,A,59,27/10/2024,
206331,A,30,25/01/2022,
206332,A,28,16/02/2025,
206333,X,35,30/12/2022,
206334,A,35,28/11/2023,
206335,P,67,11/07/2022,
206336,P,60,24/01/2025,
206337,B,38,27/12/2023,04/05/2024
206338,A,75,15/01/2023,
206339,A,45,17/08/2022,
206340,A,45,17/08/2022,
206341,A,28,27/01/2025,
206342,P,65,28/12/2023,
206343,A,53,09/11/2022,
206344,B,64,28/05/2022,
206345,P,43,13/10/2022,
206346,A,56,10/04/2022,
206347,A,18,26/07/2022,
206348,A,57,19/05/2024,
206349,A,28,06/12/2023,
206350,A,48,29/06/2025,
206351,P,56,12/06/2022,
206352,A,62,09/04/2024,
206353,A,34,09/09/2022,
206354,P,45,17/07/2024,
206355,A,53,05/07/2022,
206356,A,54,06/08/2022,
206357,B,50,28/05/2022,
206358,A,26,27/11/2024,
206359,A,44,24/10/2023,
206360,B,70,01/02/2023,
206361,B,52,18/02/2025,
206362,P,51,03/08/2023,
206363,B,48,12/10/2023,
206364,A,24,23/06/2025,
206365,P,65,28/04/2023,
206366,B,71,04/01/2023,
206367,A,50,06/12/2024,
206368,A,54,10/04/2024,
206369,P,54,10/02/2022,
206370,A,37,10/11/2022,
206371,A,49,24/06/2022,
206372,A,27,06/12/2023,
206373,A,56,03/03/2024,
206374,B,18,12/07/2025,27/10/2025
206375,X,40,09/12/2023,
206376,A,18,11/03/2024,
206377,B,56,17/05/2022,
206378,A,58,19/08/2022,
206379,A,45,25/07/2024,
206380,B,53,21/05/2022,01/01/2024
206381,A,48,27/10/2022,
206382,B,67,22/06/2022,11/11/2022
206383,B,49,08/07/2023,
206384,A,49,05/05/2024,
206385,A,47,11/05/2024,
206386,B,61,05/03/2024,
206387,P,43,24/03/2023,
206388,A,18,05/03/2024,
206389,B,22,15/07/2022,
206390,P,27,11/05/2024,
206391,B,53,12/03/2025,
206392,B,57,03/09/2023,11/02/2025
206393,B,58,15/04/2024,
206394,P,46,15/05/2025,
206395,A,18,08/01/2022,
206396,A,48,19/11/2024,
206397,B,29,11/12/2024,
206398,B,44,17/02/2023,
206399,B,43,13/12/2022,
206400,A,58,23/04/2024,
206401,P,79,22/11/2022,
206402,A,42,30/12/2024,
206403,A,59,23/05/2025,
206404,A,33,26/06/2024,
206405,P,26,16/09/2024,
206406,P,52,09/11/2022,
206407,A,41,30/09/2022,
206408,A,57,22/11/2022,
206409,A,64,08/09/2022,
206410,A,61,08/02/2023,
206411,A,38,17/05/2024,
206412,A,43,06/06/2023,
206413,A,49,03/11/2023,
206414,A,36,26/06/2023,
206415,B,45,13/09/2023,
206416,A,23,25/05/2025,
206417,A,18,22/05/2022,
206418,P,44,15/10/2023,
206419,B,57,05/05/2025,
206420,A,46,04/08/2022,
206421,P,65,19/04/2023,
206422,B,47,29/04/2022,04/05/2024
206423,B,31,28/11/2022,
206424,A,61,17/06/2023,
206425,A,42,04/07/2022,
206426,A,60,07/09/2022,
206427,B,49,18/03/2024,31/07/2026
206428,A,44,02/08/2023,
206429,B,35,02/02/2024,
206430,A,40,13/01/2025,
206431,B,40,02/09/2024,19/01/2026
206432,B,28,04/11/2022,
206433,B,47,10/05/2025,22/07/2025
206434,A,27,07/04/2022,
206435,A,45,21/04/2023,
206436,B,53,30/03/2024,26/01/2026
206437,B,56,04/05/2025,
206438,A,41,04/02/2024,
206439,P,30,22/02/2025,
206440,B,48,30/12/2023,
206441,A,35,15/12/2023,
206442,A,58,28/02/2022,
206443,B,45,07/10/2023,
206444,P,27,25/03/2022,
206445,B,39,13/02/2025,
206446,X,24,27/04/2025,04/02/2026
206447,X,30,12/06/2024,03/07/2026
206448,B,41,08/08/2022,
206449,A,40,21/02/2023,
206450,P,43,23/11/2023,
206451,B,36,26/10/2022,
206452,B,25,23/12/2024,09/05/2027
206453,P,52,06/07/2022,
206454,P,43,14/03/2022,
206455,B,39,16/03/2024,
206456,P,29,13/04/2025,
206457,A,38,04/05/2022,
206458,P,29,06/06/2025,
206459,B,51,04/02/2022,
206460,B,38,13/02/2024,
206461,A,42,14/12/2024,
206462,X,43,17/08/2022,06/02/2023
206463,P,52,27/03/2024,
206464,A,68,16/10/2024,
206465,B,46,03/03/2024,
206466,P,21,21/08/2023,
206467,A,60,19/07/2023,
206468,B,31,27/04/2024,07/07/2025
206469,P,63,27/04/2024,
206470,A,29,24/11/2022,
206471,A,46,16/08/2023,
206472,B,42,09/02/2023,09/10/2024
206473,P,44,15/05/2024,
206474,A,43,01/01/2023,
206475,B,54,04/05/2024,
206476,A,54,21/03/2025,
206477,A,37,06/06/2024,
206478,B,40,01/06/2023,28/11/2023
206479,P,48,31/10/2023,
206479,A,47,24/05/2025,
206481,B,27,18/12/2022,
206482,A,52,13/01/2025,
206483,A,51,22/08/2022,
206484,B,42,11/06/2024,
206485,A,50,28/03/2024,
206486,A,57,17/07/2025,
206487,B,20,03/12/2024,
206488,A,60,06/12/2022,
206489,A,41,01/05/2024,
206490,A,49,11/07/2023,
206491,B,41,28/08/2022,
206492,P,29,20/06/2023,
206493,A,53,21/02/2023,
206494,B,33,31/12/2024,
206495,A,36,17/02/2024,
206496,A,71,02/05/2024,
206497,B,32,02/07/2025,01/02/2026
206498,P,31,04/12/2022,
206499,A,50,13/08/2023,
206500,P,31,15/03/2023,
206501,A,58,21/05/2024,
206502,A,28,07/07/2023,
206503,A,61,02/02/2022,
206504,P,52,08/05/2025,
206505,A,49,12/12/2024,
206506,P,43,27/02/2022,
206507,B,38,27/12/2023,
206508,A,54,21/05/2025,
206509,A,64,03/04/2023,
206510,X,41,03/05/2025,
206511,P,49,01/03/2023,
206512,A,38,19/12/2022,
206513,P,60,28/10/2022,
206514,B,37,21/04/2025,
206515,B,29,05/02/2024,20/03/2025
206516,A,33,10/03/2025,
206517,B,50,22/05/2022,23/07/2024
206518,A,36,01/03/2022,
206519,P,44,02/02/2025,
206520,P,33,27/12/2024,
206521,A,39,27/06/2022,
206522,A,44,06/10/2024,
206523,P,47,28/03/2024,
206524,B,41,13/10/2024,
206525,A,34,07/12/2024,
206526,P,23,11/05/2025,
206527,A,53,09/08/2023,
206528,A,24,30/09/2024,
206529,A,40,03/11/2023,
206530,A,56,05/08/2024,
206531,P,20,05/01/2022,
206532,A,49,28/07/2022,
206533,P,40,21/04/2022,
206534,A,57,16/09/2022,
206535,P,48,27/05/2024,
206536,P,47,07/03/2024,
206537,P,48,14/05/2025,
206538,A,55,13/07/2024,
206539,B,55,19/03/2025,
206540,B,32,15/06/2023,
206541,A,61,21/03/2022,
206542,B,56,28/08/2024,
206543,B,40,24/10/2024,02/12/2025
206544,A,33,23/01/2025,
206545,A,59,08/10/2024,
206546,P,40,02/05/2023,
206547,A,43,30/06/2022,
206548,A,39,09/09/2022,
206549,B,51,30/05/2022,13/11/2022
206550,A,36,10/08/2024,
206551,B,46,28/03/2025,
206552,A,36,02/04/2022,
206553,P,48,05/05/2024,
206554,B,41,12/11/2022,
206555,B,51,14/01/2023,
206556,B,60,14/03/2025,
206557,B,36,09/03/2024,14/01/2026
206558,P,53,01/11/2022,
206559,A,44,09/10/2022,
206560,A,77,20/01/2022,
206561,P,34,20/11/2022,
206562,A,19,09/08/2022,
206563,A,28,15/04/2024,
206564,A,29,23/05/2024,
206565,A,56,18/12/2024,
206566,A,38,10/06/2025,
206567,A,66,30/08/2023,
206568,P,44,28/09/2023,
206569,A,38,05/07/2025,
206570,A,36,01/07/2025,
206571,A,48,08/06/2023,
206572,A,59,02/12/2023,
206573,A,18,17/11/2022,
206574,A,22,05/03/2024,
206575,B,40,11/08/2022,
206576,A,40,28/01/2025,
206577,A,53,20/06/2025,
206578,A,55,10/10/2022,
206579,A,41,08/06/2023,
206580,B,40,28/07/2022,02/10/2022
206581,A,24,07/02/2023,
206582,P,34,06/09/2024,
206583,A,42,16/11/2022,
206584,P,49,24/10/2023,
206585,A,46,22/08/2023,
206586,P,59,29/01/2022,
206587,A,38,12/03/2024,
206588,A,55,02/01/2025,
206589,B,37,09/02/2024,
206590,A,61,24/01/2025,
206591,P,21,28/12/2022,
206592,A,68,14/03/2023,
206593,A,46,15/06/2024,
206594,B,42,07/09/2023,
206595,A,55,02/03/2024,
206596,A,19,25/07/2024,
206597,P,54,13/08/2024,
206598,P,49,29/07/2024,
206599,A,44,14/04/2022,
206600,A,76,16/07/2022,
206601,B,43,13/07/2024,
206602,A,55,13/04/2023,
206603,A,46,29/04/2023,
206604,A,36,03/11/2023,
206605,A,58,09/06/2023,
206606,P,51,19/06/2023,
206607,P,32,13/05/2023,
206608,B,43,23/06/2023,08/01/2024
206609,P,51,10/04/2023,
206610,B,66,13/08/2022,
206611,B,40,14/05/2022,23/06/2024
206612,B,29,19/11/2023,24/06/2025
206613,P,35,21/04/2023,
206614,B,43,26/06/2023,
206615,A,36,17/03/2022,
206616,A,57,03/08/2022,
206617,A,43,10/03/2025,
206618,A,45,30/04/2024,
206619,X,28,28/01/2025,
206620,A,53,26/12/2023,
206621,A,43,04/05/2024,
206622,A,36,16/08/2024,
206623,B,46,26/09/2022,
206624,A,47,26/09/2023,
206625,A,25,25/10/2023,
206626,A,58,04/05/2022,
206627,P,48,11/11/2023,
206628,B,41,10/01/2023,22/06/2023
206629,P,41,02/04/2023,
206630,B,36,07/05/2025,26/08/2026
206631,A,52,14/09/2022,
206632,A,59,04/04/2022,
206633,B,28,02/08/2023,09/02/2024
206634,A,47,20/01/2025,
206635,A,29,15/07/2022,
206636,A,32,22/08/2024,
206637,B,48,28/12/2023,
206638,P,41,21/06/2023,
206639,A,20,11/09/2023,
206640,B,47,28/03/2022,22/11/2023
206641,A,18,26/01/2023,
206642,P,30,19/05/2025,
206643,A,37,03/03/2022,
206644,A,42,19/01/2024,
206645,X,43,17/05/2025,
206646,P,53,05/02/2023,
206647,A,34,30/04/2025,
206648,B,38,09/05/2023,
206649,A,43,11/11/2023,
206650,P,42,09/07/2025,
206651,A,34,15/06/2024,
206652,A,46,14/06/2023,
206653,A,31,12/05/2023,
206654,A,52,30/01/2024,
206655,A,58,24/09/2024,
206656,A,64,28/09/2023,
206657,A,37,08/12/2024,
206658,A,32,02/05/2023,
206659,B,29,18/10/2022,22/08/2024
206660,P,18,21/08/2022,
206661,B,27,02/05/2024,14/09/2025
206662,A,35,26/02/2024,
206663,B,60,19/05/2023,
206664,A,50,27/07/2024,
206665,A,50,22/06/2022,
206666,B,27,23/10/2023,
206667,B,33,02/01/2022,
206668,A,42,02/07/2024,
206669,P,39,08/06/2024,
206670,B,32,02/03/2025,
206671,A,66,09/04/2023,
206672,X,63,05/11/2023,
206673,B,49,09/04/2022,
206674,A,22,08/08/2024,
206675,A,41,04/12/2024,
206676,B,23,24/08/2023,
206677,P,35,17/06/2025,
206678,B,18,24/02/2025,
206679,A,41,21/08/2024,
206680,A,43,13/02/2022,
206681,A,53,06/06/2025,
206682,B,41,25/11/2023,
206683,A,34,06/01/2023,
206684,A,45,11/09/2024,
206685,A,25,26/05/2023,
206686,P,50,16/01/2023,
206687,B,54,19/08/2022,
206688,X,27,03/01/2025,
206689,A,51,12/01/2024,
206690,B,51,12/04/2024,11/05/2026
206691,A,24,01/01/2023,
206692,A,40,30/07/2024,
206693,P,52,20/02/2024,
206694,P,28,01/12/2023,
206695,P,46,28/06/2023,
206696,A,42,24/08/2022,
206697,A,24,07/04/2025,
206698,A,60,20/09/2022,
206699,B,51,01/11/2022,27/08/2023
206700,A,33,21/11/2022,
206701,B,65,24/01/2025,16/04/2025
206702,A,33,12/06/2022,
206703,P,39,29/05/2025,
206704,P,19,07/08/2024,
206705,B,59,01/05/2023,13/08/2025
206706,P,38,25/09/2023,
206707,A,66,24/01/2023,
206708,B,39,01/05/2023,
206709,A,32,15/02/2024,
206710,B,46,13/10/2022,26/03/2023
206711,A,26,02/08/2022,
206712,B,31,23/08/2024,14/04/2025
206713,A,40,14/04/2022,
206714,X,72,23/02/2022,17/06/2024
206715,A,33,27/03/2025,
206716,A,41,27/11/2023,
206717,A,31,13/03/2025,
206718,P,45,01/06/2022,
206719,B,51,31/08/2023,08/06/2024
206720,A,49,08/06/2024,
206721,B,72,29/03/2023,06/04/2025
206722,A,21,27/03/2022,
206723,A,30,25/04/2023,
206724,A,51,08/03/2024,
206725,B,24,28/10/2023,14/12/2024
206726,X,57,05/05/2023,12/08/2025
206727,A,40,17/05/2025,
206728,A,21,08/02/2024,
206729,X,48,01/04/2025,
206730,X,25,17/04/2022,
206731,P,37,07/04/2023,
206732,A,25,24/02/2023,
206733,B,55,05/04/2025,
206734,A,45,02/07/2025,
206735,B,36,05/01/2022,
206736,A,59,21/08/2024,
206737,A,50,16/02/2024,
206738,P,49,31/08/2022,
206739,B,51,21/07/2023,02/04/2024
206740,A,45,21/07/2025,
206741,P,82,06/04/2024,
206742,B,25,30/10/2023,22/01/2025
206743,B,48,25/02/2022,19/07/2024
206744,X,48,23/07/2023,
206745,P,53,27/06/2022,
206746,A,74,17/06/2022,
206747,B,42,10/02/2025,17/08/2026
206748,A,42,08/05/2025,
206749,A,47,24/01/2023,
206750,P,42,08/11/2023,
206751,A,42,10/02/2022,
206752,B,31,28/06/2022,02/04/2023
206753,X,39,17/11/2022,
206754,A,33,14/05/2025,
206755,B,41,24/06/2023,
206756,A,52,25/07/2023,
206757,P,21,21/01/2024,
206758,B,40,29/10/2023,
206759,B,41,04/05/2025,
206760,A,36,20/10/2023,
206761,A,18,19/11/2024,
206762,A,62,09/02/2022,
206763,A,48,29/11/2024,
206764,P,60,23/09/2022,
206765,A,45,03/02/2024,
206766,B,18,29/12/2022,11/05/2024
206767,A,40,05/02/2024,
206768,P,42,01/10/2023,
206769,A,46,22/04/2022,
206770,B,50,03/01/2025,
206771,B,51,21/03/2022,07/11/2023
206772,B,45,20/04/2024,
206773,B,39,20/08/2024,
206774,P,38,09/01/2025,
206775,A,55,02/07/2025,
206775,A,66,02/12/2024,
206777,P,34,10/05/2025,
206778,A,49,03/11/2023,
206779,A,27,20/11/2023,
206780,A,48,08/07/2023,
206781,B,54,28/03/2024,
206782,B,70,28/05/2023,
206783,A,57,15/04/2025,
206784,A,38,23/09/2023,
206785,A,50,26/02/2022,
206786,A,58,27/10/2024,
206787,A,38,28/12/2022,
206788,P,31,22/06/2024,
206789,A,52,23/07/2022,
206790,B,39,18/07/2025,
206791,P,43,16/12/2024,
206792,A,36,06/01/2025,
206793,X,39,30/07/2023,
206794,A,46,12/02/2024,
206795,B,32,10/04/2022,25/01/2024
206796,B,68,10/09/2022,18/06/2023
206797,P,41,17/02/2022,
206798,P,42,17/02/2025,
206799,A,49,15/12/2022,
206800,A,49,14/08/2022,
206801,B,26,13/12/2022,
206802,B,40,20/02/2022,
206803,B,51,01/09/2023,
206804,B,33,07/09/2023,
206805,A,31,22/09/2022,
206806,B,28,03/01/2024,05/06/2024
206807,B,43,07/06/2023,
206808,A,66,26/01/2024,
206809,B,38,05/03/2024,01/04/2026
206810,A,29,04/10/2024,
206811,A,49,04/12/2023,
206812,B,46,27/06/2022,02/11/2023
206813,P,63,29/05/2023,
206814,P,37,03/07/2024,
206815,B,40,02/07/2023,
206816,B,38,07/02/2022,
206817,A,19,18/04/2022,
206818,A,24,22/05/2023,
206819,B,21,31/03/2022,
206820,B,20,05/06/2025,
206821,B,47,04/06/2022,04/04/2024
206822,A,38,10/11/2024,
206823,A,28,25/06/2025,
206824,A,58,16/10/2023,
206825,A,32,16/05/2022,
206826,A,46,17/06/2023,
206827,A,67,02/02/2023,
206828,X,40,24/10/2022,
206829,A,63,08/08/2022,
206830,P,20,11/07/2024,
206831,A,50,11/11/2022,
206832,A,37,12/06/2024,
206833,A,46,04/09/2022,
206834,B,57,10/10/2022,
206835,B,52,27/12/2024,
206836,A,50,27/04/2023,
206837,P,42,22/02/2023,
206838,A,40,15/04/2025,
206839,B,46,01/10/2022,
206840,A,70,28/07/2024,
206841,A,36,14/08/2023,
206842,A,78,16/01/2022,
206843,B,54,20/03/2024,
206844,A,43,25/01/2025,
206845,A,42,29/06/2022,
206846,P,45,09/11/2023,
206847,A,36,28/01/2025,
206848,A,46,30/07/2023,
206849,P,24,23/09/2023,
206850,B,18,06/08/2023,
206851,A,53,04/02/2025,
206852,B,48,26/07/2023,
206853,B,46,29/05/2023,02/11/2024
206854,P,42,23/01/2024,
206855,B,37,16/05/2024,05/10/2026
206856,P,18,26/03/2022,
206857,B,57,09/03/2023,
206858,A,31,11/07/2024,
206859,A,50,09/12/2023,
206860,A,28,26/02/2023,
206861,B,45,15/08/2023,
206862,B,28,22/03/2023,29/08/2023
206863,A,31,10/07/2025,
206864,A,60,31/12/2024,
206865,P,40,02/02/2023,
206866,A,46,27/09/2024,
206867,B,48,14/05/2023,14/02/2024
206868,X,55,23/09/2024,
206869,A,47,01/07/2025,
206870,B,38,02/05/2024,
206871,P,38,26/08/2023,
206872,B,38,08/08/2024,
206873,A,49,08/10/2023,
206874,A,21,26/08/2022,
206875,A,44,07/07/2023,
206876,A,62,24/08/2024,
206877,A,34,12/12/2024,
206878,A,43,01/09/2022,
206879,A,37,24/11/2022,
206880,B,20,24/05/2024,
206881,A,64,30/01/2023,
206882,B,52,08/01/2023,
206883,A,38,03/06/2023,
206884,A,54,17/07/2023,
206885,A,19,03/11/2023,
206886,A,49,21/09/2023,
206887,A,60,06/07/2023,
206888,A,52,28/12/2023,
206889,P,36,28/05/2023,
206890,A,43,07/12/2022,
206891,B,49,20/04/2024,
206892,A,18,21/11/2024,
206893,B,46,14/05/2022,
206894,A,18,26/09/2023,
206895,A,23,06/07/2025,
206896,P,39,20/05/2022,
206897,A,62,11/03/2025,
206898,B,34,10/08/2024,
206899,A,50,05/04/2024,
206900,A,55,25/04/2024,
206901,A,57,26/02/2022,
206902,A,40,19/01/2025,
206903,A,38,22/04/2025,
206904,A,48,13/02/2025,
206905,B,50,20/07/2023,
206906,A,37,04/01/2023,
206907,A,55,10/08/2022,
206908,A,35,21/04/2022,
206909,P,66,25/09/2023,
206910,B,51,09/08/2023,08/11/2025
206911,A,36,13/11/2022,
206912,B,56,02/10/2022,18/03/2024
206913,A,26,30/04/2025,
206914,A,44,29/04/2025,
206915,A,53,28/03/2023,
206916,P,45,17/02/2023,
206917,A,37,22/03/2025,
206918,A,50,13/05/2025,
206919,A,35,04/11/2023,
206920,A,40,22/08/2024,
206921,A,36,26/04/2022,
206922,B,36,16/05/2025,15/10/2025
206923,P,62,07/10/2024,
206924,A,43,29/12/2023,
206925,P,41,05/07/2024,
206926,B,30,27/02/2023,
206927,P,48,14/05/2022,
206928,A,31,25/10/2024,
206929,A,32,24/09/2023,
206930,B,55,05/02/2023,
206931,A,32,13/05/2023,
206932,A,46,09/04/2025,
206933,P,36,30/01/2025,
206934,A,59,04/04/2022,
206935,B,28,16/12/2022,
206936,A,69,09/08/2023,
206937,B,39,22/08/2024,
206938,A,21,28/11/2024,
206939,A,50,11/04/2025,
206940,B,42,12/07/2024,19/08/2026
206941,P,49,01/09/2022,
206942,A,48,29/09/2022,
206943,A,45,15/11/2024,
206944,B,36,08/08/2024,
206945,A,28,14/07/2024,
206946,A,32,15/01/2022,
206947,B,58,27/01/2024,13/05/2025
206948,P,40,19/11/2023,
206949,A,48,06/01/2025,
206950,A,66,24/12/2022,
206951,A,54,01/07/2024,
206952,B,62,25/02/2024,10/08/2026
206953,P,39,03/06/2023,
206954,B,35,09/02/2023,
206955,A,30,04/06/2024,
206956,A,69,24/03/2022,
206957,P,54,30/04/2024,
206958,P,53,28/04/2025,
206959,B,52,23/07/2024,
206960,P,34,27/04/2024,
206961,P,35,25/05/2025,
206962,A,55,08/11/2023,
206963,B,51,05/12/2023,28/01/2024
206964,A,28,12/07/2024,
206965,A,27,25/10/2024,
206966,A,47,01/01/2023,
206967,A,50,26/10/2022,
206968,X,53,15/01/2025,
206969,B,37,12/11/2023,
206970,P,39,03/07/2023,
206971,B,26,20/07/2022,
206972,P,55,23/06/2024,
206973,A,48,03/01/2022,
206974,P,39,21/08/2024,
206975,P,19,16/04/2024,
206976,P,42,06/03/2023,
206977,A,33,28/02/2023,
206978,A,51,29/07/2022,
206979,A,51,19/02/2025,
206980,P,28,02/04/2023,
206981,A,42,26/02/2023,
206982,P,38,02/10/2024,
206983,B,65,21/07/2022,29/12/2024
206984,A,69,28/06/2025,
206985,P,43,01/06/2022,
206986,A,64,30/06/2025,
206987,B,49,13/02/2023,
206988,B,43,14/07/2024,12/03/2026
206989,A,52,18/11/2024,
206990,A,52,05/05/2025,
206991,B,47,14/05/2022,
206992,A,45,14/08/2024,
206993,B,52,31/07/2022,
206994,A,45,28/11/2024,
206995,A,40,04/02/2025,
206996,B,32,20/10/2024,
206997,A,56,23/12/2024,
206998,B,45,31/08/2023,
206999,A,45,16/10/2023,
207000,A,61,08/04/2025,
207001,A,50,07/01/2023,
207002,A,30,02/07/2025,
207003,P,44,17/02/2022,
207004,B,55,10/11/2023,14/07/2024
207005,P,46,05/06/2023,
207006,B,40,16/05/2022,
207007,A,48,26/11/2022,
207008,P,49,06/12/2022,
207009,P,53,25/07/2024,
207010,A,40,03/02/2023,
207011,B,64,18/10/2023,
207012,A,39,24/03/2023,
207013,A,63,13/07/2024,
207014,A,64,13/05/2024,
207015,P,28,31/05/2025,
207016,B,33,23/07/2025,30/07/2027
207017,A,39,11/07/2025,
207018,B,43,24/02/2025,05/04/2026
207019,A,47,20/12/2023,
207020,A,29,15/08/2023,
207021,A,61,04/05/2024,
207022,A,54,24/01/2022,
207023,B,39,23/12/2024,
207024,B,56,26/03/2023,25/06/2023
207025,P,38,25/12/2024,
207026,A,36,13/03/2024,
207027,P,72,22/12/2023,
207028,A,43,26/08/2022,
207029,A,54,19/01/2022,
207030,A,25,27/08/2022,
207031,B,53,13/05/2024,
207032,B,48,22/03/2022,
207033,A,75,21/10/2023,
207034,A,60,02/07/2024,
207035,B,57,16/10/2022,
207036,A,27,03/02/2022,
207037,P,37,11/01/2025,
207038,A,49,17/02/2024,
207039,P,84,09/03/2023,
207040,P,33,14/09/2022,
207041,A,29,06/07/2024,
207042,A,35,31/03/2024,
207043,A,44,02/09/2023,
207044,P,60,10/10/2024,
207045,X,43,16/12/2022,
207046,A,46,23/11/2024,
207047,B,43,01/03/2023,
207048,A,61,05/10/2023,
207049,A,33,06/12/2024,
207050,B,39,07/05/2024,
207051,A,41,02/08/2023,
207052,A,47,25/10/2022,
207053,A,46,22/01/2024,
207054,P,50,10/02/2022,
207055,P,47,07/11/2022,
207056,B,24,02/05/2025,14/05/2026
207057,A,44,06/04/2024,
207058,A,51,08/04/2025,
207059,B,45,22/06/2023,
207060,B,20,19/08/2022,07/09/2023
207061,P,28,06/01/2023,
207062,B,50,30/07/2022,08/06/2024
207063,B,40,03/09/2024,01/02/2025
207064,P,25,10/02/2023,
207065,A,56,21/06/2024,
207066,B,45,17/07/2025,
207067,A,40,16/05/2025,
207068,P,35,01/07/2023,
207069,A,39,02/06/2022,
207070,P,45,25/05/2024,
207071,B,57,01/06/2025,08/08/2025
207072,P,45,01/03/2025,
207073,B,42,03/09/2024,29/10/2024
207074,P,41,21/08/2024,
207075,A,37,16/05/2024,
207076,A,50,02/01/2025,
207077,P,30,01/09/2022,
207078,A,61,02/04/2024,
207079,A,46,16/07/2024,
207080,A,29,06/06/2023,
207081,B,50,31/01/2023,
207082,B,34,22/01/2022,01/10/2022
207083,B,38,23/01/2024,30/08/2024
207084,A,74,03/11/2022,
207085,A,37,25/01/2023,
207086,P,45,17/11/2022,
207087,P,52,21/06/2023,
207088,A,27,26/01/2024,
207089,B,33,28/02/2022,
207090,P,71,26/06/2022,
207091,B,55,15/05/2023,
207092,A,43,15/04/2024,
207093,B,57,12/11/2024,
207094,A,66,09/08/2023,
207095,B,46,25/08/2022,
207096,B,49,23/11/2022,
207097,A,24,21/10/2024,
207098,A,37,24/10/2022,
207099,A,41,29/07/2022,
207100,A,52,10/05/2024,
207101,A,54,20/05/2023,
207102,P,43,06/12/2024,
207103,B,49,13/11/2023,22/02/2025
207104,A,31,31/12/2024,
207105,A,30,08/02/2025,
207106,A,51,15/08/2024,
207107,P,22,26/02/2022,
207108,A,50,13/06/2024,
207109,A,19,26/09/2024,
207110,A,27,10/04/2024,
207111,A,35,15/10/2022,
207112,A,70,15/11/2022,
207113,P,54,09/04/2023,
207114,A,43,16/06/2023,
207115,B,61,08/02/2022,
207116,B,52,15/03/2022,
207117,P,45,17/06/2022,
207118,B,50,17/06/2025,03/06/2027
207119,B,43,30/01/2024,
207120,B,38,08/02/2023,
207121,A,42,08/12/2024,
207122,A,41,16/10/2024,
207123,B,46,25/05/2024,06/07/2026
207124,A,38,01/12/2023,
207125,A,33,12/01/2025,
207126,B,59,23/02/2024,
207126,A,27,15/04/2025,
207128,B,42,12/08/2024,
207129,A,61,12/12/2024,
207130,A,43,03/09/2023,
207131,P,44,15/12/2024,
207132,P,57,16/06/2025,
207133,A,38,20/05/2023,
207134,B,62,18/06/2025,
207135,A,67,06/06/2022,
207136,P,53,11/02/2024,
207137,A,52,21/12/2022,
207138,B,39,18/05/2022,
207139,P,38,08/09/2022,
207140,A,36,01/12/2022,
207141,X,60,28/05/2025,18/03/2027
207142,P,59,08/08/2024,
207143,A,71,25/05/2022,
207144,A,29,08/10/2022,
207145,P,27,10/06/2025,
207146,B,28,25/11/2023,
207147,P,35,05/05/2025,
207148,A,59,03/12/2022,
207149,A,44,29/03/2023,
207150,B,25,13/09/2022,
207151,A,61,29/08/2023,
207152,B,29,09/03/2024,07/06/2024
207153,B,35,25/07/2023,11/06/2024
207154,P,51,08/02/2023,
207155,A,58,29/05/2025,
207156,B,18,10/10/2023,
207157,A,62,22/09/2022,
207158,B,56,15/07/2025,07/07/2027
207159,B,56,29/03/2024,
207160,B,48,12/01/2025,
207161,P,45,18/07/2024,
207162,X,18,31/10/2024,
207163,A,44,31/12/2023,
207164,P,38,06/09/2023,
207165,A,51,16/08/2024,
207166,B,29,09/02/2023,
207167,A,38,27/05/2023,
207168,A,65,30/12/2023,
207169,A,37,10/03/2023,
207170,A,56,28/11/2022,
207171,P,35,20/07/2022,
207172,A,50,25/05/2024,
207173,A,32,04/06/2025,
207174,A,32,21/02/2022,
207175,B,49,19/11/2024,
207176,P,30,17/03/2023,
207177,A,37,30/05/2022,
207178,B,61,25/01/2025,05/04/2027
207179,B,47,17/12/2024,
207180,B,36,10/10/2024,
207181,B,21,28/11/2024,
207182,A,26,15/05/2023,
207183,B,49,30/01/2024,
207184,A,43,12/02/2022,
207185,P,37,27/04/2023,
207186,B,36,13/01/2024,
207187,A,45,16/08/2023,
207188,P,55,28/03/2023,
207189,A,76,12/10/2023,
207190,A,44,27/06/2024,
207191,P,41,18/02/2025,
207192,A,42,07/05/2024,
207193,A,38,23/04/2025,
207194,A,54,09/07/2023,
207195,A,42,19/11/2022,
207196,A,42,18/12/2023,
207197,B,25,14/02/2023,
207198,B,41,16/04/2025,
207199,A,46,22/02/2023,
207200,A,50,31/07/2022,
207201,A,59,02/12/2023,
207202,X,37,17/11/2022,21/01/2024
207203,P,50,16/11/2023,
207204,A,54,04/04/2023,
207205,B,51,14/09/2022,
207206,B,42,25/02/2024,
207207,A,73,06/02/2024,
207208,A,46,07/08/2024,
207209,B,40,28/09/2022,06/11/2022
207210,B,44,26/09/2022,
207211,A,42,07/09/2022,
207212,B,40,19/11/2022,01/02/2025
207213,P,32,01/08/2023,
207214,A,63,09/06/2023,
207215,A,36,09/11/2024,
207216,A,51,13/01/2022,
207217,A,24,22/01/2022,
207218,B,43,23/05/2024,02/02/2026
207219,A,34,06/12/2022,
207220,P,26,19/09/2022,
207221,B,55,16/03/2024,14/08/2026
207222,B,41,21/04/2024,22/12/2024
207223,A,68,07/07/2023,
207224,A,56,12/06/2024,
207225,A,41,15/10/2023,
207226,A,44,02/04/2022,
207227,A,62,23/06/2025,
207228,B,31,03/01/2024,
207229,P,56,16/03/2025,
207230,B,50,09/03/2024,05/07/2024
207231,B,59,06/09/2022,
207232,A,42,24/06/2022,
207233,B,36,15/06/2025,
207234,B,32,25/06/2022,
207235,A,34,18/11/2023,
207236,A,49,18/10/2023,
207237,B,43,19/07/2023,
207238,A,33,03/06/2022,
207239,B,33,09/03/2023,08/07/2024
207240,A,48,13/01/2025,
207241,B,39,04/10/2022,
207242,A,34,05/02/2025,
207243,A,52,03/06/2024,
207244,A,70,15/03/2022,
207245,A,59,19/08/2023,
207246,A,46,03/03/2025,
207247,P,59,28/01/2025,
207248,P,33,19/11/2022,
207249,A,59,15/02/2022,
207250,B,36,15/10/2023,
207251,P,39,22/02/2022,
207252,A,34,25/02/2022,
207253,A,34,13/06/2022,
207254,A,45,06/02/2024,
207255,B,38,01/11/2024,
207256,A,39,25/10/2023,
207257,A,48,27/02/2024,
207258,B,29,23/09/2022,18/01/2024
207259,P,46,08/01/2023,
207260,P,42,23/07/2024,
207261,A,31,25/08/2024,
207262,P,18,29/10/2022,
207263,B,30,04/09/2022,16/04/2024
207264,A,53,16/07/2022,
207265,A,24,14/08/2023,
207266,A,56,01/07/2022,
207267,A,35,25/06/2024,
207268,B,25,06/06/2022,
207269,A,23,23/12/2024,
207270,A,53,12/01/2024,
207271,A,43,04/08/2022,
207272,B,36,01/11/2022,26/05/2024
207273,P,61,15/11/2023,
207274,A,49,01/10/2024,
207275,B,54,20/04/2022,
207276,B,60,19/05/2022,
207277,A,46,20/06/2023,
207278,B,55,02/03/2025,
207279,A,66,22/06/2022,
207280,A,56,25/11/2022,
207281,A,36,22/08/2023,
207282,P,51,09/03/2025,
207283,A,41,25/06/2022,
207284,P,34,25/03/2022,
207285,A,49,20/10/2024,
207286,A,54,16/04/2022,
207287,P,73,08/03/2022,
207288,B,50,17/04/2024,22/02/2026
207289,A,40,09/07/2023,
207290,A,59,09/02/2023,
207291,B,33,03/11/2023,16/04/2026
207292,P,51,16/07/2023,
207293,A,47,11/06/2022,
207294,B,35,16/10/2022,
207295,B,54,16/03/2024,
207296,B,47,20/05/2022,
207297,B,26,07/06/2025,
207298,A,32,08/07/2023,
207299,B,29,27/09/2023,
207300,B,64,06/05/2025,
207301,A,51,07/03/2022,
207302,A,37,24/01/2023,
207303,P,33,16/12/2022,
207304,P,35,15/10/2024,
207305,B,43,07/03/2022,
207306,P,42,13/05/2022,
207307,P,37,12/10/2022,
207308,A,36,13/11/2023,
207309,A,37,29/03/2022,
207310,A,42,20/05/2023,
207311,P,49,02/09/2024,
207312,A,50,12/12/2024,
207313,A,51,03/05/2023,
207314,P,40,28/04/2022,
207315,X,39,19/03/2024,12/08/2024
207316,B,46,03/06/2024,
207317,B,49,15/08/2023,
207318,A,42,17/06/2023,
207319,A,50,13/01/2025,
207320,A,71,23/04/2022,
207321,A,49,18/06/2025,
207322,A,53,19/07/2022,
207323,P,57,23/05/2022,
207324,P,56,04/06/2025,
207325,P,51,04/05/2024,
207326,B,45,17/03/2024,24/02/2025
207327,A,57,09/02/2024,
207328,B,50,07/07/2024,
207329,A,30,30/12/2024,
207330,P,25,20/08/2022,
207331,A,74,05/10/2024,
207332,A,46,23/06/2023,
207333,A,52,11/08/2022,
207334,A,78,12/05/2022,
207335,A,60,27/11/2023,
207336,A,18,20/06/2024,
207337,A,35,19/12/2024,
207338,P,60,26/12/2023,
207339,B,21,19/03/2022,25/09/2023
207340,B,36,29/12/2024,20/04/2026
207341,A,37,29/07/2022,
207342,A,36,13/12/2024,
207343,A,55,06/06/2025,
207344,P,44,07/02/2025,
207345,A,37,24/05/2025,
207346,A,53,03/12/2023,
207347,A,53,22/08/2023,
207348,P,53,26/04/2022,
207349,P,18,12/04/2024,
207350,A,57,20/05/2023,
207351,A,33,19/02/2023,
207352,B,53,07/01/2023,
207353,A,41,26/06/2025,
207354,A,56,03/03/2022,
207355,A,40,09/02/2023,
207356,A,42,17/08/2024,
207357,A,53,05/01/2022,
207358,A,59,06/01/2025,
207359,X,60,28/12/2024,07/02/2027
207360,A,40,12/07/2025,
207361,P,48,08/05/2025,
207362,B,21,02/01/2025,
207363,P,25,16/12/2023,
207364,X,60,21/02/2025,04/07/2025
207365,A,44,23/12/2023,
207366,A,39,29/12/2024,
207367,A,43,24/11/2022,
207368,B,21,28/03/2024,
207369,A,49,28/04/2025,
207370,A,33,30/05/2022,
207371,A,59,26/08/2022,
207372,X,63,23/10/2022,12/04/2023
207373,B,29,13/06/2022,26/11/2023
207374,A,50,07/01/2022,
207375,X,64,15/02/2024,
207376,B,44,12/12/2024,16/01/2026
207377,B,46,26/09/2023,
207378,A,68,31/03/2023,
207379,A,50,25/07/2024,
207380,P,44,11/09/2024,
207381,P,41,16/12/2022,
207382,A,26,14/08/2024,
207383,A,35,14/08/2023,
207384,A,43,17/12/2022,
207385,A,42,24/11/2024,
207386,P,28,01/01/2023,
207387,B,45,17/03/2024,24/04/2025
207388,A,68,06/03/2022,
207389,B,66,14/10/2022,
207390,X,36,06/01/2024,
207391,P,43,01/06/2022,
207392,A,30,04/01/2023,
207393,A,24,15/02/2023,
207394,A,39,26/07/2022,
207395,P,64,17/07/2025,
207396,A,29,02/02/2025,
207397,A,21,09/01/2025,
207398,A,40,14/01/2024,
207399,A,18,05/08/2023,
207400,B,39,02/10/2023,
207401,A,48,26/08/2022,
207402,B,42,19/11/2024,18/06/2026
207403,B,38,07/04/2022,
207404,B,55,05/08/2022,
207405,A,40,10/02/2022,
207406,P,53,14/09/2024,
207407,A,52,03/12/2024,
207408,A,47,13/02/2023,
207409,A,54,15/10/2022,
207410,P,41,24/09/2022,
207411,A,35,19/04/2022,
207412,B,49,03/09/2022,
207413,A,31,04/10/2024,
207414,A,43,15/02/2023,
207415,A,21,15/01/2023,
207416,A,38,21/06/2025,
207417,B,69,04/05/2025,
207418,B,75,08/09/2022,
207419,A,43,31/03/2023,
207420,B,62,09/12/2024,
207421,B,34,25/05/2023,
207422,P,40,04/09/2022,
207423,P,61,02/02/2024,
207424,A,45,05/10/2022,
207425,A,63,10/12/2022,
207426,X,50,19/01/2024,
207427,A,42,04/07/2023,
207428,B,39,14/11/2024,08/01/2026
207429,B,22,17/11/2022,
207430,A,35,19/02/2024,
207431,A,29,11/07/2023,
207432,A,37,21/02/2022,
207433,A,47,20/10/2022,
207434,B,55,06/07/2022,
207435,B,43,10/01/2025,
207436,A,49,16/04/2022,
207437,A,60,19/05/2024,
207438,A,46,03/04/2024,
207439,P,40,12/04/2022,
207440,A,42,31/12/2024,
207441,A,46,20/07/2022,
207442,B,64,15/09/2023,
207443,P,48,28/06/2023,
207444,B,42,05/10/2022,
207445,A,68,08/01/2023,
207446,A,18,20/08/2023,
207447,B,63,08/09/2023,
207448,A,48,26/03/2023,
207449,A,43,23/01/2024,
207450,A,56,12/12/2023,
207451,A,45,05/12/2023,
207452,B,22,01/03/2022,
207453,B,57,20/10/2022,
207454,A,40,19/07/2025,
207455,B,54,25/05/2023,06/11/2025
207456,B,58,22/04/2023,
207457,A,33,22/02/2025,
207458,P,86,27/10/2024,
207459,A,69,15/04/2023,
207460,A,49,20/12/2022,
207461,B,51,12/06/2022,
207462,P,36,20/01/2024,
207463,B,61,30/11/2023,23/08/2024
207464,P,45,28/02/2025,
207465,A,31,03/12/2023,
207466,P,62,01/07/2024,
207467,A,18,04/03/2023,
207468,A,31,05/05/2024,
207469,A,47,26/10/2024,
207470,A,40,27/01/2025,
207471,P,36,19/10/2022,
207472,P,40,06/04/2024,
207473,A,41,04/12/2022,
207474,B,42,01/03/2024,20/03/2025
207475,B,42,09/06/2024,26/06/2026
207476,B,46,15/09/2024,
207477,A,53,30/01/2022,
207478,A,18,06/10/2023,
207479,A,48,05/06/2025,
207480,B,43,15/05/2024,03/10/2025
207481,A,61,29/06/2025,
207482,B,63,10/07/2023,
207483,X,49,04/08/2023,31/10/2025
207484,B,45,22/02/2022,
207484,A,51,31/05/2025,
207486,P,47,27/02/2022,
207487,B,51,02/04/2025,
207488,B,58,03/05/2025,
207489,A,43,04/02/2022,
207490,P,31,27/08/2024,
207491,P,60,27/03/2024,
207492,P,40,27/10/2022,
207493,A,61,26/07/2024,
207494,A,36,17/12/2022,
207495,B,39,09/12/2024,04/03/2027
207496,A,62,31/12/2022,
207497,B,20,30/03/2024,
207498,P,27,03/10/2024,
207499,P,53,31/12/2024,
207500,A,46,20/05/2023,
207501,P,21,11/07/2024,
207502,B,35,17/01/2024,
207503,P,46,05/03/2025,
207504,A,34,09/07/2024,
207505,A,49,30/12/2023,
207506,A,46,29/12/2024,
207507,P,42,25/06/2025,
207508,B,45,24/10/2023,05/10/2024
207509,B,47,09/10/2023,04/03/2025
207510,P,56,06/06/2025,
207511,A,44,04/11/2022,
207512,A,39,26/05/2024,
207513,A,44,30/07/2022,
207514,B,30,03/03/2023,
207515,A,19,17/04/2022,
207516,A,49,05/11/2023,
207517,A,33,20/06/2023,
207518,P,40,07/07/2025,
207519,A,37,18/04/2024,
207520,A,32,19/05/2024,
207521,A,37,21/10/2023,
207522,A,63,31/10/2022,
207523,A,19,12/01/2022,
207524,A,34,10/10/2023,
207525,P,53,05/07/2025,
207526,P,41,28/09/2023,
207527,A,62,19/01/2025,
207528,B,25,15/06/2022,
207529,B,30,20/10/2024,
207530,B,57,07/04/2025,26/01/2027
207531,A,34,16/04/2025,
207532,A,48,10/09/2023,
207533,A,54,06/11/2022,
207534,P,36,25/11/2023,
207535,X,31,11/03/2024,28/01/2025
207536,A,20,23/10/2023,
207537,P,22,26/01/2025,
207538,A,49,26/02/2025,
207539,A,59,23/08/2022,
207540,B,38,15/04/2022,
207541,P,52,28/01/2023,
207542,A,42,28/03/2022,
207543,A,43,10/08/2022,
207544,P,52,09/11/2023,
207545,B,55,14/06/2025,
207546,A,72,10/03/2023,
207547,P,59,14/08/2024,
207548,X,25,26/04/2022,
207549,A,59,03/08/2022,
207550,B,43,27/06/2024,
207551,B,38,24/09/2024,
207552,P,47,05/10/2023,
207553,A,63,22/03/2022,
207554,A,51,21/12/2023,
207555,A,45,16/03/2023,
207556,X,55,15/09/2024,02/11/2025
207557,X,31,19/06/2024,
207558,X,50,09/04/2022,
207559,B,46,10/12/2023,29/04/2024
207560,A,38,01/06/2022,
207561,B,49,01/06/2022,
207562,A,23,17/05/2023,
207563,A,27,21/01/2023,
207564,A,41,13/12/2022,
207565,P,30,21/10/2022,
207566,P,35,02/09/2022,
207567,P,71,13/11/2023,
207568,A,54,06/02/2023,
207569,B,42,04/06/2025,02/11/2025
207570,A,40,19/07/2022,
207571,A,29,21/10/2023,
207572,A,64,15/04/2022,
207573,P,56,01/02/2024,
207574,A,41,27/08/2023,
207575,A,74,23/03/2022,
207576,X,25,27/04/2023,
207577,B,54,26/07/2022,17/08/2023
207578,B,45,23/07/2023,
207579,A,46,03/09/2024,
207580,A,26,06/03/2022,
207581,A,54,28/07/2024,
207582,A,43,02/07/2023,
207583,P,42,22/07/2024,
207584,A,59,07/11/2022,
207585,P,36,14/10/2023,
207586,A,47,19/04/2023,
207587,B,40,24/01/2023,
207588,A,57,08/09/2024,
207589,A,28,04/10/2022,
207590,B,54,16/09/2022,07/04/2023
207591,P,54,30/09/2023,
207592,A,57,04/04/2022,
207593,A,25,03/10/2023,
207594,A,71,19/07/2023,
207595,P,39,26/05/2024,
207596,A,49,06/12/2024,
207597,P,42,01/01/2025,
207598,B,38,22/07/2023,16/07/2025
207599,P,24,24/04/2025,
207600,P,44,11/02/2022,
207601,A,58,11/09/2024,
207602,A,41,29/04/2022,
207603,A,18,04/11/2023,
207604,X,50,25/04/2022,10/09/2022
207605,A,51,31/07/2023,
207606,A,40,27/05/2025,
207607,P,44,28/03/2023,
207608,A,56,10/09/2022,
207609,A,42,11/08/2022,
207610,A,50,16/04/2022,
207611,A,60,24/12/2023,
207612,A,71,29/01/2025,
207613,A,36,14/02/2024,
207614,B,50,06/05/2025,
207615,A,43,02/10/2022,
207616,A,50,03/06/2025,
207617,A,35,03/04/2025,
207618,B,55,12/03/2022,30/09/2022
207619,A,36,09/06/2022,
207620,P,38,26/09/2023,
207621,B,50,04/04/2023,
207622,A,52,21/10/2022,
207623,B,41,20/03/2024,
207624,A,37,08/03/2023,
207625,A,50,13/01/2023,
207626,A,34,07/07/2024,
207627,B,43,09/10/2024,
207628,A,41,19/03/2023,
207629,A,40,11/07/2025,
207630,B,57,13/04/2024,15/10/2025
207631,A,53,17/01/2022,
207632,A,54,17/03/2025,
207633,B,62,20/03/2024,
207634,A,41,27/05/2025,
207635,A,43,18/07/2022,
207636,A,52,05/08/2022,
207637,B,38,25/05/2025,
207638,P,41,19/09/2022,
207639,B,39,13/06/2024,
207640,B,46,25/07/2023,
207641,B,51,15/02/2024,
207642,A,53,17/02/2025,
207643,B,51,26/03/2023,07/05/2023
207644,A,54,19/03/2024,
207645,A,51,24/06/2023,
207646,A,51,31/08/2022,
207647,A,19,06/03/2025,
207648,A,35,25/04/2023,
207649,B,41,07/09/2023,
207650,A,62,07/08/2022,
207651,P,21,20/08/2024,
207652,B,45,11/12/2022,23/03/2025
207653,B,57,10/10/2023,19/10/2025
207654,B,52,27/12/2024,
207655,B,65,02/05/2023,
207656,A,45,06/09/2023,
207657,B,63,16/01/2023,
207658,A,22,30/01/2025,
207659,B,50,05/07/2022,
207660,B,32,26/05/2023,09/10/2025
207661,A,47,10/03/2024,
207662,P,57,05/02/2022,
207663,X,40,23/11/2023,
207664,A,37,24/01/2025,
207665,B,66,23/09/2022,10/07/2023
207666,A,46,07/05/2024,
207667,A,38,03/12/2022,
207668,P,19,24/06/2025,
207669,A,18,14/11/2023,
207670,A,56,24/02/2025,
207671,B,45,30/08/2022,
207672,A,39,21/11/2023,
207673,A,36,30/04/2023,
207674,A,38,19/06/2024,
207675,A,39,20/04/2023,
207676,A,38,08/07/2024,
207677,P,46,21/07/2025,
207678,B,63,04/04/2022,
207679,A,36,22/11/2024,
207680,B,56,10/02/2024,
207681,A,30,22/08/2023,
207682,A,50,07/12/2024,
207683,B,38,30/11/2024,06/04/2027
207684,A,29,29/04/2025,
207685,B,44,11/01/2022,
207686,A,41,12/08/2024,
207687,A,72,25/03/2024,
207688,A,52,12/03/2024,
207689,A,36,30/08/2024,
207690,A,56,24/04/2023,
207691,B,31,23/08/2022,
207692,B,48,23/04/2023,25/11/2023
207693,P,51,02/05/2025,
207694,P,50,22/07/2022,
207695,A,26,28/02/2025,
207696,A,22,21/04/2023,
207697,A,50,27/08/2024,
207698,A,68,03/03/2022,
207699,P,55,28/08/2024,
207700,B,51,02/12/2024,
207701,B,50,01/11/2022,
207702,B,41,30/01/2022,
207703,B,56,29/03/2022,
207704,B,24,24/07/2024,
207705,A,46,28/05/2025,
207706,A,23,06/08/2022,
207707,B,28,15/03/2022,
207708,B,47,04/01/2025,
207709,P,58,15/04/2023,
207710,B,39,24/09/2024,
207711,A,49,03/04/2025,
207712,A,54,01/02/2025,
207713,P,63,05/02/2025,
207714,P,62,09/01/2024,
207715,B,41,19/02/2024,
207716,B,38,01/02/2025,
207717,A,43,19/10/2024,
207718,B,42,17/02/2024,25/03/2024
207719,A,36,04/10/2022,
207720,P,48,28/12/2024,
207721,B,36,12/02/2024,
207722,A,48,01/10/2023,
207723,P,62,28/12/2022,
207724,B,48,27/11/2024,27/12/2024
207725,A,39,21/01/2023,
207726,A,35,10/03/2022,
207727,A,39,25/11/2022,
207728,B,53,02/08/2023,
207729,B,45,30/12/2022,
207730,B,43,17/12/2024,
207731,B,37,17/11/2024,
207732,A,18,08/04/2024,
207733,B,18,13/07/2025,
207734,A,35,06/01/2023,
207735,A,18,23/07/2025,
207736,A,42,25/04/2025,
207737,X,63,29/06/2023,10/06/2024
207738,A,32,11/04/2025,
207739,B,25,30/06/2024,
207740,B,37,03/07/2022,10/12/2023
207741,A,37,01/07/2024,
207742,B,50,02/10/2023,
207743,A,40,17/12/2024,
207744,P,51,13/03/2022,
207745,A,54,09/06/2024,
207746,A,67,14/11/2024,
207747,B,23,23/12/2024,05/12/2025
207748,A,38,01/03/2023,
207749,P,18,07/02/2023,
207750,P,39,02/04/2024,
207751,A,37,17/10/2024,
207752,B,58,09/08/2024,
207753,A,36,21/01/2022,
207754,A,50,14/03/2025,
207755,A,34,21/06/2025,
207756,A,18,24/05/2023,
207757,A,34,19/11/2023,
207758,A,42,02/11/2022,
207759,P,53,18/08/2024,
207760,A,44,09/09/2024,
207761,A,67,11/08/2023,
207762,X,51,05/04/2023,15/09/2025
207763,P,55,28/07/2024,
207764,A,64,31/12/2023,
207765,B,60,17/07/2023,
207766,A,34,21/10/2023,
207767,A,56,28/04/2023,
207768,A,18,08/12/2023,
207769,A,60,20/04/2024,
207770,A,29,06/07/2023,
207771,A,41,13/03/2023,
207772,X,35,17/02/2024,23/06/2024
207773,A,34,14/02/2024,
207774,A,30,26/07/2024,
207775,A,43,21/07/2024,
207776,A,40,25/04/2025,
207777,B,40,19/05/2023,
207778,P,56,08/08/2024,
207779,A,51,08/01/2022,
207780,P,55,01/04/2022,
207781,B,38,21/02/2024,19/07/2025
207782,P,37,26/02/2024,
207783,A,56,18/01/2025,
207784,A,41,10/04/2024,
207785,A,59,05/11/2023,
207786,P,18,29/01/2023,
207787,A,55,06/03/2022,
207788,A,48,25/05/2024,
207789,A,46,23/06/2023,
207790,B,64,18/02/2022,06/01/2023
207791,A,18,27/11/2022,
207792,B,48,11/09/2023,15/01/2024
207793,A,28,12/06/2025,
207794,A,19,24/06/2025,
207795,B,45,19/12/2022,
207796,P,36,02/04/2024,
207797,P,57,28/07/2024,
207798,A,30,05/03/2024,
207799,A,35,07/10/2024,
207800,B,51,06/09/2023,
207801,A,23,10/02/2022,
207802,B,34,03/12/2024,
207803,A,43,17/07/2025,
207804,A,47,12/03/2023,
207805,B,46,04/07/2024,17/05/2025
207806,A,29,20/04/2025,
207807,A,44,13/06/2022,
207808,A,48,01/02/2022,
207809,X,42,22/12/2023,
207810,B,34,25/02/2025,12/08/2027
207811,A,43,20/04/2022,
207812,A,46,17/05/2022,
207813,B,45,29/04/2025,
207814,B,58,31/10/2024,
207815,A,44,21/01/2023,
207816,B,42,17/07/2023,
207817,B,26,26/04/2022,22/10/2022
207818,B,55,29/07/2024,
207819,A,56,12/07/2025,
207820,A,50,18/02/2025,
207821,B,35,26/06/2022,
207822,A,24,06/06/2025,
207823,A,19,25/10/2022,
207824,P,43,21/10/2023,
207825,A,56,15/03/2023,
207826,B,51,15/06/2023,
207827,X,36,29/01/2023,
207828,B,32,20/10/2023,
207829,A,39,27/04/2022,
207830,A,70,02/03/2024,
207831,A,39,21/05/2023,
207832,P,64,16/10/2023,
207833,P,52,24/06/2023,
207834,A,31,10/12/2022,
207835,X,44,20/07/2025,
207836,A,33,18/09/2022,
207837,A,36,24/04/2025,
207838,A,33,18/12/2024,
207839,P,45,04/12/2023,
207840,P,73,26/03/2023,
207841,A,29,06/10/2024,
207842,A,40,14/02/2025,
207843,A,25,11/03/2022,
207844,A,48,24/10/2023,
207845,A,49,21/03/2025,
207846,B,34,01/07/2023,
207847,A,48,12/06/2025,
207848,A,42,24/05/2024,
207849,B,45,28/03/2023,
207850,A,51,24/03/2022,
207851,A,28,26/11/2023,
207852,A,30,29/11/2024,
207853,A,51,17/06/2024,
207854,A,46,29/06/2025,
207855,P,39,23/03/2023,
207856,A,71,26/04/2024,
207857,A,55,28/07/2024,
207858,B,21,29/12/2023,
207859,B,49,18/12/2022,08/05/2023
207860,A,34,11/09/2024,
207861,P,21,27/09/2022,
207862,A,51,10/08/2023,
207863,P,46,05/01/2023,
207864,A,60,03/11/2023,
207865,A,27,27/01/2022,
207866,A,38,28/04/2025,
207867,A,46,10/12/2022,
207868,A,29,08/08/2022,
207869,B,38,16/01/2024,08/12/2024
207870,A,52,22/09/2024,
207871,A,29,29/09/2023,
207872,A,64,08/05/2022,
207873,X,18,04/03/2024,
207874,A,47,22/05/2022,
207875,P,44,13/04/2024,
207876,P,68,15/12/2023,
207877,B,56,26/12/2022,
207878,A,23,19/04/2024,
207879,B,58,05/02/2025,
207880,B,35,15/10/2024,
207881,P,49,04/06/2022,
207882,A,27,06/03/2022,
207883,A,56,07/05/2024,
207884,P,42,28/03/2022,
207885,A,45,12/08/2022,
207886,P,56,09/06/2022,
207887,A,39,06/03/2023,
207888,A,54,28/03/2023,
207889,B,35,17/09/2022,
207890,P,28,21/09/2023,
207891,A,52,20/05/2024,
207892,B,47,13/03/2023,
207893,A,44,22/11/2024,
207894,B,31,06/07/2025,23/10/2027
207895,P,56,29/09/2024,
207896,B,51,09/01/2025,16/04/2027
207897,B,53,04/02/2022,10/08/2023
207898,B,54,03/02/2023,08/04/2024
207899,P,57,02/11/2024,
207900,A,46,07/06/2022,
207901,A,44,07/04/2025,
207902,B,26,20/04/2025,
207903,P,47,14/09/2023,
207904,A,39,08/11/2023,
207905,A,32,29/01/2025,
207906,A,29,27/09/2023,
207907,A,46,17/06/2024,
207908,B,54,22/05/2024,
207909,B,67,03/09/2022,17/03/2023
207910,A,53,14/08/2022,
207911,A,63,28/01/2024,
207912,A,35,24/07/2024,
207913,A,48,10/12/2024,
207914,B,23,13/08/2024,
207915,A,38,26/06/2022,
207916,X,55,28/07/2024,17/12/2025
207917,B,61,04/02/2024,
207918,P,60,11/03/2024,
207919,A,64,16/02/2022,
207920,P,55,30/08/2022,
207921,P,43,15/09/2023,
207922,X,70,27/07/2023,
207923,A,24,30/11/2022,
207924,P,64,19/05/2023,
207925,P,38,19/06/2025,
207926,A,26,03/07/2022,
207927,A,49,15/01/2022,
207928,A,47,11/03/2024,
207929,P,57,09/07/2024,
207930,P,28,23/10/2023,
207931,A,43,03/03/2022,
207932,A,58,24/03/2025,
207933,A,36,30/11/2023,
207934,P,29,21/03/2022,
207935,B,33,27/04/2022,
207936,A,60,01/01/2025,
207937,B,49,09/02/2023,
207938,B,47,31/05/2022,
207939,A,66,08/02/2025,
207940,A,68,08/11/2022,
207941,A,46,04/01/2023,
207942,A,56,28/04/2022,
207943,A,51,25/01/2024,
207944,A,33,08/01/2025,
207945,B,50,24/05/2023,
207946,A,26,14/04/2025,
207947,B,46,24/06/2023,18/05/2024
207948,A,39,19/04/2023,
207949,A,29,20/01/2022,
207950,P,59,20/10/2023,
207951,A,65,11/05/2024,
207952,B,43,28/11/2024,
207953,A,39,09/01/2022,
207954,B,55,24/05/2025,
207955,A,28,06/05/2025,
207956,B,67,06/12/2024,12/02/2025
207957,A,52,09/02/2022,
207958,P,62,20/08/2022,
207959,A,44,02/07/2025,
207960,A,25,01/04/2023,
207961,A,31,01/03/2023,
207962,A,28,30/05/2024,
207963,A,38,25/12/2023,
207964,X,48,19/05/2022,
207965,A,21,21/07/2023,
207966,P,62,19/07/2025,
207967,A,40,12/05/2024,
207968,A,50,13/07/2022,
207969,B,27,03/03/2024,20/03/2025
207970,B,35,22/05/2025,
207971,A,43,11/08/2023,
207972,A,29,08/08/2024,
207973,X,39,01/09/2023,03/11/2024
207974,A,40,18/04/2023,
207975,B,44,05/04/2022,18/07/2024
207976,A,37,08/07/2024,
207977,A,18,19/01/2023,
207978,A,27,04/05/2024,
207979,B,28,06/11/2024,17/07/2026
207980,A,41,04/10/2024,
207981,A,32,29/04/2024,
207982,B,39,21/06/2023,
207983,P,59,11/02/2024,
207984,A,45,17/07/2023,
207985,P,46,26/07/2022,
207986,A,32,06/02/2023,
207987,X,69,13/11/2024,
207988,B,51,02/04/2024,20/12/2024
207989,P,59,10/08/2023,
207990,A,41,26/03/2022,
207991,A,68,06/03/2023,
207992,A,41,15/02/2022,
207993,B,36,30/08/2022,
207994,P,33,21/07/2025,
207995,P,40,14/02/2024,
207996,A,32,01/08/2024,
207997,P,50,04/08/2022,
207998,P,41,03/02/2024,
207999,A,31,05/01/2025,
208000,A,54,03/12/2024,
208001,P,48,21/03/2024,
208002,A,41,25/04/2024,
208003,B,34,14/03/2025,
208004,A,44,20/10/2023,
208005,B,55,17/07/2023,
208006,P,64,17/03/2024,
208007,A,45,05/01/2024,
208008,A,29,29/04/2023,
208009,A,60,23/01/2024,
208010,P,49,12/02/2022,
208011,P,34,12/01/2023,
208012,P,61,14/02/2025,
208013,B,56,15/06/2024,
208014,B,22,29/04/2022,18/04/2023
208015,A,48,28/06/2023,
208016,A,39,07/08/2023,
208017,P,43,14/02/2022,
208018,B,31,21/06/2025,01/07/2026
208019,B,55,29/09/2022,
208020,A,22,18/11/2023,
208021,A,49,26/01/2022,
208022,B,41,19/02/2024,21/09/2025
208023,X,58,23/05/2025,03/10/2025
208024,A,26,25/06/2022,
208025,A,45,09/11/2023,
208026,B,55,24/03/2022,
208027,A,57,02/01/2023,
208028,A,50,14/04/2023,
208029,A,35,14/05/2023,
208030,A,41,12/04/2022,
208031,P,55,26/12/2023,
208032,A,40,25/10/2023,
208033,P,38,26/06/2022,
208034,B,45,02/06/2023,
208035,B,34,12/07/2022,04/01/2024
208036,B,31,02/05/2025,31/12/2026
208037,B,52,07/12/2023,01/12/2024
208038,P,61,19/12/2024,
208039,B,61,08/05/2023,
208040,P,46,09/08/2023,
208041,B,52,09/04/2023,
208042,P,39,10/11/2024,
208043,B,63,18/03/2024,20/06/2026
208044,B,47,20/10/2024,
208045,A,54,27/09/2023,
208046,P,43,04/08/2022,
208047,B,32,01/05/2024,31/10/2025
208048,B,52,13/02/2025,27/05/2026
208049,A,31,25/01/2025,
208050,B,34,07/01/2022,
208051,A,43,18/05/2022,
208052,A,24,10/06/2022,
208053,P,39,11/04/2023,
208054,A,39,19/05/2025,
208055,A,21,12/11/2023,
208056,A,27,02/08/2023,
208057,B,33,21/12/2024,03/09/2026
208058,A,51,26/04/2024,
208059,A,33,29/03/2022,
208060,B,49,24/10/2022,
208061,A,50,27/11/2023,
208062,B,19,25/05/2025,
208063,P,63,12/03/2022,
208064,A,79,12/08/2023,
208065,A,39,02/10/2024,
208066,A,57,20/05/2023,
208067,B,53,08/03/2024,
208068,A,20,08/06/2024,
208069,B,33,09/12/2023,
208070,A,38,18/06/2024,
208071,A,53,02/04/2024,
208072,P,18,09/02/2025,
208073,A,56,31/08/2022,
208074,B,42,25/07/2023,
208075,P,38,29/06/2025,
208076,P,44,22/02/2024,
208077,B,51,06/04/2022,
208078,A,43,12/10/2024,
208079,B,34,07/08/2023,
208080,A,51,20/01/2023,
208081,A,27,27/11/2024,
208082,A,18,05/06/2023,
208083,A,46,31/03/2024,
208084,A,27,24/05/2025,
208085,P,43,28/03/2024,
208086,B,39,27/01/2023,
208087,A,30,10/11/2024,
208088,P,53,05/11/2023,
208089,A,71,27/10/2022,
208090,A,51,24/06/2024,
208091,A,33,14/11/2023,
208092,B,41,08/05/2025,03/06/2026
208093,A,23,16/05/2025,
208094,A,56,13/01/2024,
208095,A,28,24/07/2024,
208096,A,55,08/10/2022,
208097,B,48,25/10/2024,
208098,A,42,19/02/2023,
208099,B,49,14/06/2022,
208100,A,55,30/07/2022,
208101,A,71,15/02/2024,
208102,A,65,23/08/2023,
208103,P,63,26/06/2023,
208104,A,39,13/04/2023,
208105,B,24,12/10/2022,03/11/2024
208106,A,35,07/12/2024,
208107,A,46,12/03/2022,
208108,P,43,13/08/2022,
208109,A,62,21/08/2023,
208110,B,45,07/09/2024,09/12/2025
208111,A,43,21/03/2024,
208112,A,41,14/03/2022,
208113,P,48,03/06/2024,
208114,B,48,23/09/2022,
208115,P,18,28/04/2022,
208116,B,71,30/01/2025,
208117,A,42,02/04/2023,
208118,B,54,16/06/2022,
208119,A,37,16/09/2023,
208120,B,59,27/12/2024,15/07/2026
208121,B,18,19/07/2024,
208122,B,43,18/11/2024,
208123,B,40,13/07/2022,15/12/2023
208124,A,33,03/07/2022,
208125,B,39,21/12/2023,
208126,B,45,06/09/2022,
208127,P,51,31/03/2024,
208128,A,34,25/01/2024,
208129,A,27,10/01/2023,
208130,A,38,14/07/2022,
208131,A,59,17/09/2024,
208132,P,24,01/05/2023,
208133,P,63,20/04/2024,
208134,A,44,30/09/2023,
208135,B,23,09/03/2024,
208136,B,49,17/04/2025,31/05/2025
208137,B,45,03/08/2023,11/01/2026
208138,A,61,19/06/2022,
208139,A,47,01/11/2022,
208140,B,52,09/10/2022,
208141,P,37,15/10/2023,
208142,A,55,14/05/2022,
208143,A,18,19/12/2024,
208144,B,47,18/02/2022,
208145,B,37,13/09/2023,
208146,B,23,15/05/2022,
208147,A,57,21/01/2023,
208148,A,40,29/03/2025,
208149,A,45,10/11/2023,
208150,A,54,08/10/2024,
208151,P,55,19/10/2022,
208152,A,55,24/01/2024,
208153,P,38,16/04/2023,
208154,P,40,07/07/2023,
208155,A,25,25/02/2025,
208156,B,36,23/03/2023,
208157,A,36,26/04/2025,
208158,A,48,15/12/2023,
208159,A,54,11/01/2023,
208160,A,43,16/04/2023,
208161,B,27,29/09/2022,
208162,A,41,03/11/2024,
208163,A,55,29/04/2022,
208164,B,47,01/11/2022,
208165,B,39,28/01/2024,
208166,A,50,01/12/2024,
208167,A,26,20/05/2024,
208168,A,52,02/01/2025,
208169,P,36,10/07/2025,
208170,A,34,21/05/2023,
208171,X,55,23/03/2025,
208172,B,49,24/06/2024,21/08/2025
208173,P,28,14/11/2022,
208174,A,38,01/04/2023,
208175,P,47,09/10/2023,
208176,B,59,15/12/2022,
208177,A,53,21/08/2023,
208178,P,37,13/12/2024,
208179,P,36,13/02/2023,
208180,B,64,05/07/2022,
208181,A,42,15/08/2024,
208182,A,27,01/12/2024,
208183,A,45,24/08/2022,
208184,B,46,01/05/2023,
208185,A,39,13/06/2025,
208186,A,29,08/06/2022,
208187,A,24,17/04/2025,
208188,A,63,25/06/2022,
208189,P,31,22/12/2024,
208190,A,63,12/08/2023,
208191,P,47,02/05/2022,
208192,A,54,15/09/2024,
208193,B,36,08/07/2023,
208194,A,58,06/02/2023,
208195,B,18,23/05/2022,30/10/2023
208196,A,54,04/09/2022,
208197,B,41,13/01/2022,
208198,X,36,13/09/2022,
208199,P,56,20/08/2022,
208200,A,21,24/11/2022,
208201,B,20,08/05/2025,
208202,B,53,19/10/2024,
208203,P,48,02/07/2024,
208204,B,49,10/08/2022,
208205,A,22,18/09/2023,
208206,P,51,26/03/2024,
208207,A,34,27/12/2022,
208208,B,33,12/09/2023,07/02/2025
208209,A,65,23/03/2023,
208210,A,47,13/03/2024,
208211,P,36,17/12/2022,
208212,A,64,17/11/2024,
208213,A,38,23/04/2022,
208214,A,33,22/01/2024,
208215,A,52,01/04/2025,
208216,P,71,16/02/2022,
208217,A,37,26/11/2023,
208218,P,38,04/12/2022,
208219,A,49,02/10/2024,
208220,A,48,21/01/2023,
208221,A,56,12/10/2023,
208222,P,50,04/01/2024,
208223,B,44,09/11/2023,13/03/2025
208224,A,55,04/06/2024,
208225,A,42,13/10/2022,
208226,A,44,17/08/2024,
208227,P,18,05/04/2025,
208228,A,41,08/11/2022,
208228,A,48,25/04/2022,
208230,A,35,12/10/2022,
208231,P,24,18/03/2023,
208232,A,46,11/04/2023,
208233,A,52,06/05/2023,
208234,B,28,21/12/2023,
208235,P,35,08/06/2024,
208236,P,34,18/10/2023,
208237,A,37,27/09/2022,
208238,P,47,14/07/2024,
208239,A,32,09/02/2025,
208240,A,44,13/06/2023,
208241,A,65,29/10/2024,
208242,B,43,06/04/2025,
208243,A,47,24/02/2024,
208244,A,39,11/01/2024,
208245,A,31,24/10/2024,
208246,A,37,03/08/2023,
208247,A,48,27/02/2022,
208248,P,25,22/02/2025,
208249,A,60,16/04/2023,
208250,B,51,12/03/2025,
208251,P,60,03/09/2023,
208252,A,58,26/11/2022,
208253,A,45,12/01/2024,
208254,A,61,04/07/2025,
208255,A,42,09/01/2025,
208256,P,29,13/09/2023,
208257,A,68,12/01/2024,
208258,P,53,08/04/2022,
208259,A,33,25/05/2022,
208260,A,44,02/05/2023,
208261,A,56,15/09/2022,
208262,A,73,19/03/2024,
208263,B,30,20/08/2023,
208264,B,21,14/05/2022,
208265,A,66,16/09/2022,
208266,A,53,21/09/2022,
208267,A,60,26/10/2022,
208268,B,65,21/06/2023,24/09/2023
208269,A,49,12/04/2025,
208270,B,32,12/01/2023,
208271,A,34,09/01/2025,
208272,B,33,18/01/2022,18/09/2023
208273,P,35,28/05/2025,
208274,B,41,03/05/2022,18/10/2022
208275,A,36,12/09/2022,
208276,B,30,18/08/2024,
208277,P,21,11/06/2024,
208278,B,18,25/02/2022,
208279,A,63,02/09/2024,
208280,P,58,17/01/2022,
208281,A,47,03/12/2024,
208282,B,50,04/06/2024,
208283,B,29,17/08/2022,
208284,A,36,22/11/2024,
208285,A,34,25/05/2023,
208286,P,46,12/01/2022,
208287,P,40,08/08/2024,
208288,A,61,01/02/2024,
208289,A,54,13/09/2024,
208290,B,47,04/05/2025,
208291,A,47,28/06/2022,
208292,A,18,12/06/2022,
208293,B,59,25/12/2024,
208294,A,29,27/07/2022,
208295,A,45,14/09/2023,
208296,B,31,02/09/2023,
208297,A,66,04/09/2022,
208298,A,46,04/07/2023,
208299,B,57,06/03/2022,
208300,A,33,02/07/2023,
208301,A,44,21/02/2023,
208302,B,51,22/09/2024,26/01/2026
208303,P,34,06/02/2022,
208304,A,38,01/01/2024,
208305,B,58,24/04/2025,
208306,P,40,01/11/2022,
208307,B,46,17/09/2023,
208308,A,40,17/11/2024,
208309,P,37,30/01/2022,
208310,A,57,28/02/2022,
208311,P,46,19/01/2022,
208312,A,18,10/02/2024,
208313,A,48,20/12/2024,
208314,B,55,03/10/2024,
208315,B,34,09/12/2022,
208316,A,34,20/07/2024,
208317,A,40,09/12/2022,
208318,A,27,13/11/2024,
208319,B,49,14/07/2022,
208320,B,34,10/05/2023,
208321,A,22,01/12/2024,
208322,A,34,04/02/2024,
208323,A,60,13/03/2024,
208324,A,25,06/09/2024,
208325,A,37,09/06/2024,
208326,B,45,21/06/2023,
208327,A,76,12/05/2024,
208328,A,44,02/03/2023,
208329,B,34,23/06/2025,29/06/2027
208330,P,23,24/10/2022,
208331,P,42,02/09/2023,
208332,B,41,10/06/2024,
208333,A,46,10/09/2022,
208334,A,35,27/09/2022,
208335,A,37,06/12/2022,
208336,A,29,24/11/2023,
208337,A,39,11/08/2024,
208338,B,48,20/06/2023,
208339,A,42,08/04/2023,
208340,A,45,23/05/2023,
208341,P,40,21/07/2025,
208342,B,38,31/03/2025,
208343,A,36,22/12/2022,
208344,P,32,03/01/2025,
208345,X,47,03/03/2024,
208346,A,35,01/02/2022,
208347,A,48,16/12/2023,
208348,A,20,01/11/2022,
208349,P,36,28/11/2024,
208350,B,48,25/01/2022,
208351,A,69,03/06/2023,
208352,B,20,19/03/2025,20/08/2026
208353,B,58,15/04/2022,
208354,A,82,15/07/2022,
208355,B,31,20/08/2022,11/06/2024
208356,P,20,13/10/2024,
208357,B,56,08/04/2025,14/02/2027
208358,X,48,29/06/2023,01/08/2023
208359,A,51,16/06/2023,
208360,A,52,06/06/2023,
208361,A,38,27/08/2022,
208362,A,31,02/06/2022,
208363,B,42,23/07/2024,24/03/2025
208364,A,37,01/04/2022,
208365,B,21,21/01/2025,
208366,B,38,18/03/2025,
208367,A,44,13/03/2024,
208368,A,43,07/09/2024,
208369,B,54,06/02/2023,
208370,P,50,10/01/2023,
208371,P,33,07/06/2025,
208372,A,29,23/12/2023,
208373,A,36,13/04/2022,
208374,B,53,27/08/2024,
208375,A,32,12/06/2024,
208376,X,31,13/02/2025,
208377,A,36,03/12/2023,
208378,A,55,23/08/2022,
208379,A,34,05/08/2023,
208380,B,45,06/01/2022,
208381,A,65,04/08/2024,
208382,A,43,13/03/2023,
208383,A,54,23/12/2024,
208384,P,61,30/05/2024,
208385,A,48,25/08/2024,
208386,A,48,23/11/2024,
208387,A,45,19/09/2024,
208388,P,42,28/02/2025,
208389,B,33,20/11/2024,04/02/2026
208390,P,43,05/05/2025,
208391,B,58,11/01/2022,27/12/2022
208392,P,59,25/06/2023,
208393,B,82,04/07/2022,
208394,A,52,14/12/2024,
208395,A,46,05/08/2024,
208396,A,42,01/07/2023,
208397,A,48,04/05/2023,
208398,P,44,05/04/2024,
208399,B,52,09/02/2023,13/12/2023
208400,A,42,02/11/2023,
208401,B,26,10/09/2022,
208402,B,45,04/10/2023,15/09/2024
208403,A,47,28/03/2022,
208404,A,43,09/12/2024,
208405,A,52,03/10/2023,
208405,A,48,17/06/2023,
208407,A,74,22/09/2023,
208408,P,32,07/10/2023,
208409,B,27,06/10/2023,02/11/2025
208410,P,54,10/01/2025,
208411,A,41,10/12/2023,
208412,A,40,28/02/2023,
208413,B,19,11/04/2025,
208414,A,57,26/11/2024,
208415,A,32,22/05/2022,
208416,P,19,10/03/2024,
208417,A,50,17/07/2025,
208418,A,38,13/02/2023,
208419,A,19,15/11/2024,
208420,P,48,03/07/2025,
208421,B,41,24/04/2024,14/05/2025
208422,P,18,19/12/2022,
208423,A,39,09/12/2022,
208424,P,47,18/01/2023,
208425,X,52,21/04/2025,05/04/2027
208426,B,54,16/02/2025,
208427,A,36,13/06/2024,
208428,A,40,12/07/2025,
208429,P,33,27/12/2024,
208430,A,21,24/09/2023,
208431,A,56,08/01/2023,
208432,P,39,02/03/2025,
208433,X,46,13/06/2023,
208434,A,46,03/11/2022,
208435,A,57,07/11/2023,
208436,A,27,26/05/2023,
208437,A,66,18/06/2025,
208438,P,35,19/05/2024,
208439,B,53,28/10/2023,
208440,A,50,26/10/2022,
208441,A,48,29/05/2024,
208442,A,27,24/09/2023,
208443,B,36,17/06/2025,
208444,B,52,20/08/2024,
208445,B,47,07/01/2024,
208446,B,40,30/12/2024,
208447,B,52,27/10/2024,
208448,X,35,01/03/2024,
208449,A,40,15/04/2022,
208450,A,56,14/02/2024,
208451,P,30,18/04/2023,
208452,B,54,09/11/2024,
208453,A,49,12/06/2025,
208454,A,48,23/08/2022,
208455,B,47,10/10/2024,18/11/2024
208456,P,40,06/05/2024,
208457,A,35,07/02/2023,
208458,A,55,27/07/2024,
208459,X,42,21/12/2024,
208460,A,40,29/03/2024,
208461,P,24,12/08/2022,
208462,A,60,02/11/2022,
208463,B,31,04/02/2022,
208464,A,37,17/07/2025,
208465,A,22,31/08/2023,
208466,P,33,29/03/2022,
208467,P,79,04/10/2022,
208468,A,32,03/09/2023,
208469,A,53,12/11/2022,
208470,A,30,26/08/2023,
208471,B,33,13/10/2024,10/12/2026
208472,P,54,04/08/2024,
208473,A,43,19/03/2024,
208474,A,24,11/11/2022,
208475,B,46,07/02/2022,02/08/2023
208476,B,30,07/01/2023,25/11/2023
208477,A,52,01/09/2023,
208478,B,61,13/10/2024,
208479,P,65,08/04/2025,
208480,P,45,24/12/2023,
208481,B,59,16/05/2022,16/05/2023
208482,A,45,12/05/2025,
208483,B,43,24/07/2023,
208484,B,27,07/01/2022,10/10/2023
208485,B,30,17/11/2023,05/02/2025
208486,P,27,29/06/2024,
208487,P,23,30/04/2025,
208488,B,45,01/06/2023,15/07/2025
208489,A,43,22/12/2024,
208490,B,53,11/11/2024,
208491,A,67,20/07/2025,
208492,B,53,11/07/2025,
208493,A,32,26/01/2025,
208494,A,73,23/11/2022,
208495,A,71,24/12/2023,
208496,A,31,04/09/2023,
208497,A,18,14/09/2022,
208498,A,47,18/06/2023,
208499,A,65,18/05/2022,
208500,P,52,07/08/2022,
208501,A,50,21/10/2022,
208502,A,60,20/03/2025,
208503,A,58,15/09/2024,
208504,A,36,25/06/2024,
208505,A,34,05/09/2024,
208506,A,73,28/04/2025,
208507,A,50,30/04/2024,
208508,A,62,12/12/2024,
208509,A,19,03/09/2022,
208510,A,38,17/05/2024,
208511,P,20,19/07/2022,
208512,B,36,20/09/2022,
208513,B,45,10/10/2023,12/11/2024
208514,A,33,02/09/2022,
208515,A,53,21/11/2023,
208516,B,48,01/03/2024,
208517,A,40,13/06/2024,
208518,A,58,25/09/2023,
208519,B,18,24/02/2025,20/09/2025
208520,B,51,28/06/2024,08/02/2026
208521,A,51,19/09/2022,
208522,A,52,29/07/2024,
208523,A,24,02/11/2024,
208524,B,65,07/03/2022,
208525,A,47,10/02/2025,
208526,A,54,20/06/2022,
208527,A,39,20/06/2025,
208528,A,50,15/03/2024,
208529,A,50,09/06/2022,
208530,B,38,19/06/2023,
208531,A,48,11/04/2025,
208532,P,42,12/12/2024,
208533,A,35,23/03/2023,
208534,P,29,31/10/2022,
208535,A,39,15/04/2023,
208536,B,35,26/07/2022,
208537,B,37,05/07/2025,
208538,X,40,18/12/2023,
208539,A,39,05/02/2022,
208540,A,56,02/01/2024,
208541,P,47,09/09/2024,
208542,A,52,11/01/2025,
208543,P,42,03/10/2023,
208544,B,31,04/12/2023,09/09/2024
208545,B,34,07/01/2025,
208546,A,38,14/11/2024,
208547,P,51,11/02/2023,
208548,B,58,30/11/2024,
208549,P,42,01/02/2022,
208550,X,49,11/09/2022,
208551,P,40,17/04/2022,
208552,A,32,03/10/2022,
208553,A,23,19/02/2023,
208554,A,31,08/10/2024,
208555,B,36,06/06/2022,
208556,P,49,06/02/2023,
208557,B,27,08/08/2022,
208558,A,46,21/08/2022,
208559,A,58,21/09/2022,
208560,P,36,14/11/2024,
208561,A,31,12/07/2025,
208562,A,37,01/06/2025,
208563,A,45,06/11/2024,
208564,B,46,02/07/2022,
208565,A,57,11/01/2023,
208566,B,43,02/03/2025,
208567,A,26,02/11/2023,
208568,P,64,14/04/2024,
208569,A,38,08/01/2025,
208570,P,18,20/06/2022,
208571,B,28,12/10/2024,
208572,A,53,08/09/2022,
208573,A,33,15/04/2024,
208574,B,49,23/11/2024,
208575,B,28,01/04/2024,30/08/2025
208576,P,32,10/02/2022,
208577,A,35,05/02/2022,
208578,P,39,15/08/2023,
208579,A,33,03/03/2025,
208580,A,49,10/03/2024,
208581,B,20,26/05/2024,
208582,B,47,26/12/2023,03/06/2024
208583,A,46,14/06/2024,
208584,P,52,04/04/2022,
208585,A,29,08/01/2025,
208586,P,41,07/10/2023,
208587,A,44,09/01/2025,
208588,A,30,10/03/2025,
208589,B,31,29/06/2024,27/03/2026
208590,A,20,25/07/2022,
208591,B,42,19/07/2024,
208592,A,30,11/12/2022,
208593,A,56,24/06/2024,
208594,A,50,14/02/2024,
208595,A,56,21/11/2024,
208596,A,51,28/03/2025,
208597,A,45,28/03/2022,
208598,B,50,19/01/2023,21/11/2024
208599,B,47,07/06/2025,
208600,A,28,22/12/2022,
208601,A,59,31/10/2024,
208602,X,40,02/10/2022,
208603,A,27,25/06/2025,
208604,X,25,17/09/2022,24/08/2023
208605,B,48,20/07/2023,
208606,A,54,28/02/2022,
208607,B,42,19/05/2023,
208608,A,38,26/03/2022,
208609,P,39,14/08/2022,
208610,B,30,15/11/2022,
208611,A,35,12/02/2025,
208612,P,39,24/07/2022,
208613,A,33,23/04/2023,
208614,B,43,23/09/2023,
208615,A,24,01/03/2024,
208616,B,41,28/01/2022,
208617,B,40,15/07/2023,
208618,B,42,29/08/2022,
208619,X,51,19/01/2022,
208620,B,32,07/11/2023,
208621,A,28,16/12/2022,
208622,B,32,18/07/2025,
208623,A,57,13/04/2024,
208624,P,18,24/04/2025,
208625,P,40,09/05/2025,
208626,A,66,26/06/2022,
208627,B,50,29/03/2022,10/08/2023
208628,A,55,07/11/2023,
208629,A,57,24/08/2023,
208630,B,49,13/07/2023,04/11/2025
208631,B,27,25/06/2025,
208632,A,60,15/02/2025,
208633,A,64,05/04/2024,
208634,A,54,26/05/2024,
208635,A,40,11/01/2025,
208636,P,34,18/09/2024,
208637,A,36,31/12/2023,
208638,A,51,04/01/2025,
208639,P,47,11/05/2024,
208640,X,46,05/04/2023,29/05/2024
208641,A,18,08/02/2025,
208642,B,35,26/05/2023,
208643,P,55,11/04/2023,
208644,B,70,19/07/2025,
208645,A,53,25/02/2022,
208646,A,37,15/01/2025,
208647,B,47,23/05/2023,19/05/2025
208648,A,59,10/04/2022,
208649,P,55,27/12/2022,
208650,P,45,15/05/2025,
208651,A,66,17/07/2023,
208652,X,51,16/02/2022,
208653,B,45,17/10/2022,06/12/2024
208654,B,45,13/07/2024,06/04/2026
208655,A,18,06/09/2023,
208656,P,57,23/01/2024,
208657,A,49,04/07/2022,
208658,B,29,28/02/2024,
208659,B,44,14/05/2023,11/07/2024
208660,A,28,19/11/2022,
208661,A,49,16/07/2024,
208662,A,52,18/03/2022,
208663,A,56,05/10/2024,
208664,A,54,14/03/2022,
208665,A,56,07/10/2022,
208666,A,34,05/02/2023,
208667,A,31,18/08/2022,
208668,B,46,05/12/2022,
208669,A,47,11/10/2024,
208670,A,31,25/06/2022,
208671,A,28,16/10/2024,
208672,A,48,23/08/2023,
208673,A,38,03/06/2023,
208674,A,46,21/02/2022,
208675,A,46,11/04/2024,
208676,A,20,20/07/2025,
208677,P,51,02/04/2025,
208678,P,34,29/09/2023,
208679,B,46,17/01/2025,19/10/2025
208680,A,47,08/12/2024,
208681,B,34,17/11/2022,
208682,X,33,26/01/2024,
208683,A,60,20/07/2025,
208684,A,51,31/07/2024,
208685,A,39,28/03/2025,
208686,A,18,24/10/2023,
208687,B,67,12/12/2024,
208688,B,61,03/07/2023,04/11/2024
208689,A,32,15/07/2022,
208690,A,56,17/11/2023,
208691,A,32,04/02/2023,
208692,P,57,27/02/2025,
208693,A,58,17/11/2023,
208694,A,44,04/10/2023,
208695,A,47,23/05/2024,
208696,P,48,07/09/2022,
208697,A,42,21/07/2023,
208698,A,72,02/11/2022,
208699,A,45,18/10/2024,
208700,B,56,03/11/2023,
208701,A,36,21/05/2024,
208702,P,49,17/02/2023,
208703,B,50,28/12/2022,
208704,B,43,01/01/2025,
208705,P,18,04/04/2023,
208706,A,55,24/08/2023,
208707,B,60,23/02/2022,09/04/2022
208708,A,54,29/03/2024,
208709,A,33,06/10/2022,
208710,P,52,25/12/2024,
208711,P,29,28/02/2023,
208712,A,36,20/11/2023,
208713,A,34,12/05/2025,
208714,A,57,03/10/2023,
208715,A,38,09/12/2023,
208716,A,43,08/07/2022,
208717,A,62,03/11/2023,
208718,A,33,04/10/2022,
208719,P,45,01/02/2024,
208720,A,33,20/05/2025,
208721,A,40,18/02/2023,
208722,P,49,08/03/2023,
208723,B,57,10/11/2024,
208724,X,39,13/01/2022,
208725,B,51,30/01/2025,18/12/2025
208726,P,50,30/06/2025,
208727,B,32,21/11/2023,
208728,P,65,30/03/2025,
208729,P,33,20/09/2022,
208730,B,45,26/10/2022,
208731,A,38,13/03/2022,
208732,B,45,25/01/2022,27/03/2023
208733,A,31,02/09/2023,
208734,B,59,02/01/2022,21/05/2022
208735,A,53,29/10/2022,
208736,X,48,07/02/2023,10/08/2024
208737,P,42,04/03/2024,
208738,X,34,08/12/2023,
208739,A,28,05/04/2022,
208740,A,53,21/03/2022,
208741,B,49,05/04/2022,19/01/2023
208742,A,78,10/08/2024,
208743,P,64,28/10/2024,
208744,B,26,24/01/2025,05/01/2027
208745,P,49,01/11/2024,
208746,X,44,08/06/2022,19/09/2023
208747,A,64,09/02/2023,
208748,B,77,28/06/2024,13/02/2025
208749,A,26,30/09/2024,
208750,A,45,08/10/2022,
208751,A,18,01/09/2023,
208752,B,53,11/05/2023,12/01/2024
208753,A,38,30/04/2022,
208754,A,49,10/02/2024,
208755,B,55,14/05/2022,
208756,P,46,28/01/2025,
208757,A,38,23/05/2022,
208758,A,20,05/05/2022,
208759,A,50,19/09/2023,
208760,A,28,23/11/2022,
208761,A,52,09/06/2024,
208762,A,38,10/06/2022,
208763,A,58,01/06/2025,
208764,B,44,09/03/2023,25/01/2025
208765,A,58,29/06/2023,
208766,B,43,25/07/2022,
208767,P,48,20/11/2024,
208768,A,49,01/12/2022,
208769,B,40,17/05/2022,
208770,A,39,21/10/2022,
208771,A,28,21/03/2022,
208772,B,52,28/02/2023,
208773,A,58,24/05/2022,
208774,A,28,19/01/2025,
208775,B,22,24/09/2024,
208776,X,51,10/09/2022,
208777,B,18,13/10/2024,
208778,P,48,19/02/2023,
208779,A,43,26/01/2025,
208780,B,26,19/02/2025,15/09/2026
208781,X,47,30/04/2022,
208782,A,43,02/09/2024,
208783,A,41,06/01/2025,
208784,A,47,29/11/2022,
208785,A,47,08/04/2024,
208786,B,43,16/09/2023,19/11/2023
208787,P,21,17/01/2025,
208788,P,42,27/03/2024,
208789,A,41,15/08/2022,
208790,A,33,04/06/2022,
208791,A,54,15/10/2023,
208792,B,40,12/11/2022,
208793,B,35,02/12/2023,
208794,P,43,28/07/2023,
208795,B,52,08/03/2025,
208796,A,51,06/01/2023,
208797,P,42,31/12/2024,
208798,A,23,25/05/2025,
208799,A,66,09/11/2022,
208800,A,45,20/08/2024,
208801,B,35,24/12/2024,24/07/2025
208802,A,36,13/10/2022,
208803,A,36,12/07/2024,
208804,A,51,07/03/2024,
208805,A,46,08/08/2024,
208806,A,51,25/05/2023,
208807,B,44,02/04/2022,
208808,A,22,19/07/2025,
208809,A,35,12/03/2025,
208810,P,46,10/03/2022,
208811,B,40,01/04/2024,21/09/2024
208812,X,51,28/10/2024,10/02/2026
208813,B,55,26/08/2024,
208814,A,25,16/07/2024,
208815,P,54,06/06/2023,
208816,A,38,23/12/2023,
208817,B,51,28/04/2024,
208818,B,44,03/01/2024,
208819,A,39,14/02/2024,
208820,A,36,16/04/2023,
208821,X,49,05/12/2024,
208822,B,18,31/03/2024,
208823,A,51,04/07/2023,
208824,A,54,26/12/2024,
208825,A,18,18/10/2024,
208826,P,44,08/08/2022,
208827,B,24,18/03/2024,07/03/2026
208828,A,55,25/04/2024,
208829,A,32,19/09/2022,
208830,A,38,30/04/2024,
208831,A,63,19/06/2025,
208832,A,41,30/10/2024,
208833,B,37,29/11/2023,
208834,X,30,30/05/2024,29/03/2025
208835,B,32,21/01/2022,
208836,A,61,10/03/2023,
208837,B,52,13/06/2024,
208838,A,55,31/03/2023,
208839,A,51,09/11/2022,
208840,B,43,07/06/2024,
208841,P,58,05/10/2023,
208842,A,36,30/08/2022,
208843,A,46,04/03/2023,
208844,A,31,11/02/2024,
208845,A,21,19/02/2022,
208846,B,27,25/02/2023,
208847,A,27,16/02/2025,
208848,A,41,11/02/2022,
208849,B,46,16/04/2024,
208850,A,45,20/12/2024,
208851,P,26,08/12/2022,
208852,P,46,30/03/2022,
208853,B,25,06/02/2024,
208854,P,43,24/05/2025,
208855,B,50,08/09/2022,03/11/2024
208856,A,49,22/11/2023,
208857,A,38,21/04/2025,
208858,A,23,25/06/2024,
208859,A,47,11/03/2022,
208860,A,59,19/09/2022,
208861,B,57,25/02/2023,
208862,P,43,13/10/2023,
208863,A,46,12/02/2023,
208864,P,69,20/06/2025,
208865,A,58,11/09/2024,
208866,X,65,26/07/2023,14/10/2024
208867,A,64,26/02/2024,
208868,P,37,21/03/2024,
208869,A,46,02/10/2024,
208870,A,48,06/09/2022,
208871,A,38,23/05/2022,
208872,B,55,30/03/2022,11/08/2024
208873,A,59,17/08/2023,
208874,A,39,12/05/2024,
208875,P,49,05/05/2024,
208876,P,62,23/04/2022,
208877,P,32,17/12/2024,
208878,P,35,06/02/2025,
208879,P,30,04/08/2022,
208880,A,45,22/02/2023,
208881,B,57,16/08/2024,
208882,A,39,10/11/2024,
208883,A,35,18/09/2022,
208884,A,41,11/10/2023,
208885,A,21,31/08/2022,
208886,B,41,17/09/2023,
208887,A,71,27/09/2024,
208888,B,52,13/05/2023,
208889,A,40,18/03/2024,
208890,A,61,18/01/2023,
208891,A,39,26/04/2022,
208892,A,62,31/07/2024,
208893,A,40,19/11/2022,
208894,B,48,09/11/2023,23/09/2025
208895,B,52,13/09/2022,
208896,A,40,02/08/2023,
208897,B,53,24/03/2025,22/06/2027
208898,P,34,18/08/2022,
208899,A,47,01/03/2022,
208900,P,53,18/12/2022,
208901,A,36,15/01/2023,
208902,A,18,06/06/2022,
208903,B,32,15/02/2023,
208904,A,61,23/04/2022,
208905,P,41,30/10/2023,
208906,A,56,11/03/2024,
208907,A,27,09/10/2022,
208908,P,33,14/09/2024,
208909,A,47,18/07/2022,
208910,A,51,01/10/2023,
208911,A,25,09/02/2024,
208912,A,22,25/09/2023,
208913,A,53,20/04/2022,
208914,P,62,14/10/2022,
208915,A,43,01/10/2023,
208916,A,62,11/02/2022,
208917,B,35,17/07/2025,
208918,A,42,21/04/2024,
208919,A,54,15/05/2024,
208920,A,42,18/08/2023,
208921,A,66,16/11/2023,
208922,A,59,18/04/2024,
208923,A,67,02/02/2024,
208924,A,34,09/09/2022,
208925,B,39,18/01/2023,
208926,A,30,19/11/2023,
208927,A,41,12/03/2023,
208928,A,28,23/03/2023,
208929,B,43,19/06/2022,
208930,P,44,12/07/2023,
208931,B,41,25/04/2024,
208932,A,31,18/05/2025,
208933,B,66,01/09/2024,
208934,B,43,17/02/2023,
208935,B,36,21/06/2022,
208936,A,32,16/01/2024,
208937,B,44,09/05/2024,
208938,B,28,24/06/2024,
208939,B,56,09/07/2023,
208940,A,46,07/02/2025,
208941,A,40,14/06/2024,
208941,A,55,03/03/2025,
208943,A,18,31/10/2023,
208944,A,57,28/04/2025,
208945,A,58,13/08/2022,
208946,A,54,08/05/2024,
208947,A,60,12/10/2024,
208948,A,41,30/05/2022,
208949,A,71,20/02/2025,
208950,A,35,28/08/2024,
208951,A,38,25/05/2023,
208952,A,59,06/01/2025,
208953,A,57,31/12/2024,
208954,B,35,17/06/2023,
208955,A,50,15/01/2025,
208956,A,38,14/12/2022,
208957,A,40,08/06/2022,
208958,A,48,25/12/2023,
208959,A,47,01/02/2025,
208960,A,54,23/04/2025,
208961,A,46,29/03/2023,
208962,A,61,10/06/2024,
208963,B,26,31/01/2025,
208964,A,54,08/04/2024,
208965,B,18,06/02/2023,
208966,B,63,21/03/2024,
208967,A,38,07/04/2023,
208968,B,31,28/09/2024,
208969,A,65,08/07/2022,
208970,X,79,04/06/2025,
208971,B,28,27/06/2022,15/01/2023
208972,B,48,14/06/2023,19/08/2025
208973,P,45,28/10/2022,
208974,A,50,16/08/2023,
208975,P,49,16/02/2023,
208976,B,47,08/01/2024,
208977,A,40,03/06/2022,
208978,A,44,08/04/2022,
208979,B,38,18/01/2022,25/08/2023
208980,A,45,09/01/2023,
208981,B,36,11/03/2022,14/04/2023
208982,B,45,14/11/2024,05/05/2026
208983,B,60,29/07/2023,
208984,P,44,18/02/2023,
208985,A,58,02/07/2022,
208986,B,33,07/05/2022,10/09/2022
208987,A,58,26/11/2024,
208988,B,47,07/05/2025,12/03/2027
208989,P,35,10/05/2022,
208990,A,43,13/05/2023,
208991,X,52,20/05/2022,06/04/2024
208992,A,39,26/04/2023,
208993,B,55,16/07/2023,
208994,B,22,27/08/2023,26/09/2025
208995,A,23,03/02/2023,
208996,A,18,09/02/2024,
208997,A,58,06/12/2023,
208998,B,31,16/05/2025,30/07/2026
208999,A,56,23/09/2024,
209000,A,39,01/10/2023,
209001,A,47,10/04/2023,
209002,B,31,04/05/2022,
209003,A,46,02/02/2023,
209004,A,47,23/01/2024,
209005,P,60,16/07/2025,
209006,A,56,31/05/2025,
209007,A,32,26/03/2022,
209008,A,40,25/09/2022,
209009,X,85,11/05/2024,
209010,A,50,02/11/2022,
209011,B,36,25/05/2025,26/01/2026
209012,A,20,23/01/2025,
209013,P,49,08/05/2022,
209014,P,30,25/01/2025,
209015,A,41,14/09/2023,
209016,B,55,07/03/2023,
209017,A,43,24/08/2023,
209018,A,46,23/02/2023,
209019,A,30,25/09/2022,
209020,A,38,09/10/2022,
209021,P,35,05/01/2023,
209022,A,40,30/12/2023,
209023,B,47,06/05/2023,10/01/2024
209024,A,33,26/05/2022,
209025,P,58,19/03/2024,
209026,A,36,17/05/2025,
209027,P,45,05/09/2023,
209028,A,24,28/04/2022,
209029,A,41,11/05/2022,
209030,B,62,13/07/2023,
209031,B,54,20/06/2024,
209032,A,45,14/04/2025,
209033,A,55,02/02/2025,
209034,P,47,21/03/2024,
209035,B,29,24/10/2022,
209036,A,46,11/06/2024,
209037,A,38,22/12/2024,
209038,A,18,18/09/2023,
209039,B,46,28/11/2022,
209040,A,62,06/02/2024,
209041,P,56,27/05/2024,
209042,B,46,12/10/2024,
209043,A,58,18/04/2023,
209044,B,46,26/09/2022,
209045,A,36,08/06/2024,
209046,P,45,15/10/2024,
209047,A,39,14/06/2024,
209048,P,50,25/01/2025,
209049,A,43,12/03/2025,
209050,A,63,17/01/2025,
209051,A,43,07/04/2024,
209052,A,56,26/06/2025,
209053,P,30,12/09/2023,
209054,A,50,04/07/2024,
209055,A,51,13/09/2022,
209056,B,64,12/04/2023,
209057,A,39,11/06/2025,
209058,A,72,25/04/2024,
209059,P,18,01/02/2022,
209060,P,34,15/03/2022,
209061,A,40,22/12/2023,
209062,P,44,02/10/2022,
209063,P,27,08/01/2023,
209064,P,50,07/10/2022,
209065,A,63,09/03/2024,
209066,A,31,23/09/2022,
209067,B,40,26/01/2022,21/11/2023
209068,A,30,11/07/2024,
209069,A,31,06/01/2024,
209070,P,46,20/12/2023,
209071,A,44,25/04/2023,
209072,A,46,11/03/2022,
209073,B,59,10/09/2024,
209074,A,25,09/03/2025,
209074,A,32,21/01/2023,
209076,B,51,05/01/2023,
209077,B,55,19/04/2024,30/08/2024
209078,B,53,08/02/2025,
209079,P,34,04/01/2025,
209080,P,53,06/03/2023,
209081,P,38,19/09/2023,
209082,A,55,15/05/2023,
209083,P,37,06/10/2022,
209084,B,50,15/10/2023,
209085,A,57,16/10/2024,
209086,B,49,30/10/2022,
209087,P,43,27/04/2022,
209088,A,45,24/02/2023,
209089,B,60,07/05/2024,
209090,A,50,23/07/2022,
209091,A,32,29/04/2023,
209092,P,42,03/07/2023,
209093,B,37,31/12/2024,
209094,A,48,30/01/2024,
209095,A,33,31/10/2024,
209096,A,39,14/05/2025,
209097,A,40,13/01/2023,
209098,B,29,13/04/2025,
209099,B,39,17/12/2022,28/04/2025
209100,P,61,21/10/2024,
209101,A,55,09/09/2023,
209102,A,50,17/01/2022,
209103,A,64,02/09/2022,
209104,B,73,07/06/2024,
209105,A,46,28/05/2023,
209106,P,64,16/03/2022,
209107,B,42,14/09/2023,
209108,A,38,08/09/2023,
209109,A,58,11/06/2024,
209110,A,63,01/01/2025,
209111,A,45,08/04/2024,
209112,B,59,25/08/2022,
209113,P,64,16/02/2024,
209114,A,42,24/02/2022,
209115,A,40,21/08/2023,
209116,X,39,08/08/2022,26/12/2024
209117,B,67,27/01/2022,
209118,P,68,17/11/2023,
209119,B,40,24/03/2023,
209120,A,38,01/07/2022,
209121,A,30,04/05/2022,
209122,A,46,10/11/2022,
209123,B,45,13/07/2025,
209124,A,75,04/01/2024,
209125,B,41,22/05/2024,01/06/2025
209126,B,51,07/09/2022,
209127,A,39,10/01/2024,
209128,A,21,16/04/2025,
209129,A,31,29/05/2025,
209130,B,31,30/07/2022,
209131,A,58,25/05/2025,
209132,A,33,11/11/2023,
209133,B,44,07/05/2025,
209134,A,42,15/08/2024,
209135,B,28,20/03/2025,
209136,A,61,21/03/2023,
209137,B,43,12/08/2023,
209138,P,59,30/01/2023,
209139,A,45,21/08/2024,
209140,A,28,30/10/2022,
209141,B,23,01/04/2025,05/09/2025
209142,A,34,01/07/2022,
209143,P,32,03/08/2022,
209144,P,47,16/05/2023,
209145,A,55,01/01/2024,
209146,P,58,06/03/2022,
209147,A,50,08/05/2025,
209148,A,42,09/08/2022,
209149,A,20,04/09/2022,
209150,B,35,10/03/2023,
209151,B,42,06/05/2022,
209152,A,19,14/03/2024,
209153,B,45,27/12/2023,19/04/2026
209154,P,44,15/01/2024,
209155,B,19,25/11/2024,
209156,A,61,17/04/2025,
209157,A,47,11/03/2025,
209158,A,35,12/08/2022,
209159,B,18,09/01/2023,
209159,A,42,02/04/2023,
209161,A,55,15/11/2024,
209162,A,36,25/11/2024,
209163,A,42,07/08/2024,
209164,P,63,28/03/2024,
209165,A,30,18/12/2024,
209166,B,42,11/09/2022,06/10/2024
209167,P,50,27/04/2025,
209168,A,24,25/10/2024,
209169,A,28,06/03/2022,
209170,B,34,20/05/2024,10/02/2026
209171,A,44,22/02/2024,
209172,A,28,17/10/2023,
209173,A,64,19/07/2025,
209174,A,49,25/12/2023,
209175,X,23,19/12/2022,
209176,A,58,20/11/2024,
209177,A,43,15/04/2023,
209178,B,44,03/05/2025,
209179,A,50,29/06/2025,
209180,A,31,21/01/2024,
209181,A,39,06/08/2022,
209182,A,43,22/10/2022,
209183,A,61,16/07/2023,
209184,A,42,05/12/2024,
209185,A,45,15/05/2023,
209186,B,35,14/10/2022,
209187,A,33,26/03/2023,
209188,P,59,20/08/2023,
209189,P,62,31/03/2024,
209190,A,48,17/12/2022,
209191,X,43,28/01/2022,
209192,A,44,11/06/2025,
209193,B,39,06/06/2025,02/10/2026
209194,P,51,22/06/2024,
209195,A,49,15/05/2024,
209196,A,53,05/04/2022,
209197,B,45,15/07/2023,
209198,B,34,10/09/2023,
209199,B,43,22/03/2023,28/11/2023
209200,B,18,21/01/2023,26/08/2024
209201,B,46,26/05/2024,11/09/2024
209202,X,53,29/09/2022,27/08/2023
209203,B,57,22/03/2022,13/01/2024
209204,P,39,30/01/2024,
209205,A,51,27/03/2024,
209206,A,58,09/03/2024,
209207,A,39,28/09/2024,
209208,B,50,08/08/2022,
209209,X,54,31/07/2023,
209210,P,37,17/02/2025,
209211,A,32,12/08/2024,
209212,A,64,11/02/2025,
209213,X,38,28/04/2024,
209214,A,75,09/02/2025,
209215,A,32,16/12/2024,
209215,A,48,15/07/2025,
209217,A,21,25/06/2025,
209218,B,54,01/12/2022,05/04/2024
209219,P,43,19/11/2024,
209220,A,35,22/04/2025,
209221,A,39,17/03/2022,
209222,P,55,19/09/2022,
209223,B,49,29/03/2022,
209224,P,55,17/12/2024,
209225,B,54,09/04/2023,
209226,P,48,10/06/2025,
209227,B,26,25/09/2023,
209228,A,26,30/10/2023,
209229,A,46,25/02/2022,
209230,A,38,03/03/2025,
209231,P,34,07/06/2025,
209232,A,29,02/10/2024,
209233,A,57,10/02/2025,
209234,B,40,30/12/2023,
209235,P,37,09/07/2024,
209236,P,57,07/06/2025,
209237,A,18,14/04/2025,
209238,P,40,17/10/2022,
209239,B,59,11/11/2024,
209240,B,38,22/02/2022,
209241,A,38,02/02/2025,
209242,A,51,01/08/2023,
209243,P,53,08/08/2023,
209244,A,26,29/07/2024,
209245,A,32,04/02/2023,
209246,A,43,12/04/2023,
209247,P,48,11/10/2023,
209248,P,52,01/12/2024,
209249,B,33,07/03/2025,30/01/2026
209250,A,18,19/05/2023,
209251,A,48,23/09/2022,
209252,A,35,28/02/2023,
209253,B,60,18/02/2023,
209254,B,39,20/07/2022,
209255,A,46,22/11/2022,
209256,A,29,10/04/2025,
209257,B,52,22/07/2025,
209258,A,54,30/07/2023,
209259,A,60,26/12/2024,
209260,B,67,13/02/2024,12/08/2025
209261,P,58,24/04/2022,
209262,P,63,19/05/2025,
209263,A,44,02/01/2022,
209264,B,30,20/01/2025,15/03/2025
209265,P,38,04/05/2022,
209266,B,41,28/06/2022,07/05/2024
209267,A,48,20/02/2022,
209268,B,53,24/10/2023,
209269,X,42,31/12/2024,
209270,B,33,09/01/2024,
209271,A,28,21/11/2022,
209272,A,38,23/07/2024,
209273,P,44,05/04/2023,
209274,B,28,03/04/2023,
209275,B,50,05/03/2022,
209276,B,66,21/11/2022,
209277,B,50,28/05/2024,
209278,P,27,09/11/2022,
209279,A,35,01/07/2025,
209280,A,34,24/12/2022,
209280,A,41,04/10/2023,
209282,A,37,08/04/2023,
209283,P,46,08/06/2024,
209284,A,59,09/05/2024,
209285,P,24,12/12/2024,
209286,B,44,14/11/2024,
209287,B,40,23/01/2024,18/11/2024
209288,A,41,08/06/2024,
209289,P,34,21/06/2025,
209290,P,29,03/11/2024,
209291,P,32,27/02/2025,
209292,A,54,22/03/2023,
209293,B,52,30/01/2024,
209294,A,42,10/09/2024,
209295,B,64,12/07/2023,
209296,A,44,16/12/2022,
209297,B,42,09/09/2023,03/11/2025
209298,B,32,14/05/2025,16/07/2025
209299,P,43,27/04/2024,
209300,B,36,09/12/2024,15/09/2025
209301,A,43,12/10/2022,
209302,A,63,05/04/2025,
209303,A,30,13/03/2022,
209304,A,53,13/03/2025,
209305,B,57,26/05/2023,
209306,A,38,13/11/2022,
209307,B,52,14/10/2023,
209308,A,41,01/04/2024,
209309,P,63,18/01/2023,
209310,A,30,15/02/2025,
209311,P,41,12/09/2024,
209312,B,59,26/02/2023,05/08/2025
209313,A,43,04/07/2025,
209314,A,31,13/07/2023,
209315,B,51,01/11/2022,05/10/2024
209316,P,45,09/11/2023,
209317,A,18,23/03/2023,
209318,B,24,17/12/2022,
209319,A,31,25/09/2022,
209320,A,64,08/07/2024,
209321,A,32,29/06/2023,
209322,B,18,10/03/2025,25/09/2026
209323,X,41,19/08/2022,
209324,B,53,11/07/2023,
209325,A,77,16/04/2022,
209326,A,27,02/07/2025,
209327,B,27,13/05/2022,
209328,A,50,30/10/2023,
209329,A,40,31/05/2022,
209330,B,40,17/08/2023,27/10/2025
209331,A,71,16/02/2025,
209332,A,39,07/02/2024,
209333,A,28,12/12/2022,
209334,P,42,01/03/2022,
209335,B,62,10/04/2023,
209336,A,26,24/01/2022,
209337,B,46,24/12/2023,
209338,A,37,01/10/2023,
209339,A,36,20/10/2022,
209340,P,60,26/02/2022,
209341,B,26,09/05/2025,
209342,B,52,16/04/2024,
209343,B,58,09/01/2022,24/06/2024
209344,P,29,29/09/2024,
209345,A,52,27/09/2022,
209346,A,36,16/05/2022,
209347,X,44,17/05/2024,
209348,A,30,05/12/2024,
209349,A,39,11/01/2024,
209350,A,60,14/03/2023,
209351,P,44,13/04/2025,
209352,B,33,19/07/2025,
209353,B,45,28/02/2023,
209354,A,29,18/08/2022,
209355,P,30,03/02/2022,
209356,A,55,10/08/2024,
209357,P,20,25/05/2025,
209358,A,35,04/04/2023,
209359,A,20,29/07/2023,
209360,P,32,24/04/2024,
209361,B,49,05/11/2024,
209362,A,37,10/09/2023,
209363,A,24,04/07/2023,
209364,A,43,09/05/2023,
209365,P,23,19/01/2023,
209366,A,53,14/07/2022,
209367,A,60,25/12/2022,
209368,A,48,08/06/2024,
209369,A,44,17/04/2023,
209370,B,20,20/06/2023,
209371,B,36,14/04/2024,
209372,A,34,15/04/2024,
209373,A,33,22/04/2024,
209374,P,35,29/09/2024,
209375,A,36,03/07/2022,
209376,B,59,27/03/2022,
209377,B,44,02/04/2025,10/07/2026
209378,A,49,21/12/2022,
209379,B,23,21/08/2023,29/05/2025
209380,A,44,15/12/2024,
209381,P,28,01/10/2023,
209382,A,41,22/06/2025,
209383,B,32,07/01/2022,
209384,B,40,01/03/2023,
209385,P,43,13/01/2025,
209386,A,58,09/03/2023,
209387,A,32,08/12/2024,
209388,A,62,08/11/2023,
209389,A,52,22/05/2023,
209390,P,42,18/02/2024,
209391,B,65,18/01/2023,
209392,P,50,20/12/2022,
209393,P,27,10/10/2024,
209394,A,41,21/09/2022,
209395,A,59,14/08/2023,
209396,B,27,02/11/2022,
209397,X,68,17/05/2022,
209398,A,35,29/06/2025,
209399,A,44,28/06/2022,
209400,A,41,02/01/2023,
209401,X,49,05/02/2025,
209402,B,51,14/10/2024,
209403,A,43,19/11/2022,
209404,P,43,15/04/2022,
209405,A,41,15/01/2023,
209406,A,51,16/03/2025,
209407,P,57,18/10/2024,
209408,A,36,29/03/2024,
209409,A,61,21/12/2024,
209410,A,44,31/12/2022,
209411,B,34,23/06/2024,
209412,A,60,24/04/2025,
209413,A,40,18/01/2022,
209414,A,60,13/11/2024,
209415,A,35,13/02/2024,
209416,A,44,30/05/2024,
209417,P,60,07/12/2022,
209418,B,41,29/12/2022,03/11/2024
209419,A,57,26/06/2022,
209420,A,47,18/11/2024,
209421,B,44,08/02/2024,
209422,A,47,23/07/2025,
209423,A,48,28/05/2025,
209424,A,65,15/05/2024,
209425,B,42,29/10/2024,
209426,A,29,26/04/2022,
209427,B,22,08/04/2024,
209428,B,51,15/01/2024,
209429,A,44,26/05/2025,
209430,A,49,20/06/2023,
209431,A,18,04/03/2024,
209432,A,26,09/01/2023,
209433,A,54,06/12/2023,
209434,A,47,25/09/2024,
209435,A,49,24/03/2023,
209436,P,30,03/10/2024,
209437,A,54,29/06/2023,
209438,X,45,01/04/2022,
209439,B,22,22/06/2025,
209440,B,43,13/05/2025,12/01/2026
209441,A,52,12/10/2022,
209442,B,50,07/09/2023,
209443,A,54,29/05/2024,
209444,A,68,21/11/2024,
209445,A,42,28/10/2024,
209446,A,28,25/11/2023,
209447,A,51,04/10/2024,
209448,A,26,11/02/2024,
209449,B,58,24/03/2022,11/03/2023
209450,A,50,08/05/2024,
209451,B,39,16/03/2025,
209452,A,60,21/05/2024,
209453,B,73,16/01/2023,26/05/2024
209454,B,31,21/02/2024,
209455,P,80,05/08/2024,
209456,P,57,31/05/2025,
209457,B,47,13/03/2024,
209458,A,27,02/03/2022,
209459,B,62,05/11/2024,
209460,P,39,03/07/2024,
209461,A,55,18/01/2024,
209462,P,25,08/08/2024,
209463,A,18,08/10/2023,
209464,B,22,21/09/2023,22/01/2024
209465,A,37,08/04/2024,
209466,B,34,11/01/2025,21/03/2026
209467,A,37,07/04/2023,
209468,B,48,30/09/2023,
209469,B,42,15/05/2025,26/07/2026
209470,A,22,15/06/2025,
209471,P,57,28/12/2022,
209471,P,45,29/08/2023,
209473,B,35,08/07/2023,
209474,B,37,09/05/2024,
209475,A,41,26/06/2022,
209476,B,54,01/04/2025,24/07/2025
209477,P,70,17/10/2024,
209478,A,36,14/03/2025,
209479,B,52,19/05/2025,
209480,B,70,06/02/2023,
209481,A,34,13/01/2023,
209482,P,31,03/09/2022,
209483,A,65,23/06/2022,
209484,B,58,18/09/2022,
209485,P,43,27/10/2022,
209486,B,37,24/01/2025,
209487,A,53,16/03/2023,
209488,A,57,18/07/2024,
209489,A,51,17/05/2023,
209490,B,47,11/09/2022,31/05/2024
209491,A,40,16/06/2022,
209492,X,18,18/11/2024,
209493,A,61,21/05/2025,
209494,A,24,22/02/2022,
209495,B,34,22/02/2024,19/09/2025
209496,A,36,05/05/2024,
209497,A,37,12/01/2023,
209498,A,26,18/06/2023,
209499,B,62,17/11/2024,
209500,B,39,15/11/2024,
209501,X,40,03/06/2025,26/02/2027
209502,A,57,17/08/2024,
209503,P,54,24/03/2023,
209504,P,58,05/01/2024,
209505,P,50,31/08/2022,
209506,A,32,06/04/2022,
209507,B,31,09/06/2022,07/04/2024
209508,A,27,27/07/2022,
209509,A,40,02/08/2023,
209510,P,53,01/04/2025,
209511,B,59,23/06/2024,
209512,A,48,18/02/2023,
209513,B,65,04/05/2023,
209514,A,52,24/01/2023,
209515,B,43,11/06/2025,29/07/2025
209516,A,29,07/05/2022,
209517,A,51,05/12/2023,
209518,A,41,14/03/2022,
209519,B,41,03/12/2024,
209520,P,47,11/11/2024,
209521,A,61,17/12/2022,
209522,A,49,23/06/2023,
209523,A,27,25/10/2024,
209524,A,48,07/09/2023,
209525,A,51,29/02/2024,
209526,B,57,15/07/2024,
209527,A,27,27/11/2022,
209528,X,30,05/05/2025,
209529,B,24,15/10/2024,
209530,A,55,30/11/2024,
209531,A,67,08/11/2023,
209532,B,37,29/04/2023,
209533,P,41,17/03/2024,
209534,A,45,30/06/2024,
209535,B,44,02/09/2024,17/09/2025
209536,A,25,05/01/2023,
209537,P,28,07/06/2024,
209538,B,49,09/08/2022,
209539,B,21,08/07/2023,
209540,X,37,29/04/2025,15/04/2027
209541,B,60,19/08/2022,
209542,B,49,15/04/2023,
209543,A,52,13/07/2022,
209544,A,44,23/04/2025,
209545,A,36,10/03/2025,
209546,A,40,23/01/2022,
209547,B,40,07/01/2025,20/06/2027
209548,A,48,22/06/2023,
209549,A,45,02/10/2023,
209550,B,45,14/05/2022,20/10/2022
209551,B,29,05/08/2023,14/01/2026
209552,B,32,25/06/2023,21/06/2025
209553,P,45,11/10/2024,
209554,B,60,07/02/2023,07/02/2025
209555,P,47,12/01/2022,
209556,A,53,26/03/2025,
209557,A,18,20/11/2024,
209558,B,65,17/06/2025,
209559,P,48,29/03/2023,
209560,A,51,08/08/2024,
209561,A,43,03/06/2024,
209562,A,46,18/07/2024,
209563,P,51,29/12/2023,
209564,A,53,06/06/2025,
209565,A,51,07/04/2022,
209566,A,32,16/03/2023,
209567,A,36,23/06/2022,
209568,B,46,12/06/2025,
209569,B,52,26/01/2023,21/05/2023
209570,B,60,06/05/2023,
209571,A,34,14/06/2024,
209572,P,57,27/06/2024,
209573,A,34,01/05/2025,
209574,A,51,26/05/2022,
209575,P,60,18/07/2022,
209576,P,48,27/05/2025,
209577,A,18,19/12/2023,
209578,P,52,16/10/2022,
209579,A,29,09/07/2025,
209580,A,34,21/02/2025,
209581,A,79,29/11/2024,
209582,P,41,22/04/2025,
209583,A,54,05/08/2023,
209584,P,43,21/08/2022,
209585,A,58,11/04/2025,
209586,B,35,27/12/2022,
209587,B,54,22/02/2025,
209588,B,44,04/09/2024,
209589,A,32,07/04/2022,
209590,A,37,05/03/2022,
209591,B,45,27/04/2024,25/03/2025
209592,X,50,22/07/2022,
209593,A,42,25/01/2024,
209594,A,53,16/01/2022,
209595,A,25,15/01/2023,
209596,A,56,04/07/2022,
209597,B,34,09/12/2022,12/12/2024
209598,A,40,08/10/2022,
209599,A,42,02/10/2023,
209600,B,51,16/07/2022,
209601,B,66,16/07/2025,
209602,A,63,22/08/2024,
209603,B,59,28/02/2025,21/12/2025
209604,A,56,06/08/2023,
209605,B,22,28/04/2025,
209606,A,46,20/03/2025,
209607,A,36,14/06/2023,
209608,P,38,12/03/2022,
209609,A,47,22/10/2022,
209610,A,49,11/08/2024,
209611,A,33,04/09/2023,
209612,B,63,18/01/2024,
209613,B,65,09/11/2022,
209614,A,33,13/11/2024,
209615,P,46,02/10/2024,
209616,A,40,02/05/2024,
209617,B,52,04/04/2022,
209618,A,41,05/06/2023,
209619,P,40,26/02/2024,
209620,A,56,10/01/2022,
209621,P,18,05/04/2024,
209622,P,44,31/01/2022,
209623,A,37,03/06/2025,
209624,B,51,13/09/2023,16/04/2024
209625,A,57,08/04/2022,
209626,A,57,20/06/2025,
209627,A,42,29/01/2023,
209628,A,48,03/06/2024,
209629,X,46,14/07/2024,
209630,B,49,21/06/2025,
209631,A,51,09/01/2022,
209632,B,43,12/02/2023,
209633,A,46,10/09/2022,
209634,B,49,11/05/2023,29/08/2025
209635,P,41,02/08/2023,
209636,A,39,05/10/2023,
209637,B,49,18/02/2023,
209638,B,52,12/08/2024,
209639,A,47,26/08/2023,
209640,B,56,30/08/2024,20/01/2026
209641,X,26,11/03/2023,
209642,X,43,21/08/2022,
209643,B,49,01/01/2022,11/10/2023
209644,A,41,15/03/2024,
209645,A,45,03/04/2023,
209646,A,34,13/09/2023,
209647,A,44,09/10/2024,
209648,P,37,18/12/2022,
209649,P,34,16/02/2024,
209650,A,50,05/05/2022,
209651,P,66,24/06/2024,
209652,A,52,20/09/2023,
209653,B,47,10/05/2022,
209654,P,47,23/04/2023,
209655,A,48,23/09/2024,
209656,A,49,05/08/2022,
209657,X,71,27/07/2023,
209658,P,54,09/03/2023,
209659,B,43,07/11/2022,
209660,P,57,29/01/2023,
209661,A,44,27/06/2025,
209662,B,41,11/10/2022,
209663,A,46,25/12/2023,
209664,X,41,22/01/2024,
209665,A,35,18/11/2022,
209666,B,47,17/09/2022,26/08/2023
209667,A,30,29/12/2024,
209668,A,28,12/01/2023,
209669,A,18,19/03/2022,
209670,B,45,06/01/2022,
209671,A,23,22/06/2025,
209672,A,27,10/03/2023,
209673,B,51,18/03/2024,
209674,A,38,25/06/2024,
209675,A,40,15/12/2024,
209676,B,51,29/08/2023,12/02/2024
209677,A,43,21/04/2023,
209678,B,34,06/05/2023,11/07/2024
209679,A,31,10/03/2023,
209680,A,67,05/10/2024,
209681,P,36,21/11/2024,
209682,B,53,28/09/2022,
209683,B,80,30/10/2023,
209684,A,49,30/10/2022,
209685,A,18,25/07/2022,
209686,P,68,15/10/2022,
209687,A,29,29/08/2024,
209688,A,38,24/04/2023,
209689,B,54,17/09/2023,
209690,B,50,02/07/2024,
209691,P,48,01/09/2022,
209692,A,43,08/12/2022,
209693,A,28,16/12/2023,
209694,A,41,04/05/2024,
209695,B,36,06/01/2024,20/03/2024
209696,A,61,27/09/2022,
209697,A,49,06/02/2023,
209698,A,43,08/08/2023,
209698,B,44,21/08/2023,04/04/2025
209700,A,34,04/09/2023,
209701,B,29,09/12/2022,10/08/2023
209702,X,36,25/02/2022,
209703,A,41,22/02/2022,
209704,B,33,16/08/2024,
209705,B,52,09/08/2022,
209706,A,66,15/08/2023,
209707,A,25,21/11/2022,
209708,B,40,29/03/2023,
209709,A,63,11/02/2022,
209710,P,55,21/03/2024,
209711,A,34,13/09/2024,
209712,A,36,24/06/2023,
209713,A,44,26/03/2025,
209714,P,24,05/04/2024,
209715,A,24,12/03/2023,
209716,P,51,18/06/2024,
209717,B,45,31/05/2023,19/12/2024
209718,A,63,20/02/2025,
209719,A,22,06/12/2024,
209720,A,51,16/01/2024,
209721,B,53,22/10/2022,
209722,A,35,02/02/2022,
209723,A,38,31/10/2022,
209724,A,41,29/10/2022,
209725,B,63,31/05/2023,
209726,B,43,28/10/2022,
209727,A,18,14/08/2022,
209728,A,42,14/07/2023,
209729,A,65,10/10/2024,
209730,P,48,26/03/2022,
209731,B,49,04/12/2022,
209732,P,43,17/02/2022,
209733,A,35,14/06/2022,
209734,A,63,27/03/2022,
209735,P,59,09/02/2022,
209736,B,64,27/01/2022,09/06/2023
209737,B,43,09/11/2024,
209738,A,39,02/02/2024,
209739,A,44,17/12/2023,
209740,B,43,16/02/2022,
209741,A,56,07/01/2024,
209742,A,18,25/07/2024,
209743,P,41,17/04/2022,
209744,P,20,03/02/2024,
209745,P,29,24/05/2024,
209746,A,26,03/06/2024,
209747,B,47,24/07/2023,
209748,A,37,06/12/2022,
209749,A,44,16/05/2024,
209750,A,18,21/11/2023,
209751,B,27,03/02/2022,
209752,B,18,27/04/2023,01/04/2025
209753,B,38,04/07/2024,
209754,A,44,15/05/2025,
209755,P,33,07/12/2023,
209756,B,38,07/06/2024,
209757,B,34,01/03/2024,27/05/2024
209758,A,48,02/03/2022,
209759,B,47,11/07/2024,
209760,P,21,08/12/2023,
209761,A,55,15/11/2023,
209762,P,26,23/04/2024,
209763,A,39,05/08/2024,
209764,A,36,25/05/2023,
209765,A,71,15/03/2023,
209766,A,75,10/05/2025,
209767,B,40,13/09/2024,23/05/2026
209768,B,38,29/12/2024,
209769,P,47,20/12/2022,
209770,A,51,26/11/2022,
209771,B,65,04/01/2025,
209772,B,40,20/01/2022,
209773,A,38,28/11/2022,
209774,X,31,18/06/2022,
209775,B,46,12/11/2022,19/05/2023
209776,B,23,22/05/2023,
209777,P,55,01/09/2024,
209778,A,37,01/12/2024,
209779,P,19,08/05/2024,
209780,B,22,14/07/2022,
209781,A,45,29/07/2024,
209782,B,19,20/07/2025,
209783,A,27,10/06/2024,
209784,A,50,05/10/2023,
209785,A,37,11/01/2023,
209786,B,61,17/07/2023,
209787,A,54,02/02/2025,
209788,B,42,06/10/2023,
209789,P,35,29/05/2022,
209790,P,25,02/10/2023,
209791,A,35,06/06/2023,
209792,B,45,17/06/2024,
209793,B,47,30/06/2025,
209794,B,29,15/11/2022,
209795,X,66,27/01/2024,12/04/2024
209796,P,32,23/08/2023,
209797,A,49,06/02/2024,
209798,A,55,28/04/2024,
209799,A,27,30/05/2023,
209800,B,72,23/06/2023,
209801,P,47,18/04/2022,
209802,B,38,06/11/2023,07/07/2025
209803,A,44,30/03/2025,
209804,P,39,12/08/2024,
209805,A,53,15/05/2023,
209806,A,47,17/09/2024,
209807,A,63,31/07/2022,
209808,B,66,22/06/2024,05/08/2025
209809,P,33,14/10/2024,
209810,P,57,12/07/2023,
209811,B,31,26/10/2022,05/04/2024
209812,P,43,13/07/2022,
209813,A,29,07/03/2022,
209814,A,43,14/09/2024,
209815,A,18,07/04/2023,
209816,P,28,09/06/2022,
209817,A,51,08/03/2024,
209818,B,62,14/08/2023,31/10/2025
209819,A,47,05/10/2022,
209820,A,60,05/03/2023,
209821,A,46,02/05/2025,
209822,A,26,22/03/2023,
209823,P,61,03/03/2022,
209824,B,43,17/12/2024,
209825,P,38,30/11/2024,
209826,B,35,18/05/2023,24/06/2025
209827,A,33,10/10/2024,
209828,B,50,10/05/2022,
209829,A,56,19/12/2024,
209830,A,60,03/02/2023,
209831,B,20,17/12/2022,
209832,A,48,19/05/2024,
209833,A,53,23/10/2022,
209834,B,42,08/03/2023,
209835,X,27,14/07/2023,20/02/2025
209836,B,48,20/12/2022,21/12/2024
209837,A,37,24/01/2022,
209838,A,40,26/02/2022,
209839,B,28,15/01/2023,03/12/2023
209840,B,43,13/08/2022,11/06/2024
209841,A,23,01/08/2022,
209842,A,57,22/05/2024,
209843,P,41,18/01/2024,
209844,P,39,16/12/2022,
209845,A,39,07/07/2024,
209846,A,46,08/01/2024,
209847,A,48,28/04/2024,
209848,A,43,31/05/2024,
209849,P,55,11/05/2025,
209850,B,45,01/07/2023,
209851,P,32,27/01/2025,
209852,A,37,23/11/2023,
209853,B,48,07/01/2023,
209854,B,58,12/08/2024,20/07/2026
209855,A,51,15/05/2022,
209856,B,53,14/04/2025,
209857,X,37,28/04/2023,09/11/2024
209858,P,20,15/03/2023,
209859,X,19,05/01/2022,
209860,P,73,30/08/2023,
209861,A,65,17/02/2023,
209862,A,46,02/04/2024,
209863,P,18,30/09/2022,
209864,P,22,04/01/2023,
209865,A,42,05/07/2023,
209866,B,63,02/04/2023,01/01/2024
209867,B,71,29/07/2022,01/03/2024
209868,A,41,01/06/2022,
209869,B,44,20/05/2025,
209870,B,43,14/02/2022,
209871,A,35,04/02/2023,
209872,B,44,16/06/2022,14/10/2022
209873,B,40,14/03/2024,19/05/2026
209874,B,18,21/06/2023,31/05/2025
209875,A,55,19/12/2022,
209876,P,40,17/09/2024,
209877,A,59,20/02/2022,
209878,A,42,07/04/2025,
209879,P,52,04/06/2024,
209880,A,72,29/01/2024,
209881,A,62,24/02/2025,
209882,A,23,28/09/2024,
209883,A,62,31/08/2022,
209884,P,42,30/11/2024,
209885,A,41,02/04/2024,
209886,P,44,04/12/2022,
209887,A,43,05/04/2025,
209888,B,44,31/08/2024,
209889,A,45,24/10/2023,
209890,A,58,12/06/2025,
209891,P,48,07/06/2025,
209892,A,48,27/02/2022,
209893,A,73,13/10/2023,
209894,B,46,18/08/2022,23/06/2024
209895,A,28,03/08/2022,
209896,A,47,22/01/2024,
209897,B,46,19/12/2022,24/05/2023
209898,B,56,01/05/2025,
209899,A,34,05/01/2025,
209900,A,39,21/11/2022,
209901,B,40,18/06/2023,
209902,A,70,04/12/2024,
209903,A,23,17/10/2024,
209904,B,41,11/04/2024,
209905,P,60,28/08/2022,
209906,A,35,05/09/2022,
209907,A,24,24/01/2025,
209908,A,29,13/01/2023,
209909,P,57,30/11/2022,
209910,B,21,24/12/2024,
209911,A,47,24/08/2024,
209912,A,52,02/11/2022,
209913,B,25,29/04/2022,
209914,X,38,21/03/2023,28/06/2025
209915,A,52,24/01/2024,
209916,P,24,01/08/2024,
209917,A,28,21/10/2024,
209918,A,58,22/03/2022,
209918,A,38,31/10/2024,
209920,P,47,20/06/2024,
209921,A,36,06/03/2025,
209922,X,51,15/02/2022,
209923,A,43,22/09/2024,
209924,A,49,10/04/2022,
209925,B,30,08/01/2024,27/07/2025
209926,P,57,10/03/2023,
209927,P,42,24/09/2022,
209928,A,28,03/02/2023,
209929,X,52,16/09/2023,
209930,A,42,06/03/2024,
209931,P,61,19/03/2024,
209932,A,51,20/01/2025,
209933,A,29,11/03/2024,
209934,B,43,07/06/2024,
209935,A,44,29/07/2022,
209936,B,45,16/04/2024,
209937,B,56,06/10/2022,
209938,P,71,31/08/2023,
209939,P,49,28/04/2023,
209940,A,28,06/09/2024,
209941,B,48,08/02/2025,
209942,A,31,26/01/2023,
209943,A,52,04/10/2022,
209944,B,29,18/12/2023,
209945,B,42,07/07/2025,
209946,A,50,10/12/2022,
209947,B,60,19/11/2023,01/02/2025
209948,A,47,01/05/2025,
209949,B,50,22/06/2024,
209950,A,47,29/08/2023,
209951,A,83,30/03/2023,
209952,P,41,15/07/2024,
209953,B,42,17/01/2024,
209954,A,49,13/05/2023,
209955,B,60,14/05/2022,
209956,B,33,18/08/2022,
209957,B,45,16/05/2024,
209958,A,50,14/03/2023,
209959,P,57,23/12/2024,
209960,B,24,15/11/2023,23/04/2025
209961,A,49,03/04/2022,
209962,B,43,08/03/2024,19/11/2025
209963,P,49,11/04/2025,
209964,A,55,05/12/2024,
209965,A,56,03/04/2025,
209966,A,46,04/06/2025,
209967,P,37,30/07/2023,
209968,A,61,07/09/2024,
209969,A,49,20/08/2023,
209970,A,52,14/05/2025,
209971,A,20,11/04/2022,
209972,A,38,07/09/2024,
209973,A,18,01/04/2023,
209974,B,33,09/04/2023,
209975,B,69,01/09/2022,17/08/2023
209976,A,34,05/10/2022,
209977,A,57,09/05/2024,
209978,A,18,12/01/2025,
209979,P,70,04/07/2023,
209980,A,35,13/08/2022,
209981,A,45,30/04/2025,
209982,B,33,25/04/2023,
209983,A,37,07/04/2025,
209984,A,47,16/07/2024,
209985,A,31,07/06/2023,
209986,A,38,16/08/2022,
209987,A,43,31/05/2025,
209988,B,52,21/06/2022,
209989,B,60,06/07/2024,
209990,B,37,25/03/2023,
209991,A,26,01/02/2022,
209992,A,34,01/02/2025,
209993,A,23,25/04/2023,
209994,B,47,12/07/2023,
209995,A,47,07/03/2023,
209996,B,39,22/08/2024,
209997,B,48,02/03/2023,
209998,X,39,13/04/2024,
209999,B,60,29/11/2022,
210000,B,53,14/10/2022,
210001,P,51,13/06/2024,
210002,P,53,06/12/2024,
210003,P,43,31/05/2024,
210004,A,29,31/05/2025,
210005,P,66,04/01/2023,
210006,B,46,11/09/2022,16/12/2023
210007,A,23,15/07/2024,
210008,B,35,24/11/2023,
210009,A,56,11/06/2025,
210010,P,27,26/07/2022,
210011,A,48,17/02/2025,
210012,A,45,04/12/2022,
210013,A,48,29/12/2023,
210014,A,44,01/07/2025,
210015,A,49,02/04/2022,
210016,A,28,21/11/2023,
210017,B,44,15/12/2022,
210018,A,31,18/07/2023,
210019,A,43,01/12/2022,
210020,P,50,24/08/2023,
210021,B,37,28/07/2022,13/05/2024
210022,P,38,01/12/2024,
210023,A,73,14/11/2024,
210024,A,40,06/10/2024,
210025,P,63,10/06/2025,
210026,A,25,07/10/2022,
210027,A,57,04/02/2024,
210028,A,36,26/10/2024,
210029,P,40,29/05/2024,
210030,A,51,25/09/2022,
210031,A,30,25/06/2025,
210032,A,47,03/02/2024,
210033,B,41,24/02/2025,20/04/2027
210034,A,57,19/04/2025,
210035,X,34,13/11/2024,
210036,A,57,09/03/2024,
210037,A,32,11/04/2023,
210038,A,35,11/11/2022,
210039,P,51,05/04/2023,
210040,P,38,18/05/2024,
210041,B,43,01/08/2022,31/08/2022
210042,A,71,28/03/2024,
210043,A,40,15/03/2023,
210044,B,32,04/09/2023,
210045,A,43,11/08/2022,
210046,P,66,13/12/2024,
210047,A,36,26/10/2024,
210048,A,55,16/03/2023,
210049,A,30,26/11/2024,
210050,A,61,22/07/2025,
210051,P,20,04/02/2024,
210052,A,30,26/02/2025,
210053,P,28,11/09/2023,
210054,A,69,19/09/2023,
210055,A,64,28/07/2022,
210056,B,55,05/05/2024,
210057,B,43,04/06/2025,27/05/2026
210058,A,47,04/06/2025,
210059,A,40,01/07/2023,
210060,A,39,04/05/2023,
210061,A,27,25/02/2022,
210062,P,48,04/10/2024,
210063,A,66,25/03/2022,
210064,A,61,16/08/2022,
210065,P,23,28/06/2022,
210066,B,49,21/11/2024,15/03/2026
210067,B,47,13/01/2022,
210068,A,36,14/01/2024,
210069,A,23,01/07/2025,
210070,B,49,19/12/2022,
210071,P,23,05/05/2022,
210072,A,36,04/12/2023,
210073,B,74,27/01/2024,
210074,P,44,27/10/2023,
210075,A,46,17/09/2024,
210076,B,33,10/05/2023,22/11/2024
210077,A,38,09/08/2024,
210078,A,36,01/09/2023,
210079,P,25,05/02/2022,
210080,A,34,27/12/2023,
210081,P,48,12/12/2024,
210082,B,42,25/04/2025,29/12/2026
210083,A,53,25/02/2025,
210084,P,46,29/06/2024,
210085,B,46,13/01/2025,
210086,A,61,04/04/2023,
210087,A,43,25/01/2023,
210088,B,18,01/12/2022,17/08/2024
210089,A,36,07/01/2022,
210090,A,52,25/07/2022,
210091,P,54,24/12/2023,
210092,P,41,05/04/2024,
210093,A,34,05/04/2022,
210094,B,69,16/10/2023,
210095,B,42,19/11/2022,25/04/2024
210096,A,61,08/09/2024,
210097,P,47,01/09/2023,
210098,A,45,02/07/2023,
210099,P,44,09/09/2024,
210100,B,39,26/11/2024,
210101,X,36,01/07/2023,
210102,A,43,01/03/2022,
210103,A,25,13/04/2024,
210104,A,57,15/06/2024,
210105,P,50,25/02/2023,
210106,A,39,11/05/2025,
210107,A,40,17/05/2025,
210108,A,33,27/01/2022,
210109,A,58,31/10/2022,
210110,P,46,11/11/2022,
210111,B,44,04/05/2024,02/08/2026
210112,A,31,08/10/2024,
210113,P,63,02/04/2023,
210114,A,53,21/03/2022,
210115,B,26,21/10/2022,
210116,B,51,02/10/2024,
210117,A,58,18/01/2025,
210118,A,40,21/09/2023,
210119,B,56,23/01/2023,24/10/2023
210120,A,28,01/06/2024,
210121,B,62,23/02/2022,
210122,P,54,25/08/2023,
210123,A,49,03/05/2024,
210124,A,49,15/05/2022,
210125,B,35,21/02/2023,
210126,A,57,05/05/2025,
210127,A,43,27/11/2023,
210128,B,30,05/03/2022,09/03/2023
210128,B,33,19/12/2023,
210130,P,32,09/04/2024,
210131,A,35,03/02/2025,
210132,P,84,02/09/2024,
210133,A,37,07/04/2024,
210134,P,55,27/04/2022,
210135,A,35,03/03/2022,
210136,A,77,21/03/2023,
210137,A,42,17/05/2022,
210138,A,50,15/03/2024,
210139,A,30,17/03/2022,
210140,A,68,19/01/2025,
210141,P,57,30/07/2024,
210142,B,36,06/01/2024,
210143,B,47,16/10/2022,
210144,B,36,14/11/2024,
210145,A,52,14/06/2022,
210146,A,51,21/11/2022,
210147,A,32,18/08/2022,
210148,A,25,01/04/2022,
210149,B,36,01/08/2022,
210150,B,47,23/02/2024,
210151,A,51,29/11/2023,
210152,B,39,04/06/2023,23/01/2025
210153,B,53,29/07/2023,
210154,A,33,14/03/2023,
210155,A,59,07/06/2023,
210156,B,47,19/08/2022,23/02/2023
210157,B,34,04/02/2022,14/01/2023
210158,P,29,27/03/2022,
210159,B,34,24/08/2022,
210160,A,30,17/06/2024,
210161,P,45,02/02/2025,
210162,B,38,24/03/2022,21/11/2023
210163,A,63,04/08/2022,
210164,B,24,18/06/2024,
210165,A,50,25/10/2023,
210166,A,68,25/06/2022,
210167,P,50,29/06/2025,
210168,B,57,28/05/2024,30/07/2025
210169,P,54,02/08/2024,
210170,A,42,22/05/2024,
210171,A,57,24/10/2023,
210172,B,33,03/06/2023,
210173,A,56,02/01/2025,
210174,P,47,25/04/2024,
210175,A,41,30/10/2023,
210176,B,21,19/07/2024,30/01/2026
210177,A,66,05/01/2022,
210178,A,47,26/01/2022,
210179,A,42,25/07/2023,
210180,B,38,27/05/2024,09/05/2026
210181,A,49,13/06/2025,
210182,A,52,29/03/2024,
210183,P,60,02/04/2024,
210184,A,59,17/11/2024,
210185,A,43,27/04/2022,
210186,A,28,19/06/2024,
210187,P,72,28/11/2022,
210188,A,62,22/07/2022,
210189,A,54,19/09/2024,
210190,A,48,12/09/2023,
210191,A,42,24/03/2025,
210192,B,22,18/08/2023,22/04/2025
210193,B,45,31/08/2022,01/09/2024
210194,A,46,21/04/2023,
210195,A,36,03/11/2024,
210196,P,63,13/09/2024,
210197,A,49,15/05/2022,
210198,X,38,30/03/2025,
210199,B,39,19/12/2022,
210200,A,68,09/09/2022,
210201,P,32,28/01/2023,
210202,B,57,09/11/2024,07/05/2026
210203,A,62,21/05/2022,
210204,A,63,14/01/2025,
210205,B,40,08/05/2023,23/12/2023
210206,A,35,20/11/2022,
210207,X,74,28/01/2025,
210208,A,30,22/04/2024,
210209,A,55,04/07/2022,
210210,B,59,18/05/2023,
210211,A,59,23/09/2022,
210212,P,66,05/06/2022,
210213,A,25,08/08/2023,
210214,X,48,17/08/2022,07/06/2023
210215,A,52,22/06/2024,
210216,A,50,25/12/2022,
210217,B,46,14/06/2025,
210218,P,39,17/10/2022,
210219,P,51,08/02/2025,
210220,A,43,13/05/2025,
210221,A,43,27/04/2025,
210222,B,28,21/09/2024,24/12/2024
210223,B,47,11/03/2025,19/11/2026
210224,A,29,03/01/2024,
210225,A,36,15/08/2022,
210226,B,61,08/05/2022,
210227,A,46,17/02/2024,
210228,A,60,25/03/2024,
210229,B,34,15/09/2024,
210230,P,51,13/11/2024,
210231,A,59,27/04/2022,
210232,A,35,17/04/2024,
210233,A,32,24/10/2022,
210234,A,41,09/06/2023,
210235,A,60,21/06/2023,
210236,A,49,30/12/2024,
210237,A,48,04/11/2022,
210238,B,57,23/01/2022,
210239,P,39,19/05/2025,
210240,B,52,10/09/2022,
210241,A,45,14/07/2024,
210242,A,35,13/06/2025,
210243,X,77,01/07/2022,26/08/2024
210244,X,55,15/08/2022,29/12/2023
210245,A,24,04/02/2025,
210246,A,47,18/12/2023,
210247,A,45,15/07/2023,
210248,B,45,06/01/2022,
210249,P,23,07/01/2025,
210250,A,31,07/05/2022,
210251,P,29,05/10/2023,
210252,A,46,17/10/2024,
210253,A,57,14/01/2025,
210254,A,41,05/01/2025,
210255,A,65,15/02/2022,
210256,A,45,06/04/2023,
210257,A,70,24/08/2024,
210258,P,60,26/11/2022,
210259,A,32,25/04/2024,
210260,A,59,12/10/2024,
210261,P,50,28/06/2023,
210262,P,25,23/01/2025,
210263,B,34,17/10/2023,
210264,A,50,30/05/2025,
210265,A,53,27/05/2022,
210266,B,43,11/11/2024,15/02/2026
210267,B,46,28/07/2023,17/12/2023
210268,B,62,15/10/2024,
210269,P,59,17/09/2022,
210270,A,43,08/12/2022,
210271,B,50,08/01/2024,
210272,A,38,11/04/2022,
210273,B,51,16/02/2022,21/05/2024
210274,A,54,07/08/2023,
210275,A,78,10/02/2025,
210276,A,45,27/04/2025,
210277,A,43,01/09/2022,
210278,B,42,16/02/2022,
210279,P,31,21/12/2023,
210280,A,25,14/09/2024,
210281,B,43,23/09/2023,
210282,A,35,11/02/2022,
210283,B,61,25/06/2024,
210284,B,34,31/10/2022,
210285,A,42,03/03/2023,
210286,A,23,22/03/2023,
210287,B,56,04/11/2024,23/05/2025
210288,A,58,07/05/2025,
210289,B,65,23/08/2023,02/02/2024
210290,B,41,10/10/2023,02/06/2025
210291,A,20,28/10/2023,
210292,B,21,27/06/2022,16/06/2024
210293,B,46,10/12/2022,29/12/2023
210294,A,59,23/06/2022,
210295,A,48,18/03/2025,
210296,A,61,12/11/2024,
210297,A,37,29/03/2024,
210298,A,58,15/12/2022,
210299,A,60,17/03/2024,
210300,A,49,10/04/2023,
210301,A,41,30/01/2022,
210302,A,51,21/10/2022,
210303,P,37,15/08/2023,
210304,A,32,09/07/2024,
210305,A,69,15/02/2024,
210306,B,57,27/01/2025,
210307,A,58,19/03/2025,
210308,P,51,31/01/2022,
210309,B,39,17/05/2022,
210310,A,45,27/08/2022,
210311,A,46,02/09/2022,
210312,P,45,10/09/2022,
210313,A,34,03/07/2023,
210314,B,39,25/06/2023,
210315,P,51,07/12/2022,
210316,A,49,13/11/2023,
210317,A,25,01/11/2024,
210318,P,73,16/04/2023,
210319,A,44,15/01/2022,
210320,A,66,18/10/2023,
210321,B,65,25/06/2024,
210322,B,56,04/11/2024,
210323,A,38,16/02/2023,
210324,A,54,26/05/2025,
210325,A,18,30/01/2025,
210326,A,42,12/11/2024,
210327,A,55,12/03/2024,
210328,B,32,27/05/2024,
210329,P,63,19/07/2025,
210330,A,54,04/03/2024,
210331,A,50,17/03/2024,
210332,B,25,19/06/2024,
210333,B,68,11/03/2023,
210334,B,37,11/01/2024,
210335,P,46,22/09/2023,
210336,A,44,23/02/2024,
210337,A,24,09/05/2022,
210337,B,44,08/05/2024,
210339,B,33,11/09/2023,13/11/2023
210340,B,40,26/09/2023,25/06/2025
210341,B,49,10/06/2022,
210342,B,29,05/06/2023,
210343,A,36,08/10/2022,
210344,A,35,25/01/2022,
210345,B,43,25/12/2024,06/08/2026
210346,A,42,15/05/2024,
210347,B,60,31/05/2025,
210348,B,35,22/11/2022,16/10/2024
210349,A,23,17/10/2022,
210350,P,18,29/03/2025,
210351,B,25,10/01/2024,
210352,P,43,03/05/2023,
210353,P,64,27/06/2022,
210354,A,37,23/04/2022,
210355,A,41,04/10/2024,
210356,A,39,12/05/2023,
210357,P,50,09/03/2023,
210358,A,56,04/01/2023,
210359,A,48,28/05/2024,
210360,B,50,07/05/2023,
210361,A,66,06/10/2022,
210362,X,18,26/05/2023,11/01/2024
210363,P,58,02/06/2022,
210364,A,33,29/09/2024,
210365,B,34,04/08/2024,24/01/2026
210366,A,48,19/09/2023,
210367,A,55,30/12/2022,
210368,X,18,14/07/2024,
210369,A,61,08/08/2022,
210370,A,59,30/05/2022,
210371,A,47,31/10/2022,
210372,B,51,02/05/2024,
210373,A,26,11/03/2023,
210374,B,45,08/01/2024,19/05/2024
210375,P,25,01/01/2023,
210376,X,32,04/02/2023,08/03/2024
210377,B,57,14/01/2024,
210378,A,33,14/01/2025,
210379,B,55,10/10/2024,22/01/2026
210380,P,48,23/06/2023,
210381,A,39,05/04/2025,
210382,X,55,06/03/2025,27/04/2027
210383,A,38,27/06/2022,
210384,A,43,23/10/2023,
210385,A,69,21/01/2024,
210386,B,46,09/03/2024,07/08/2026
210387,A,53,06/05/2024,
210388,A,45,09/03/2025,
210389,A,55,04/01/2023,
210390,P,29,26/06/2023,
210391,A,20,03/06/2025,
210392,B,66,19/09/2024,08/12/2026
210393,A,48,15/10/2024,
210394,B,50,07/01/2024,
210395,B,47,21/08/2022,
210396,A,44,11/07/2024,
210397,P,39,28/09/2024,
210398,P,48,07/10/2024,
210399,P,37,16/10/2024,
210400,A,42,28/01/2024,
210401,B,36,21/06/2023,11/12/2023
210402,B,54,16/06/2023,27/05/2024
210403,P,69,20/08/2022,
210404,B,38,24/05/2024,09/08/2025
210405,A,39,15/06/2022,
210406,B,35,26/10/2023,25/08/2024
210407,A,50,24/04/2025,
210408,A,75,04/12/2023,
210409,A,49,15/06/2025,
210410,A,37,24/02/2023,
210411,A,45,23/04/2024,
210412,A,40,25/12/2024,
210413,B,54,06/02/2023,
210414,B,45,12/04/2024,
210415,A,58,05/04/2025,
210416,P,44,03/03/2024,
210417,P,60,10/10/2023,
210418,B,42,25/12/2022,
210419,A,30,19/02/2022,
210420,A,22,04/03/2023,
210421,B,55,01/05/2025,
210422,B,36,27/02/2024,
210423,A,41,27/03/2024,
210424,P,24,19/09/2022,
210425,A,32,25/05/2022,
210426,P,36,11/01/2025,
210427,P,46,29/05/2023,
210427,B,55,13/03/2022,16/02/2024
210429,A,41,29/05/2024,
210430,B,50,25/07/2023,07/12/2023
210431,P,42,05/06/2025,
210432,B,39,17/11/2023,06/01/2025
210433,B,56,17/04/2025,21/01/2027
210434,P,64,23/10/2024,
210435,A,50,28/08/2024,
210436,P,42,10/06/2025,
210437,A,49,01/05/2022,
210438,A,57,23/12/2024,
210439,B,63,31/07/2024,06/12/2025
210440,A,45,17/09/2023,
210441,B,48,11/08/2024,
210442,P,46,27/06/2023,
210443,A,55,15/07/2024,
210444,A,31,01/12/2022,
210445,X,49,16/03/2023,12/07/2024
210446,A,25,26/10/2024,
210447,A,40,06/02/2023,
210448,P,59,24/10/2022,
210449,P,47,31/07/2024,
210450,A,49,24/11/2024,
210451,B,46,13/02/2023,16/06/2024
210452,A,46,17/06/2022,
210453,P,60,11/03/2022,
210454,A,46,11/09/2022,
210455,X,48,10/02/2023,09/11/2024
210456,A,53,12/01/2022,
210457,A,48,02/04/2022,
210458,B,44,23/06/2025,30/11/2025
210459,A,45,27/12/2024,
210460,B,63,31/03/2025,
210461,A,45,04/05/2023,
210462,P,39,30/11/2023,
210463,P,34,26/06/2023,
210464,B,29,29/09/2022,29/03/2023
210465,B,51,28/11/2024,
210466,X,48,10/12/2022,
210467,A,71,21/07/2023,
210468,P,62,02/12/2023,
210469,A,28,29/05/2025,
210470,B,50,23/04/2022,
210471,A,55,02/04/2023,
210472,A,51,12/07/2022,
210473,A,38,22/08/2022,
210474,A,48,15/10/2023,
210475,B,49,19/07/2022,
210476,P,61,16/01/2022,
210477,B,45,15/02/2025,
210478,P,55,14/01/2024,
210479,B,53,28/03/2022,23/09/2022
210480,A,32,28/06/2024,
210481,A,32,20/09/2023,
210482,A,43,18/06/2025,
210483,A,43,01/06/2024,
210484,A,28,08/09/2024,
210485,B,30,20/04/2024,12/07/2025
210486,A,40,06/09/2022,
210487,P,45,07/09/2023,
210488,B,30,16/03/2022,26/12/2023
210489,A,42,24/01/2023,
210490,A,55,09/09/2023,
210491,X,35,14/02/2023,18/04/2025
210492,A,35,30/03/2022,
210493,P,28,18/10/2024,
210494,B,59,28/06/2025,18/08/2026
210495,A,49,10/08/2024,
210496,A,22,04/11/2023,
210497,A,49,25/03/2023,
210498,B,33,15/07/2025,
210499,B,64,20/12/2024,
210500,A,38,25/01/2025,
210501,B,53,11/11/2022,18/03/2023
210502,A,48,10/10/2022,
210503,A,66,10/12/2022,
210504,P,41,04/01/2022,
210505,P,55,02/07/2025,
210506,A,48,15/04/2024,
210507,P,39,06/01/2025,
210508,B,56,08/07/2025,01/04/2027
210509,B,30,27/08/2024,
210510,A,57,08/03/2024,
210511,B,67,22/08/2024,
210512,A,49,20/07/2023,
210513,P,46,25/07/2022,
210514,B,42,29/10/2023,
210515,B,48,21/05/2024,
210516,B,68,29/12/2022,30/04/2024
210517,A,41,10/07/2025,
210518,A,55,28/02/2023,
210519,B,35,03/03/2024,
210520,A,41,10/10/2022,
210521,P,47,02/12/2023,
210522,B,26,25/08/2023,
210523,A,58,25/01/2023,
210524,B,36,20/08/2022,
210525,P,32,18/08/2023,
210526,A,67,02/04/2024,
210527,A,21,08/04/2023,
210528,A,63,19/10/2022,
210529,A,35,26/05/2023,
210530,A,47,08/07/2023,
210531,A,53,12/08/2023,
210532,A,23,24/01/2023,
210533,A,42,16/04/2025,
210534,A,38,05/10/2023,
210535,A,28,03/12/2023,
210536,B,51,01/06/2025,01/03/2026
210537,X,47,06/01/2023,22/08/2024
210538,A,38,02/01/2025,
210539,P,58,10/07/2025,
210540,A,35,14/05/2022,
210541,A,44,01/01/2022,
210542,A,52,02/01/2023,
210543,A,32,09/12/2022,
210544,P,52,27/11/2023,
210545,A,54,24/04/2025,
210546,A,40,18/01/2023,
210547,X,49,15/05/2024,01/12/2025
210548,P,25,05/06/2024,
210549,A,46,24/09/2022,
210550,P,57,26/07/2023,
210551,P,23,08/06/2025,
210552,A,41,04/09/2023,
210553,B,19,07/05/2023,11/11/2024
210554,P,56,24/02/2025,
210555,B,34,26/03/2025,
210556,A,38,25/04/2024,
210557,A,48,30/01/2022,
210558,A,39,11/04/2023,
210559,B,48,25/02/2025,
210560,B,30,20/07/2023,
210561,A,31,02/06/2023,
210562,P,44,07/01/2025,
210563,A,37,20/05/2022,
210564,B,43,27/02/2022,
210565,P,63,28/10/2022,
210566,A,42,23/07/2023,
210567,B,44,19/07/2025,
210568,A,54,23/01/2023,
210569,B,39,14/09/2022,
210570,B,37,17/09/2024,
210571,A,24,15/09/2022,
210572,B,27,20/08/2023,
210573,B,55,04/10/2023,
210574,A,50,23/11/2024,
210575,B,52,01/07/2024,
210576,A,37,20/01/2024,
210577,B,57,21/05/2024,
210578,A,33,26/06/2022,
210579,B,30,25/12/2024,12/03/2027
210580,A,25,06/02/2024,
210581,B,58,04/11/2024,16/03/2025
210582,B,48,22/08/2023,
210583,A,53,06/09/2023,
210584,B,51,07/07/2022,
210585,A,61,24/03/2022,
210586,B,25,07/05/2025,
210587,A,44,12/03/2023,
210588,A,22,01/12/2024,
210589,A,18,06/11/2024,
210590,A,62,24/05/2023,
210591,B,48,18/03/2025,15/08/2025
210592,A,41,29/04/2025,
210593,P,56,02/03/2024,
210594,A,55,02/04/2023,
210595,A,60,24/12/2024,
210596,B,50,29/03/2022,
210597,A,53,24/09/2023,
210598,A,41,24/03/2022,
210599,A,46,02/01/2024,
210600,B,24,19/02/2023,17/10/2024
210601,A,59,31/03/2022,
210602,P,50,30/05/2022,
210603,A,59,20/09/2023,
210604,A,36,17/03/2025,
210605,X,25,13/09/2022,29/11/2024
210606,A,32,02/05/2023,
210607,B,34,02/04/2022,
210608,A,18,28/05/2023,
210609,P,50,14/08/2024,
210610,A,60,10/01/2023,
210611,P,34,18/11/2023,
210612,A,61,01/07/2024,
210613,A,43,29/04/2023,
210614,A,55,28/07/2022,
210615,B,42,23/03/2022,
210616,P,18,14/10/2023,
210617,P,34,15/03/2023,
210618,B,49,30/01/2022,24/10/2022
210619,A,26,15/04/2024,
210620,A,52,21/01/2024,
210621,B,45,05/05/2023,
210622,A,48,13/11/2022,
210623,A,41,10/01/2023,
210624,P,69,17/04/2024,
210625,B,22,28/01/2022,
210626,A,52,10/08/2022,
210627,B,34,02/01/2023,
210628,P,48,16/03/2024,
210629,A,34,11/05/2025,
210630,P,34,08/01/2025,
210631,B,54,14/06/2024,08/07/2026
210632,A,30,21/10/2022,
210633,X,67,08/05/2023,
210634,B,41,15/05/2023,28/04/2024
210635,P,27,12/07/2022,
210636,B,76,19/01/2025,
210637,P,32,31/10/2024,
210638,A,57,05/01/2023,
210639,P,46,01/07/2025,
210640,A,48,11/01/2023,
210641,P,55,11/07/2025,
210642,B,48,21/12/2023,
210643,P,46,02/11/2023,
210644,P,47,28/12/2024,
210645,A,61,27/12/2023,
210646,A,35,02/07/2022,
210647,A,18,15/03/2025,
210648,B,48,30/07/2024,
210649,A,69,23/04/2023,
210650,A,57,18/01/2023,
210651,A,24,29/11/2023,
210652,B,37,23/05/2022,
210653,P,53,14/12/2023,
210654,X,26,29/01/2022,27/03/2022
210655,X,27,06/07/2024,
210656,A,35,26/06/2024,
210657,B,61,08/06/2024,
210658,P,43,27/05/2023,
210659,P,36,30/03/2024,
210660,P,30,23/07/2024,
210661,B,54,30/09/2023,
210662,B,53,16/04/2023,
210663,A,54,07/04/2025,
210664,B,25,13/05/2022,
210665,A,18,01/05/2023,
210666,P,18,09/07/2024,
210667,P,53,14/05/2023,
210668,A,46,06/06/2023,
210669,B,49,02/11/2023,
210670,A,45,31/03/2022,
210671,B,47,20/09/2023,
210672,B,57,19/06/2022,
210673,B,51,13/07/2022,
210674,A,48,28/12/2024,
210675,A,43,19/07/2024,
210676,A,54,30/10/2022,
210677,A,50,01/05/2023,
210678,A,35,22/03/2025,
210679,A,47,15/08/2023,
210680,A,48,18/08/2023,
210681,A,66,26/01/2022,
210682,B,43,03/07/2023,
210683,B,60,19/05/2023,
210684,P,46,11/11/2023,
210685,B,52,20/01/2022,
210686,P,45,28/04/2023,
210687,A,56,06/09/2022,
210688,B,46,05/03/2023,17/11/2024
210689,A,60,03/12/2023,
210690,B,18,02/11/2023,
210691,B,46,04/01/2023,
210692,A,58,28/02/2022,
210693,A,18,10/12/2024,
210694,B,48,23/10/2024,10/06/2025
210695,B,29,14/12/2024,
210696,P,18,08/12/2023,
210697,A,51,28/05/2023,
210698,A,26,18/03/2025,
210699,P,50,11/05/2023,
210700,B,34,04/04/2023,15/08/2024
210701,P,42,29/07/2023,
210702,A,46,15/04/2025,
210703,A,39,09/01/2023,
210704,A,52,09/01/2022,
210705,P,40,02/02/2023,
210706,A,70,06/01/2025,
210707,B,31,22/08/2024,
210708,A,44,01/02/2022,
210709,B,41,22/07/2025,07/10/2027
210710,B,40,09/05/2023,
210711,A,18,12/09/2023,
210712,A,70,27/04/2024,
210713,A,39,19/06/2024,
210714,A,45,06/10/2022,
210715,B,50,16/12/2024,01/05/2027
210716,A,24,07/06/2025,
210717,B,47,12/03/2023,
210718,A,35,09/04/2024,
210719,A,52,17/12/2023,
210720,A,25,17/05/2022,
210721,P,69,19/09/2022,
210722,B,46,10/02/2023,
210723,B,37,16/03/2022,
210724,A,44,19/11/2023,
210725,B,36,19/07/2025,
210726,A,51,02/10/2024,
210727,A,22,22/12/2022,
210728,B,77,28/06/2024,
210729,P,28,22/04/2025,
210730,A,34,11/07/2025,
210731,P,69,21/02/2025,
210732,B,22,11/03/2025,22/11/2026
210733,A,50,10/06/2023,
210734,A,19,29/06/2023,
210735,A,54,12/09/2022,
210736,A,31,22/01/2024,
210737,P,50,26/07/2022,
210738,P,53,26/02/2022,
210739,A,38,29/09/2023,
210740,A,50,20/11/2024,
210741,A,40,13/03/2023,
210742,A,43,09/09/2024,
210743,A,47,14/04/2023,
210744,A,30,16/05/2022,
210745,A,52,19/04/2024,
210746,A,18,11/12/2024,
210747,B,49,02/11/2022,
210748,A,37,24/05/2025,
210749,A,60,17/03/2025,
210750,A,51,22/12/2024,
210751,A,37,24/09/2023,
210752,A,52,01/06/2023,
210753,B,54,21/07/2022,
210754,A,36,13/12/2023,
210755,B,39,26/08/2023,
210756,B,37,08/07/2022,23/10/2024
210757,P,41,28/06/2024,
210758,A,45,02/01/2023,
210759,A,45,30/07/2023,
210760,A,42,27/05/2023,
210761,P,38,30/09/2024,
210762,A,49,02/07/2023,
210763,A,56,24/10/2022,
210764,P,50,31/10/2022,
210765,A,32,02/04/2022,
210766,P,70,13/12/2022,
210767,A,40,05/05/2023,
210768,B,47,22/11/2023,23/05/2024
210769,B,48,11/05/2024,
210770,B,24,15/06/2023,14/05/2025
210771,A,52,02/10/2023,
210772,A,46,30/01/2022,
210773,P,41,20/12/2022,
210774,A,49,12/04/2022,
210775,A,59,03/06/2022,
210776,A,47,13/05/2024,
210777,B,25,14/08/2023,11/01/2024
210778,A,57,20/02/2023,
210779,B,52,13/10/2023,27/01/2025
210780,P,32,09/02/2024,
210781,P,60,03/04/2023,
210782,A,38,11/05/2024,
210783,B,42,24/06/2024,
210784,A,22,06/11/2023,
210785,P,72,21/05/2024,
210786,A,40,30/03/2025,
210787,A,34,30/11/2024,
210788,B,52,04/07/2025,12/06/2027
210789,X,40,08/10/2022,
210790,A,37,12/01/2023,
210791,P,36,17/10/2024,
210792,A,48,15/03/2025,
210793,P,39,22/02/2024,
210794,B,45,10/06/2023,21/10/2025
210795,A,29,18/09/2022,
210796,B,31,21/03/2025,28/02/2026
210797,B,50,06/11/2022,23/09/2024
210798,B,60,23/08/2023,02/09/2025
210799,A,23,20/08/2024,
210800,B,45,31/10/2023,17/08/2024
210801,B,55,22/04/2025,09/08/2027
210802,A,48,30/12/2024,
210803,A,57,08/05/2022,
210804,A,57,14/01/2025,
210805,B,26,08/04/2022,
210806,A,21,16/10/2023,
210807,A,48,20/11/2024,
210808,A,47,04/07/2024,
210809,A,54,05/11/2022,
210810,B,26,12/08/2023,
210811,A,54,19/12/2023,
210812,A,49,01/03/2024,
210813,A,36,03/03/2023,
210814,X,76,22/02/2023,06/05/2025
210815,A,27,29/01/2023,
210816,A,58,14/04/2022,
210817,A,47,13/01/2023,
210818,A,68,01/10/2024,
210819,A,71,09/03/2024,
210820,A,54,31/01/2022,
210821,A,29,11/03/2024,
210822,A,55,17/07/2024,
210823,B,43,14/10/2022,
210824,P,18,08/06/2023,
210825,B,51,03/07/2025,11/10/2025
210826,P,63,09/11/2022,
210827,A,33,05/08/2024,
210828,B,23,08/09/2024,
210829,B,45,18/02/2023,
210830,A,40,14/04/2023,
210831,A,42,02/04/2023,
210832,A,54,21/08/2022,
210833,B,20,21/12/2022,
210834,B,34,11/09/2022,10/05/2024
210835,B,32,12/05/2023,
210836,A,31,27/08/2022,
210837,B,47,15/07/2024,09/12/2025
210838,A,36,09/10/2024,
210839,B,44,26/04/2025,
210840,A,43,14/02/2023,
210841,A,45,16/09/2022,
210842,A,25,24/03/2022,
210843,A,41,28/10/2024,
210844,A,40,13/10/2024,
210845,A,46,19/11/2023,
210846,X,35,21/03/2023,25/09/2024
210847,P,44,06/05/2025,
210848,P,37,11/08/2022,
210849,B,52,30/05/2025,25/09/2027
210850,A,51,14/04/2022,
210851,X,39,06/02/2023,
210852,P,61,02/07/2022,
210853,P,44,01/09/2024,
210854,A,43,01/07/2024,
210855,P,45,02/03/2025,
210856,A,43,10/08/2022,
210857,P,44,13/04/2022,
210858,A,50,13/03/2024,
210859,A,42,12/12/2023,
210860,X,70,12/03/2023,
210861,B,59,01/07/2025,
210862,A,65,26/07/2023,
210863,P,35,25/08/2022,
210864,A,42,28/04/2023,
210865,B,71,28/02/2022,
210866,B,67,20/04/2025,01/07/2026
210867,P,49,14/02/2024,
210868,B,48,03/04/2024,
210869,A,44,04/01/2022,
210870,P,46,02/03/2024,
210871,A,58,15/01/2024,
210872,P,31,29/08/2023,
210873,B,36,08/04/2024,24/07/2026
210874,A,53,20/08/2023,
210875,A,44,26/03/2025,
210876,A,50,04/08/2023,
210877,A,48,29/04/2023,
210878,B,55,29/06/2023,
210879,B,50,19/02/2022,
210880,B,32,14/01/2023,
210881,A,50,08/03/2023,
210882,X,24,14/03/2022,
210883,A,37,29/12/2022,
210884,X,34,10/06/2024,
210885,A,21,25/09/2023,
210886,A,61,01/01/2022,
210887,B,51,14/08/2023,
210888,A,44,15/09/2023,
210889,A,52,27/07/2024,
210890,P,50,04/08/2024,
210891,P,44,20/08/2024,
210892,A,33,01/06/2022,
210893,B,74,04/07/2022,
210894,P,52,07/12/2022,
210895,A,36,31/01/2023,
210896,A,76,17/03/2023,
210897,A,32,04/03/2025,
210898,P,39,07/08/2022,
210899,B,49,03/11/2023,11/01/2025
210900,A,44,19/09/2024,
210901,A,35,08/05/2023,
210902,A,32,23/06/2022,
210903,A,40,06/02/2024,
210904,B,43,13/06/2022,
210905,A,40,27/12/2024,
210906,B,37,07/05/2022,22/10/2024
210907,P,30,19/09/2023,
210908,P,22,08/02/2025,
210909,A,72,14/07/2024,
210910,B,55,13/01/2023,
210911,B,34,06/12/2022,
210912,A,61,18/11/2024,
210913,P,28,24/08/2024,
210914,P,55,30/05/2022,
210915,A,36,19/04/2025,
210916,A,76,16/08/2024,
210917,A,34,01/09/2023,
210918,A,50,24/05/2022,
210919,A,26,28/08/2022,
210920,A,49,06/12/2024,
210921,A,44,15/09/2024,
210922,P,27,13/03/2022,
210923,P,49,03/03/2024,
210924,P,22,19/03/2023,
210925,B,33,24/04/2024,
210926,A,55,10/09/2023,
210927,B,50,22/08/2023,
210928,A,35,29/06/2025,
210929,B,35,09/07/2023,19/08/2024
210930,A,42,05/04/2025,
210931,A,30,19/06/2025,
210932,P,35,23/03/2023,
210933,A,59,10/01/2023,
210934,A,57,09/10/2024,
210935,A,18,16/11/2022,
210936,A,37,13/03/2022,
210937,B,35,06/11/2024,
210938,A,39,25/03/2024,
210939,P,36,23/09/2022,
210940,A,46,13/12/2024,
210941,B,39,25/09/2023,
210942,A,51,19/09/2022,
210943,B,26,13/12/2022,
210944,B,39,09/04/2022,
210945,B,37,13/10/2022,
210946,A,34,15/09/2024,
210947,P,40,22/11/2022,
210948,A,62,09/01/2025,
210949,B,37,10/02/2024,08/02/2025
210950,P,35,09/12/2023,
210951,B,23,22/03/2024,
210952,B,20,10/08/2024,
210953,A,40,05/06/2022,
210954,B,55,20/09/2024,09/11/2026
210955,A,47,05/09/2024,
210956,B,29,07/03/2022,
210957,B,53,30/09/2023,12/03/2024
210958,P,57,28/05/2023,
210959,A,63,05/11/2023,
210960,A,54,10/12/2023,
210961,A,39,30/09/2022,
210962,X,31,29/03/2025,22/11/2025
210963,A,47,08/01/2025,
210964,B,58,26/04/2025,
210965,B,45,05/03/2024,18/08/2025
210966,A,38,09/02/2024,
210967,A,52,18/01/2023,
210968,P,31,14/11/2023,
210969,B,54,28/10/2024,19/08/2025
210970,A,47,25/08/2023,
210971,A,47,14/01/2022,
210972,P,31,14/04/2023,
210973,A,55,06/05/2025,
210974,A,64,01/01/2022,
210975,B,36,24/12/2023,
210976,A,55,13/08/2024,
210977,B,42,31/01/2025,
210978,P,36,28/06/2025,
210979,P,49,18/07/2024,
210980,B,70,20/02/2024,21/01/2026
210981,A,41,05/06/2022,
210982,B,52,23/12/2022,
210983,B,36,02/11/2023,09/12/2024
210984,B,27,13/03/2025,03/02/2026
210985,P,39,18/03/2024,
210986,P,53,27/08/2022,
210987,B,52,05/10/2022,04/02/2023
210988,A,47,10/07/2025,
210989,A,40,01/05/2025,
210990,P,51,17/07/2023,
210991,B,18,22/11/2022,
210992,B,36,23/06/2025,
210993,A,24,27/02/2023,
210994,A,43,03/01/2023,
210995,A,52,23/05/2022,
210996,B,23,04/04/2022,
210997,A,49,08/12/2024,
210998,P,41,05/08/2024,
210999,A,43,13/12/2023,
211000,B,54,02/12/2024,
211001,B,25,24/03/2025,
211002,P,48,20/10/2023,
211003,A,40,26/12/2023,
211004,A,26,09/07/2024,
211005,A,65,24/11/2022,
211006,P,58,29/06/2022,
211007,A,47,26/02/2023,
211008,A,45,05/07/2022,
211009,A,41,28/04/2024,
211010,A,49,11/06/2025,
211011,A,24,25/01/2023,
211012,P,37,10/05/2025,
211013,A,61,24/01/2024,
211014,A,50,04/04/2023,
211015,B,22,02/08/2024,
211015,A,18,09/05/2023,
211017,P,50,02/05/2025,
211018,A,41,15/01/2024,
211019,B,34,01/09/2023,16/12/2023
211020,A,38,24/04/2024,
211021,A,30,17/09/2022,
211022,A,41,05/05/2025,
211022,A,36,08/09/2023,
211024,P,44,22/06/2025,
211025,P,55,28/01/2023,
211026,A,43,06/03/2025,
211027,B,36,17/05/2022,16/11/2023
211028,A,56,28/03/2022,
211029,A,49,27/04/2023,
211030,B,56,30/03/2025,
211031,A,53,17/10/2024,
211032,A,39,11/09/2024,
211033,B,27,08/02/2024,
211034,A,46,01/08/2023,
211035,A,51,29/12/2022,
211036,P,47,31/01/2023,
211037,B,21,07/09/2024,
211038,P,55,07/06/2022,
211039,P,19,13/04/2024,
211040,B,39,28/08/2023,
211041,A,54,13/01/2024,
211042,A,67,12/07/2023,
211043,A,57,10/05/2024,
211044,P,25,04/01/2025,
211045,A,65,21/04/2025,
211046,A,46,10/03/2024,
211047,P,63,24/05/2024,
211048,B,29,22/12/2024,
211049,A,45,13/06/2025,
211050,B,46,14/06/2022,
211051,B,59,27/01/2022,
211052,A,29,24/09/2024,
211053,A,68,31/10/2022,
211054,A,42,11/04/2023,
211055,A,33,15/03/2022,
211056,A,30,17/06/2022,
211057,A,68,04/02/2024,
211058,B,32,22/04/2023,
211059,A,35,29/05/2025,
211060,A,48,16/09/2022,
211061,P,52,23/05/2024,
211062,A,35,06/01/2025,
211063,P,42,12/01/2023,
211064,X,26,07/01/2025,
211065,P,63,14/11/2023,
211066,A,36,26/04/2022,
211067,A,66,04/11/2022,
211068,P,36,18/04/2022,
211069,P,72,15/06/2023,
211070,B,41,09/04/2023,
211071,A,77,11/07/2024,
211072,B,33,03/10/2024,
211073,X,59,11/02/2023,
211074,A,59,26/09/2024,
211075,A,41,01/01/2024,
211076,P,41,30/05/2025,
211077,A,25,29/04/2022,
211078,A,33,03/06/2025,
211079,B,49,06/03/2022,04/12/2023
211080,A,37,23/01/2024,
211081,B,49,12/05/2022,
211082,B,62,05/09/2023,
211083,B,46,15/04/2025,
211084,A,35,21/01/2024,
211085,B,54,25/06/2025,
211086,A,31,21/09/2024,
211087,A,69,02/04/2022,
211088,A,45,30/07/2023,
211089,P,57,07/01/2024,
211090,P,48,14/07/2025,
211091,P,63,22/06/2024,
211092,A,47,09/03/2023,
211093,P,26,12/09/2024,
211094,P,60,02/12/2022,
211095,A,39,28/08/2023,
211096,P,32,11/04/2023,
211097,A,21,05/04/2024,
211098,B,42,19/09/2024,16/02/2026
211099,A,49,18/02/2023,
211100,A,59,19/08/2024,
211101,A,49,18/09/2023,
211102,A,49,06/01/2025,
211103,A,46,21/06/2023,
211104,A,59,06/02/2022,
211105,A,52,08/02/2025,
211106,P,25,17/05/2025,
211107,A,41,29/04/2025,
211108,B,38,16/12/2022,
211109,B,44,10/03/2025,07/06/2026
211110,A,29,01/03/2022,
211111,P,42,02/01/2024,
211112,B,29,11/01/2024,
211113,A,54,02/10/2022,
211114,B,51,21/12/2023,18/01/2025
211115,B,51,02/03/2022,09/06/2022
211116,P,31,20/03/2025,
211117,B,23,10/11/2022,
211118,P,47,02/07/2025,
211119,A,34,05/07/2023,
211120,A,54,10/04/2024,
211121,P,45,25/10/2024,
211122,A,44,28/12/2022,
211123,P,43,28/06/2025,
211124,A,31,16/01/2024,
211125,A,38,15/11/2022,
211126,B,56,12/10/2024,
211127,A,42,10/01/2025,
211128,B,32,02/04/2024,23/09/2025
211129,A,31,03/04/2025,
211130,B,41,20/02/2023,
211131,A,61,05/07/2022,
211132,A,45,04/06/2024,
211133,P,56,16/04/2024,
211134,A,60,13/06/2024,
211135,A,79,13/01/2025,
211136,P,65,02/06/2023,
211137,A,53,30/06/2025,
211138,B,60,18/11/2024,
211139,A,50,15/03/2025,
211140,A,64,07/01/2024,
211141,A,62,29/01/2023,
211142,A,46,09/02/2024,
211143,A,26,28/07/2022,
211144,P,41,10/06/2023,
211145,A,25,05/05/2024,
211146,A,43,19/08/2023,
211147,B,49,06/10/2022,07/03/2023
211148,A,49,17/09/2023,
211149,A,44,03/03/2022,
211150,A,25,25/02/2023,
211151,A,44,03/03/2023,
211152,B,34,23/10/2023,26/12/2025
211153,B,33,11/04/2023,
211154,A,36,09/10/2022,
211155,P,49,15/11/2023,
211156,A,45,08/07/2023,
211157,A,53,30/03/2025,
211158,P,40,24/04/2022,
211159,A,36,08/09/2024,
211160,B,40,10/11/2022,
211161,B,36,11/04/2023,07/07/2024
211162,A,52,29/03/2022,
211163,A,52,27/04/2025,
211164,A,52,09/05/2023,
211165,A,39,16/06/2023,
211166,A,40,12/03/2023,
211167,A,48,19/01/2022,
211168,P,18,13/02/2023,
211169,A,73,18/01/2025,
211170,A,52,01/03/2023,
211171,B,52,26/03/2024,
211172,A,45,14/12/2022,
211173,B,80,04/09/2023,17/02/2026
211174,A,42,14/12/2022,
211175,A,28,30/07/2022,
211176,A,49,07/09/2024,
211177,A,61,09/03/2025,
211178,A,83,06/06/2025,
211179,P,46,12/01/2023,
211180,A,29,09/01/2025,
211181,P,38,28/11/2022,
211182,X,36,20/02/2023,20/09/2023
211183,A,48,15/12/2023,
211184,A,77,25/12/2023,
211185,B,45,21/11/2023,
211186,A,57,19/05/2023,
211187,A,37,16/05/2025,
211188,B,23,04/01/2022,
211189,A,39,01/05/2025,
211190,X,41,06/03/2023,
211191,A,44,21/09/2024,
211192,B,33,03/04/2024,23/03/2026
211193,A,59,30/08/2023,
211194,A,48,13/09/2022,
211195,A,33,12/03/2023,
211196,A,37,06/09/2023,
211197,A,38,30/09/2024,
211198,B,54,09/02/2024,
211199,A,47,30/01/2022,
211200,A,47,25/06/2024,
211201,B,33,15/05/2022,
211202,A,53,07/06/2025,
211203,A,68,06/03/2024,
211204,A,42,05/05/2025,
211205,P,36,19/12/2023,
211206,P,36,18/02/2023,
211207,P,47,23/11/2022,
211208,B,42,28/04/2025,
211209,A,43,29/12/2023,
211210,P,55,14/09/2022,
211211,B,31,09/08/2023,30/07/2025
211212,A,50,28/11/2024,
211213,A,43,02/03/2023,
211214,B,59,17/11/2022,
211215,A,46,11/10/2024,
211216,A,44,11/08/2022,
211217,A,47,05/03/2025,
211218,A,46,31/08/2022,
211219,A,51,22/03/2023,
211220,A,31,11/10/2022,
211221,A,25,22/06/2024,
211222,P,63,07/05/2022,
211223,A,46,03/05/2025,
211224,B,59,27/05/2025,01/09/2026
211224,A,55,18/06/2023,
211226,B,41,04/06/2023,
211227,X,39,05/05/2025,
211228,A,61,19/09/2022,
211229,A,69,19/01/2023,
211230,B,18,20/06/2025,23/12/2025
211231,A,48,01/11/2024,
211232,P,51,18/12/2023,
211233,A,36,19/02/2024,
211234,B,46,11/12/2024,19/08/2025
211235,A,45,22/08/2024,
211236,P,47,06/04/2025,
211237,B,46,01/12/2023,
211238,B,55,03/02/2024,
211239,A,26,28/05/2024,
211240,P,60,27/02/2023,
211241,B,51,11/07/2022,
211242,P,73,12/06/2024,
211243,B,56,20/11/2022,
211244,A,54,19/03/2025,
211244,A,41,07/10/2022,
211246,P,54,12/03/2023,
211247,B,62,20/04/2024,01/11/2025
211248,B,29,25/11/2022,
211249,A,37,26/08/2023,
211250,A,34,07/08/2023,
211251,A,45,29/07/2023,
211252,P,48,02/01/2024,
211253,A,49,23/05/2025,
211254,A,35,03/08/2023,
211255,A,65,18/02/2025,
211256,P,25,28/06/2024,
211257,P,37,26/02/2025,
211258,P,28,30/03/2022,
211259,A,26,19/02/2025,
211260,A,65,07/06/2022,
211261,B,28,13/11/2023,
211262,X,24,18/05/2025,
211263,B,34,05/09/2022,
211264,A,47,16/07/2023,
211265,A,33,01/04/2025,
211266,B,44,18/10/2024,
211267,B,41,21/04/2024,02/12/2025
211268,A,41,22/04/2022,
211269,X,42,14/02/2024,27/11/2024
211270,B,43,03/09/2023,08/04/2025
211271,B,44,30/08/2024,
211272,A,58,24/11/2024,
211273,B,59,29/03/2023,13/06/2023
211274,B,49,20/11/2023,14/07/2025
211275,B,45,22/11/2023,
211276,B,30,09/04/2023,10/07/2023
211277,A,55,29/04/2023,
211278,A,49,03/07/2022,
211279,A,60,09/06/2022,
211280,P,46,28/02/2025,
211281,A,34,13/06/2023,
211282,A,32,26/01/2024,
211283,A,33,13/06/2024,
211284,B,66,30/06/2022,
211285,B,37,16/08/2022,03/09/2024
211286,A,43,09/12/2022,
211287,A,62,15/03/2024,
211288,A,28,20/06/2023,
211289,A,50,08/01/2023,
211290,A,33,27/07/2022,
211291,A,46,24/04/2024,
211292,P,54,15/03/2025,
211293,A,41,22/12/2024,
211294,A,46,25/01/2022,
211295,B,43,20/03/2022,
211296,B,33,18/06/2025,19/12/2026
211297,A,49,25/06/2023,
211298,B,43,04/02/2022,
211299,A,63,27/05/2023,
211300,B,31,02/02/2023,
211301,A,55,14/06/2024,
211302,B,40,21/03/2025,
211303,A,35,03/08/2022,
211304,A,34,16/09/2023,
211305,A,49,16/04/2024,
211306,A,45,17/04/2022,
211307,A,38,10/04/2024,
211308,A,68,03/10/2024,
211309,P,48,29/05/2024,
211310,P,60,07/01/2023,
211311,X,48,15/02/2024,10/03/2026
211312,P,59,10/01/2022,
211313,A,55,08/07/2023,
211314,A,48,11/10/2024,
211315,A,34,17/06/2024,
211316,A,50,08/04/2022,
211317,X,41,25/11/2023,
211318,B,61,21/06/2023,
211319,A,33,20/11/2023,
211320,A,38,30/03/2023,
211321,A,57,30/08/2024,
211322,B,46,24/05/2022,
211323,A,40,28/08/2022,
211324,A,81,06/01/2024,
211325,A,40,14/07/2024,
211326,A,47,05/03/2022,
211327,A,77,14/08/2022,
211328,A,25,29/06/2024,
211329,P,39,29/01/2022,
211330,P,43,02/03/2025,
211331,A,25,13/08/2023,
211332,B,28,26/02/2025,09/01/2026
211333,A,46,06/01/2023,
211334,A,46,08/01/2022,
211335,B,38,30/10/2023,
211336,A,56,03/07/2023,
211337,A,45,22/01/2023,
211338,A,34,23/05/2025,
211339,B,18,11/12/2023,
211340,P,47,14/01/2024,
211341,A,44,01/07/2025,
211342,A,24,25/05/2022,
211343,P,53,10/04/2024,
211344,B,41,25/05/2024,
211345,A,40,18/09/2022,
211346,A,37,20/10/2024,
211347,B,49,26/07/2022,04/08/2023
211348,B,27,21/02/2024,
211349,B,47,13/09/2022,07/10/2024
211350,A,22,07/12/2024,
211351,B,44,04/07/2023,
211352,A,46,24/06/2025,
211353,P,48,26/03/2023,
211354,A,53,08/12/2024,
211355,A,47,03/06/2022,
211356,B,51,26/08/2023,
211357,A,48,06/06/2025,
211358,A,43,07/10/2024,
211359,B,42,30/10/2024,11/03/2025
211360,A,79,24/06/2024,
211361,A,59,13/11/2024,
211362,A,59,04/09/2024,
211363,B,57,04/01/2022,27/04/2022
211364,A,45,18/09/2024,
211365,P,63,13/10/2022,
211366,A,51,16/07/2023,
211367,A,34,25/11/2023,
211368,B,51,10/10/2023,12/06/2024
211369,P,18,20/01/2024,
211370,P,70,08/07/2025,
211371,B,35,26/01/2022,18/05/2022
211372,A,50,06/05/2023,
211373,A,24,14/09/2022,
211374,A,26,18/03/2024,
211375,B,33,02/06/2022,
211376,A,54,27/10/2022,
211377,B,47,25/06/2023,21/09/2025
211378,B,25,02/08/2024,28/10/2025
211379,B,36,22/10/2022,29/01/2025
211380,B,58,27/02/2025,12/03/2027
211381,A,25,11/06/2023,
211382,B,34,21/08/2023,
211383,A,59,04/03/2022,
211384,B,34,02/08/2024,18/12/2024
211385,X,38,14/03/2023,
211386,A,42,06/02/2024,
211387,A,40,20/01/2023,
211388,B,37,23/05/2024,
211389,B,55,10/08/2024,14/06/2025
211390,P,56,26/07/2024,
211391,A,47,05/03/2022,
211392,A,42,08/07/2024,
211393,A,47,20/02/2023,
211394,P,46,04/03/2025,
211395,B,54,06/03/2023,17/02/2024
211396,A,41,17/04/2023,
211397,B,42,05/02/2022,
211398,A,36,02/08/2023,
211399,A,47,11/03/2025,
211400,B,43,15/12/2023,20/05/2025
211401,B,33,24/02/2024,25/01/2026
211402,A,40,06/08/2022,
211403,B,29,13/02/2023,
211404,A,54,27/11/2024,
211405,A,61,10/05/2022,
211406,B,28,25/11/2023,07/02/2024
211407,B,48,21/01/2025,25/04/2026
211408,B,47,01/02/2022,
211409,A,45,16/04/2023,
211410,B,25,03/07/2025,06/02/2026
211411,B,28,30/01/2023,
211412,B,41,25/08/2024,14/04/2025
211413,A,35,24/12/2024,
211414,A,21,06/09/2022,
211415,P,70,09/06/2025,
211416,B,31,20/03/2025,14/10/2025
211417,X,29,03/07/2024,
211418,P,42,14/11/2024,
211419,B,41,12/12/2024,
211420,A,41,29/03/2022,
211421,A,34,23/08/2024,
211422,P,52,04/12/2022,
211423,P,44,29/04/2022,
211424,P,41,23/02/2022,
211425,A,28,01/02/2022,
211426,A,46,07/09/2023,
211427,A,44,29/07/2023,
211428,B,23,25/02/2024,
211429,A,58,28/12/2022,
211430,A,39,02/04/2024,
211431,A,26,24/12/2024,
211432,B,45,04/09/2023,
211433,B,56,26/07/2024,
211434,A,47,12/10/2022,
211435,A,66,13/05/2023,
211436,P,62,16/11/2024,
211437,B,60,08/03/2023,
211438,B,31,22/06/2025,21/08/2025
211439,B,41,14/07/2025,27/07/2026
211440,A,43,03/06/2025,
211441,A,18,15/04/2025,
211442,X,48,29/11/2023,20/08/2025
211443,A,33,18/10/2022,
211444,A,34,16/08/2022,
211445,P,57,22/12/2022,
211446,P,52,04/11/2024,
211447,A,34,11/12/2022,
211448,A,37,11/06/2023,
211449,B,61,07/05/2025,
211450,A,43,04/04/2025,
211451,B,72,05/11/2023,
211452,P,48,14/06/2022,
211453,A,90,25/01/2023,
211454,B,51,17/05/2025,
211455,B,18,17/11/2024,11/03/2026
211456,P,31,24/08/2022,
211457,A,60,23/01/2024,
211458,B,34,23/10/2024,
211459,X,36,28/11/2022,
211460,A,46,04/11/2023,
211461,A,46,25/04/2024,
211462,P,43,10/07/2023,
211463,A,31,16/01/2023,
211464,A,21,29/09/2024,
211465,A,52,12/09/2023,
211466,X,23,09/08/2023,03/02/2024
211467,P,36,13/12/2022,
211468,A,43,24/11/2022,
211469,A,22,22/10/2024,
211470,A,25,23/06/2022,
211471,A,55,27/06/2024,
211472,A,59,20/07/2025,
211473,X,47,26/06/2024,
211474,B,52,28/02/2025,
211475,B,33,11/08/2023,
211476,B,72,05/05/2024,
211477,A,25,21/08/2024,
211478,A,30,17/06/2022,
211479,X,45,01/07/2023,21/10/2024
211480,A,47,26/01/2022,
211481,B,51,23/07/2024,27/06/2026
211482,X,38,14/10/2022,28/11/2023
211483,P,75,01/05/2024,
211484,A,18,10/11/2022,
211485,A,46,24/04/2022,
211486,B,42,19/06/2022,
211487,X,57,19/12/2024,18/10/2025
211488,A,21,13/06/2023,
211489,P,32,12/01/2025,
211490,P,61,06/12/2024,
211491,B,40,07/01/2022,28/12/2022
211492,P,34,07/01/2022,
211493,P,41,29/11/2024,
211494,A,46,12/02/2023,
211495,A,36,12/11/2022,
211496,A,28,04/11/2022,
211497,B,66,17/03/2023,18/04/2025
211498,A,63,11/12/2022,
211499,X,61,04/04/2023,
211500,A,48,21/01/2022,
211501,A,53,25/04/2022,
211502,A,42,09/05/2025,
211503,A,42,03/01/2024,
211504,P,79,27/08/2022,
211505,B,52,29/02/2024,14/08/2026
211506,B,46,23/03/2022,12/02/2023
211507,B,42,10/06/2025,
211508,B,26,27/05/2024,12/11/2024
211509,A,43,22/11/2022,
211510,P,19,18/08/2023,
211511,A,47,16/02/2025,
211512,B,39,29/11/2024,
211513,A,20,02/04/2023,
211514,B,53,21/07/2023,
211515,B,48,22/01/2023,
211516,A,49,19/12/2022,
211517,A,44,04/11/2022,
211518,P,62,25/04/2024,
211519,A,46,07/02/2024,
211520,P,54,21/09/2024,
211521,B,64,15/06/2023,13/09/2023
211522,P,59,19/04/2023,
211523,B,66,03/10/2023,
211524,A,62,30/01/2024,
211525,A,68,20/03/2023,
211526,A,53,31/10/2023,
211527,P,56,19/07/2025,
211528,A,68,30/01/2022,
211529,A,64,13/07/2025,
211530,A,49,12/10/2022,
211531,B,47,09/03/2024,31/10/2024
211532,A,57,02/09/2023,
211533,B,53,18/06/2022,22/09/2024
211534,A,44,20/08/2024,
211535,A,28,15/03/2025,
211536,A,42,30/01/2023,
211537,A,48,22/04/2022,
211538,P,47,13/06/2022,
211539,B,55,14/07/2024,25/12/2024
211540,A,18,14/04/2023,
211541,A,58,21/02/2025,
211542,A,40,22/08/2024,
211543,B,58,01/04/2024,21/06/2025
211544,A,48,01/02/2023,
211545,A,37,04/05/2023,
211546,B,37,25/05/2025,
211547,B,18,05/12/2023,
211548,P,39,12/01/2025,
211549,A,75,23/05/2024,
211550,A,51,11/06/2022,
211551,A,54,04/09/2024,
211552,P,63,12/07/2022,
211553,A,69,05/06/2023,
211554,A,28,08/03/2025,
211555,A,49,03/02/2022,
211556,B,41,16/04/2023,08/06/2024
211557,X,37,02/01/2022,
211558,A,52,13/10/2022,
211559,A,39,22/06/2022,
211560,P,38,26/09/2022,
211561,A,39,18/02/2025,
211562,B,52,04/11/2023,28/12/2025
211563,A,18,26/06/2024,
211564,B,41,17/03/2025,
211565,A,35,26/10/2022,
211566,A,40,31/03/2023,
211567,P,40,25/10/2023,
211568,B,63,15/05/2025,12/08/2025
211569,B,67,16/07/2025,01/02/2027
211570,P,48,12/03/2025,
211571,P,48,29/12/2023,
211572,B,46,05/07/2022,06/12/2024
211573,A,48,14/04/2025,
211574,B,51,07/08/2024,09/01/2026
211575,B,42,28/12/2022,
211576,P,43,23/01/2025,
211577,B,55,15/02/2025,26/03/2027
211578,B,54,30/04/2022,
211579,A,21,19/02/2025,
211580,A,45,11/08/2022,
211581,B,59,23/02/2022,
211582,A,48,04/03/2025,
211583,B,37,22/12/2023,
211584,A,39,14/01/2025,
211585,P,59,30/09/2023,
211586,P,54,13/06/2025,
211587,P,31,25/06/2024,
211588,A,22,26/03/2022,
211589,B,22,06/07/2025,
211590,A,32,22/01/2024,
211591,A,37,10/05/2023,
211592,B,61,24/08/2024,11/06/2026
211593,P,69,09/07/2024,
211594,X,47,21/02/2024,05/11/2024
211595,A,58,28/07/2022,
211596,B,42,09/10/2022,
211597,A,69,13/08/2023,
211598,A,41,09/01/2024,
211599,X,18,29/04/2022,
211599,A,45,10/05/2024,
211601,A,29,27/03/2024,
211602,A,57,25/02/2024,
211603,X,50,16/04/2023,
211604,B,81,20/10/2024,
211605,A,40,04/05/2023,
211606,A,62,12/01/2024,
211607,A,41,21/06/2022,
211608,A,55,05/08/2022,
211609,A,46,08/06/2023,
211610,A,64,02/02/2022,
211611,P,24,10/01/2023,
211612,B,54,24/11/2022,
211613,B,18,03/10/2024,09/03/2027
211614,A,18,16/03/2024,
211615,A,44,21/04/2023,
211616,B,51,25/07/2024,02/08/2025
211617,A,26,04/11/2023,
211618,X,31,17/04/2023,
211619,A,26,14/04/2023,
211620,B,54,27/06/2023,30/06/2024
211621,X,22,09/12/2022,22/10/2023
211622,B,28,01/04/2023,
211623,A,60,28/08/2023,
211624,B,70,15/01/2025,
211625,A,38,17/03/2025,
211626,A,48,18/01/2025,
211627,A,35,27/01/2022,
211628,A,61,18/03/2022,
211629,A,37,18/05/2022,
211630,A,18,02/01/2024,
211631,B,54,04/11/2022,30/06/2024
211632,B,50,24/06/2025,
211633,A,33,24/06/2024,
211634,B,55,30/10/2022,
211635,A,46,04/05/2022,
211636,A,52,09/02/2023,
211637,A,43,17/09/2023,
211638,A,32,07/04/2024,
211639,A,48,24/05/2022,
211640,A,45,12/02/2023,
211641,P,43,12/01/2025,
211642,A,18,20/09/2024,
211643,A,44,08/12/2023,
211644,B,75,03/03/2022,
211645,B,56,03/05/2024,
211646,B,60,16/09/2024,17/02/2027
211647,A,42,26/11/2023,
211648,A,31,26/08/2022,
211649,A,45,03/10/2023,
211650,A,44,25/09/2022,
211651,P,31,01/02/2024,
211652,A,44,12/04/2025,
211653,B,26,29/04/2024,
211654,B,23,02/08/2023,
211655,B,69,05/01/2024,27/03/2026
211656,X,60,21/05/2023,
211657,P,28,15/03/2022,
211658,A,56,02/03/2023,
211659,A,63,04/04/2025,
211660,A,43,04/01/2022,
211661,A,43,01/08/2023,
211662,A,45,08/12/2022,
211663,A,39,13/06/2025,
211664,P,18,15/04/2025,
211665,B,52,13/05/2023,24/06/2024
211666,B,43,19/01/2025,
211667,P,62,08/07/2023,
211668,B,33,11/01/2023,21/03/2024
211669,P,49,28/06/2024,
211670,A,37,26/12/2022,
211671,B,54,16/10/2024,05/10/2026
211672,A,49,05/04/2024,
211673,P,39,14/08/2022,
211674,A,49,16/07/2023,
211675,A,41,21/07/2023,
211676,A,69,04/03/2023,
211677,A,39,03/01/2024,
211678,A,40,13/02/2025,
211679,B,38,01/06/2025,21/06/2026
211680,B,42,07/08/2022,
211681,B,45,01/04/2022,
211682,B,57,18/10/2022,
211683,A,56,04/11/2022,
211684,A,32,31/05/2025,
211685,A,40,17/07/2024,
211686,A,43,05/09/2024,
211687,A,51,02/01/2025,
211688,B,65,17/04/2025,17/05/2025
211689,A,18,13/01/2024,
211690,A,32,01/11/2023,
211691,X,46,23/07/2022,
211692,A,45,27/10/2023,
211693,B,34,19/03/2023,
211694,B,56,21/12/2024,28/03/2025
211695,P,59,13/01/2025,
211696,A,45,04/05/2023,
211697,B,62,08/04/2024,
211698,A,42,22/06/2025,
211699,P,33,20/07/2022,
211700,P,56,01/12/2022,
211701,A,28,28/10/2024,
211702,A,30,30/01/2023,
211703,B,31,30/07/2023,15/02/2024
211704,B,37,16/04/2022,22/09/2022
211705,X,18,16/08/2023,29/09/2025
211706,B,36,04/03/2024,
211707,P,38,30/12/2024,
211708,A,37,07/01/2025,
211709,A,53,20/07/2025,
211710,A,49,28/05/2025,
211711,A,49,06/01/2025,
211712,A,18,10/06/2023,
211713,B,46,07/12/2022,
211714,A,42,18/08/2023,
211715,P,53,08/03/2022,
211716,A,76,31/10/2024,
211717,A,44,28/05/2025,
211718,A,42,07/08/2023,
211719,P,37,22/10/2022,
211720,A,48,19/06/2022,
211721,X,56,31/03/2024,
211722,P,36,16/08/2023,
211723,P,46,28/04/2025,
211724,B,47,08/09/2023,
211725,A,55,06/12/2023,
211726,B,40,01/12/2024,06/06/2026
211727,A,61,16/05/2025,
211728,A,34,13/04/2023,
211729,A,27,09/08/2022,
211730,A,32,11/01/2024,
211731,A,38,09/02/2024,
211732,P,29,29/10/2023,
211733,A,26,14/06/2025,
211734,A,48,02/04/2024,
211735,B,32,12/09/2023,21/11/2024
211736,A,39,24/02/2023,
211737,A,52,18/02/2025,
211738,A,40,13/01/2023,
211739,A,46,14/05/2024,
211740,A,34,25/11/2023,
211741,A,57,15/05/2023,
211742,B,57,06/07/2023,
211743,A,41,19/05/2023,
211744,B,50,18/06/2025,
211745,A,20,13/10/2023,
211746,B,70,11/09/2023,05/02/2026
211747,P,29,04/11/2023,
211748,P,21,12/06/2025,
211749,A,28,24/02/2022,
211750,A,34,01/01/2022,
211751,A,32,05/05/2025,
211752,B,52,29/11/2023,10/10/2025
211753,A,45,17/07/2023,
211754,A,32,09/04/2022,
211755,A,36,22/06/2023,
211756,P,43,02/06/2023,
211757,P,40,14/03/2023,
211758,B,46,14/02/2022,12/04/2024
211759,A,33,08/04/2023,
211760,A,32,13/02/2025,
211761,A,43,20/03/2024,
211762,A,18,18/08/2024,
211763,A,27,15/11/2023,
211764,A,49,21/06/2023,
211765,B,33,11/12/2022,
211766,A,34,05/08/2022,
211767,B,51,20/07/2023,
211768,B,20,14/05/2022,
211769,B,35,29/08/2022,12/12/2024
211770,X,42,10/05/2025,
211771,A,35,26/03/2022,
211772,A,58,28/08/2023,
211773,A,42,17/12/2024,
211774,B,31,30/05/2025,
211775,P,42,24/02/2022,
211776,A,73,02/03/2024,
211777,A,52,03/06/2024,
211778,A,62,07/12/2024,
211779,A,26,24/04/2022,
211780,A,65,05/04/2024,
211781,P,39,30/05/2023,
211782,B,32,25/06/2025,
211783,A,55,04/05/2023,
211784,A,28,26/10/2023,
211785,B,49,19/11/2023,
211786,P,68,17/08/2022,
211787,A,54,04/08/2023,
211788,P,58,03/07/2025,
211789,P,45,30/08/2022,
211790,A,37,09/04/2024,
211791,A,51,14/01/2025,
211792,B,54,23/07/2023,
211793,P,25,23/07/2022,
211794,P,60,02/04/2025,
211795,A,35,18/01/2023,
211796,B,58,09/06/2025,
211797,B,53,03/03/2023,
211798,A,50,21/07/2023,
211799,X,35,22/05/2025,17/04/2027
211800,A,45,12/03/2022,
211801,A,37,18/06/2022,
211802,B,50,23/02/2024,
211803,P,18,10/04/2025,
211804,A,35,25/04/2023,
211805,A,30,03/01/2024,
211806,A,38,13/11/2022,
211807,P,39,25/02/2024,
211808,A,18,11/04/2023,
211809,A,18,07/12/2024,
211810,B,40,14/05/2024,
211811,B,18,11/11/2023,01/05/2024
211812,A,44,17/11/2023,
211813,B,66,19/09/2024,
211814,B,28,29/08/2022,
211815,A,33,27/09/2024,
211816,P,30,06/08/2022,
211817,A,50,08/06/2023,
211818,P,63,11/02/2023,
211819,B,33,18/04/2023,
211820,P,62,11/03/2024,
211821,A,18,08/06/2022,
211822,P,36,14/04/2024,
211823,A,50,11/02/2022,
211824,B,48,15/04/2024,
211825,P,45,20/04/2023,
211826,B,61,23/01/2023,07/12/2023
211827,A,47,20/03/2025,
211828,A,59,09/11/2023,
211829,P,37,20/12/2023,
211830,B,59,02/07/2025,18/03/2027
211831,P,47,31/12/2023,
211832,A,45,03/05/2023,
211833,A,44,28/02/2025,
211834,A,35,20/10/2023,
211835,A,26,08/10/2022,
211836,B,19,13/09/2024,
211837,B,70,04/11/2024,
211838,A,60,12/03/2022,
211839,P,56,23/02/2024,
211840,P,23,17/12/2022,
211841,A,52,02/04/2023,
211842,P,48,04/08/2024,
211843,A,61,04/11/2023,
211844,B,35,20/08/2023,
211845,A,54,21/02/2023,
211846,A,54,15/06/2023,
211847,P,31,09/08/2023,
211848,A,42,07/10/2024,
211849,A,54,14/02/2025,
211850,B,45,23/02/2025,
211851,A,24,02/06/2023,
211852,A,60,17/03/2022,
211853,A,64,28/05/2025,
211854,A,53,13/12/2024,
211855,B,55,23/10/2023,
211856,A,51,19/05/2024,
211857,B,41,06/01/2023,17/12/2023
211858,B,46,28/06/2023,17/04/2025
211859,B,18,07/01/2024,
211860,B,67,12/07/2022,21/03/2024
211861,B,42,18/06/2024,13/11/2025
211862,A,40,18/08/2024,
211863,A,51,29/07/2023,
211864,B,46,26/07/2022,
211865,A,54,07/04/2022,
211866,B,49,16/08/2022,16/06/2023
211867,P,18,03/10/2023,
211868,P,31,11/09/2023,
211869,A,62,08/06/2023,
211870,P,31,20/04/2024,
211871,A,48,06/04/2022,
211872,B,60,13/03/2024,22/11/2025
211873,B,56,12/10/2024,23/09/2026
211874,B,43,10/05/2023,19/05/2024
211875,A,57,22/05/2022,
211876,P,43,18/02/2024,
211877,B,45,08/08/2023,
211878,A,34,28/02/2022,
211879,A,31,19/02/2023,
211880,A,52,29/08/2024,
211881,A,42,12/06/2025,
211882,B,67,22/03/2024,
211883,A,18,23/11/2024,
211884,A,22,01/05/2022,
211885,A,52,29/05/2022,
211886,B,39,05/04/2025,
211887,B,46,24/11/2024,
211888,A,50,01/05/2025,
211889,B,50,12/02/2023,
211890,A,44,17/01/2022,
211891,A,38,18/11/2024,
211892,B,42,17/12/2022,
211893,B,55,25/12/2022,
211894,B,69,04/06/2024,
211895,A,51,08/11/2023,
211896,P,49,14/02/2025,
211897,A,18,25/10/2022,
211898,A,52,09/12/2023,
211899,P,53,15/06/2025,
211900,B,58,16/10/2024,13/02/2025
211901,A,38,25/03/2023,
211902,B,65,06/12/2023,
211903,A,27,14/02/2025,
211904,B,35,06/11/2022,
211905,B,53,03/02/2023,
211906,B,42,24/06/2025,24/08/2025
211907,X,31,27/06/2023,
211908,B,42,02/06/2022,
211909,B,35,17/07/2025,18/12/2026
211910,B,50,22/01/2023,17/04/2025
211911,A,43,17/03/2025,
211912,A,40,22/04/2022,
211913,A,49,18/11/2024,
211914,A,42,11/04/2022,
211915,A,26,07/06/2022,
211916,A,59,20/05/2022,
211917,A,48,08/12/2024,
211918,A,21,20/11/2024,
211919,A,64,07/11/2022,
211920,B,45,15/06/2025,
211921,A,37,22/06/2023,
211922,A,36,12/11/2024,
211923,A,44,01/06/2024,
211924,B,23,12/04/2025,11/07/2025
211925,A,24,01/09/2023,
211926,B,67,05/10/2022,
211927,A,37,20/04/2025,
211928,P,53,22/11/2023,
211929,A,55,03/07/2022,
211930,B,44,04/05/2025,
211931,B,54,11/12/2024,24/11/2026
211932,A,32,13/05/2023,
211933,A,27,10/05/2023,
211934,P,58,12/09/2022,
211935,A,57,15/11/2022,
211935,A,48,04/06/2024,
211937,A,32,03/02/2022,
211938,P,45,16/10/2023,
211939,B,61,23/06/2022,
211940,B,31,06/07/2023,16/07/2025
211941,X,36,26/06/2023,
211942,B,18,20/02/2024,
211943,A,34,23/12/2024,
211944,A,50,27/08/2023,
211945,A,65,22/01/2023,
211946,A,34,03/06/2023,
211947,P,28,22/03/2025,
211948,A,47,31/12/2022,
211949,P,57,06/03/2022,
211950,P,18,09/07/2022,
211951,A,59,17/12/2022,
211952,A,48,19/11/2022,
211953,A,40,21/10/2024,
211954,A,57,01/02/2022,
211955,B,34,05/12/2024,
211956,A,31,12/09/2024,
211957,A,56,17/07/2024,
211958,A,37,23/08/2023,
211959,P,44,13/04/2025,
211960,B,26,16/12/2022,
211961,B,61,01/03/2023,31/05/2024
211962,A,44,05/01/2023,
211963,P,41,15/01/2023,
211964,A,31,09/06/2023,
211965,A,31,05/04/2022,
211966,B,57,17/09/2023,
211967,A,45,18/04/2025,
211968,A,37,05/03/2022,
211969,A,18,04/11/2024,
211970,A,33,18/01/2022,
211971,P,31,06/02/2025,
211972,A,63,11/10/2024,
211973,A,25,01/10/2023,
211974,P,36,25/03/2022,
211975,B,22,11/03/2025,
211976,P,51,23/02/2024,
211977,A,38,03/10/2023,
211978,X,42,04/10/2023,
211979,A,39,18/12/2022,
211980,B,37,07/02/2025,
211981,A,36,06/05/2023,
211982,A,34,05/12/2024,
211983,A,42,09/04/2022,
211984,A,37,27/03/2023,
211985,P,70,20/10/2022,
211986,A,52,03/01/2022,
211987,A,38,24/05/2024,
211988,B,48,12/10/2024,16/05/2026
211989,X,41,26/10/2022,
211990,A,69,03/07/2024,
211991,B,50,08/02/2024,
211992,B,70,19/12/2023,04/12/2024
211993,B,18,23/11/2022,
211994,B,63,06/02/2024,25/10/2025
211995,B,55,29/07/2022,
211996,A,30,29/06/2023,
211997,P,33,15/01/2022,
211998,A,42,01/12/2022,
211999,B,50,03/03/2023,27/07/2024
212000,A,45,25/05/2025,
