order_id,cust_no,product_cd,amount_eur
9000001,208363,P1004,82.73
9000002,202719,P1003,132.79
9000003,209433,P1006,30.73
9000004,203789,P1004,150.29
9000005,202442,P1005,44.8
9000006,209537,P1002,-1
9000007,207687,P1002,47.58
9000008,208089,P1001,40.69
9000009,211822,P1004,2.96
9000010,204678,P1004,160.44
9000011,210040,P1001,84.88
9000012,203981,P1003,173.15
9000013,206788,P1003,86.9
9000014,207156,P1006,147.78
9000015,202550,P1005,124.53
9000016,202234,P1006,131.87
9000017,202741,P1001,50.64
9000018,208047,P1006,75.34
9000019,207338,P1001,205.4
9000020,211264,P1001,127.19
9000021,208446,P1006,44.16
9000022,202970,P1002,37.17
9000023,210943,P1006,169.95
9000024,211349,P1005,329.59
9000025,208760,P1005,135.9
9000026,207981,P1006,128.01
9000027,201563,P1002,46.35
9000028,201147,P1003,193.81
9000029,203186,P1004,88.8
9000030,205285,P1003,81.51
9000031,200866,P1004,97.34
9000032,210603,P1002,45.09
9000033,205670,P1001,166.15
9000034,208342,P1003,41.02
9000035,202543,P1006,19.73
9000036,203905,P1004,42.1
9000037,201388,P1001,312.07
9000038,208778,P1003,79.33
9000039,209261,P1004,53.44
9000040,202633,P1004,26.18
9000041,208552,P1004,128.47
9000042,200976,P1001,16.66
9000043,204684,P1006,18.72
9000044,201913,P1003,123.12
9000045,208899,P1002,36.58
9000046,204068,P1001,27.6
9000047,205662,P1005,39.73
9000048,205564,P1006,117.67
9000049,205688,P1004,117.06
9000050,203187,P1001,61.3
9000051,206675,P1006,76.89
9000052,209757,P1005,94.68
9000053,205965,P1004,198.03
9000054,202312,P1003,78.32
9000055,200292,P1003,73.78
9000056,201549,P1003,56.73
9000057,200975,P1006,161.07
9000058,201097,P1002,206.03
9000059,201465,P1004,155.61
9000060,207159,P1003,66.17
9000061,209653,P1004,56.32
9000062,210223,P1002,79.52
9000063,207815,P1001,133.83
9000064,207196,P1006,22.68
9000065,203967,P1002,89.74
9000066,211147,P1002,53.39
9000067,207662,P1005,67.79
9000068,208669,P1006,189.08
9000069,208778,P1002,115.51
9000070,210293,P1002,83
9000071,208403,P1006,116.97
9000072,211115,P1003,92
9000073,206476,P1003,149.97
9000074,206533,P1004,220.63
9000075,203003,P1005,110.12
9000076,211215,P1001,91.73
9000077,206614,P1005,78.38
9000078,205921,P1002,106.78
9000079,203784,P1006,11.88
9000080,203275,P1004,114.88
9000081,207574,P1005,139.1
9000082,205404,P1005,97.2
9000083,206794,P1006,190.57
9000084,207954,P1001,34.49
9000085,210753,P1004,114.93
9000086,203958,P1001,122.15
9000087,208152,P1006,179.51
9000088,210806,P1004,174.16
9000089,205489,P1002,55.73
9000090,203075,P1002,99.2
9000091,203473,P1006,38.56
9000092,204065,P1006,256.81
9000093,207533,P1001,25.25
9000094,203096,P1004,68.96
9000095,210035,P1004,94.68
9000096,204252,P1002,137.99
9000097,200774,P1004,39.4
9000098,200061,P1006,98.11
9000099,200301,P1003,22.31
9000100,207519,P1001,114.49
9000101,204148,P1001,36.92
9000102,203378,P1004,35.53
9000103,207307,P1004,112.98
9000104,200815,P1004,143.97
9000105,206474,P1005,180.05
9000106,207378,,107.9
9000107,200381,P1006,107.48
9000108,202109,P1002,26.09
9000109,204669,P1006,66.21
9000110,203641,P1002,93.37
9000111,211370,P1004,132.12
9000112,205274,P1002,98.8
9000113,207738,P1001,26.83
9000114,201797,P1006,90.8
9000115,209645,P1002,177.56
9000116,202607,P1006,45.68
9000117,209178,,28.22
9000118,205674,P1002,18.37
9000119,204864,P1004,105.34
9000120,205698,P1006,127.22
9000121,206409,P1002,59.72
9000122,203053,P1004,150.3
9000123,201452,P1004,36.88
9000124,203559,P1006,104.72
9000125,211829,P1004,43.46
9000126,203338,P1002,45.56
9000127,207984,P1005,139.35
9000128,203117,P1005,75.45
9000129,210022,P1003,30.98
9000130,205774,P1004,6.35
9000131,206786,P1005,70.65
9000132,202536,P1005,58.78
9000133,207268,P1004,85.44
9000134,205928,P1004,71.17
9000135,208523,P1002,88.05
9000136,202946,P1001,64.72
9000137,207282,P1003,151.81
9000138,210029,P1002,57
9000139,205590,P1005,86.4
9000140,202155,P1004,48.14
9000141,200871,P1001,120.84
9000142,210312,P1002,81.25
9000143,206041,P1004,111.96
9000144,202133,P1006,51.52
9000145,203514,P1006,45.88
9000146,208977,P1002,40.57
9000147,204433,P1001,123.89
9000148,207310,P1002,218.77
9000149,209713,P1001,84.63
9000150,202502,P1006,99.65
9000151,210285,P1005,57.15
9000152,209089,P1004,45
9000153,204005,P1003,226.87
9000154,202982,P1001,81.41
9000155,204119,P1005,50.46
9000156,201024,P1003,19.07
9000157,205133,P1006,106.63
9000158,207392,P1002,44.35
9000159,209229,P1005,83.82
9000160,206423,P1001,29.77
9000161,201293,P1005,68.91
9000162,207589,P1002,34.19
9000163,201180,P1005,131.91
9000164,202086,P1004,96.24
9000165,211506,P1005,45.09
9000166,202969,P1005,10.01
9000167,206881,P1002,35.12
9000168,208191,P1005,111.3
9000169,209824,P1006,95.48
9000170,200968,P1004,52.2
9000171,210053,P1002,96.97
9000172,210466,P1006,55.53
9000173,208291,P1002,170.23
9000174,205128,P1004,128.61
9000175,203205,P1003,21.39
9000176,207396,P1006,42.13
9000177,208046,P1001,176.82
9000178,203745,P1004,25.96
9000179,208153,P1006,7.92
9000180,202141,P1001,54.74
9000181,203063,P1002,111.79
9000182,200117,P1003,154.09
9000183,203483,P1001,9.53
9000184,202513,P1003,126.7
9000185,209832,P1004,34.09
9000186,210406,P1006,84.04
9000187,210426,P1004,61.38
9000188,211636,P1001,39.36
9000189,207523,P1004,41
9000190,205284,P1002,37.19
9000191,206964,P1006,104.07
9000192,204530,P1004,107.75
9000193,205662,P1002,119.42
9000194,203301,P1004,71.4
9000195,208290,P1006,165.04
9000196,211555,P1002,85.88
9000197,201900,P1002,47.55
9000198,200697,P1005,20.2
9000199,204524,P1006,17.6
9000200,204889,P1003,97.89
9000201,204929,P1006,156.19
9000202,202017,P1001,32.51
9000203,201962,P1005,82.75
9000204,202873,P1006,52.2
9000205,206919,P1003,29.07
9000206,209329,P1001,132.76
9000207,205656,P1002,116
9000208,202438,P1001,87.35
9000209,205104,P1001,86.63
9000210,206603,P1003,210.49
9000211,211189,P1004,210.71
9000212,204390,P1002,81.59
9000213,202856,P1001,87.7
9000214,206068,P1003,157.67
9000215,200728,P1005,90.53
9000216,203988,P1001,45.82
9000217,201958,P1006,54.04
9000218,203382,P1002,62.24
9000219,201528,P1001,88.94
9000220,203371,P1001,225.81
9000221,204200,P1006,144.63
9000222,201022,P1005,66.64
9000223,204118,P1004,85.94
9000224,205763,P1005,45.65
9000225,201125,P1001,140.57
9000226,210565,P1001,158.67
9000227,210480,P1005,32.18
9000228,211329,P1001,59.83
9000229,201433,P1003,54.34
9000230,200328,P1006,97.13
9000231,211591,P1001,127.36
9000232,210977,P1006,211.15
9000233,209588,P1006,107.3
9000234,201454,P1004,71.59
9000235,207977,P1005,52.56
9000236,208945,P1003,56.45
9000237,203458,P1006,92.58
9000238,210723,P1004,98.12
9000239,209017,P1004,101.64
9000240,202009,P1003,109.68
9000241,206911,P1006,184.27
9000242,203965,P1003,113.69
9000243,209396,P1004,92.99
9000244,204523,P1002,51.21
9000245,210314,P1002,73.73
9000246,204149,P1005,78.45
9000247,207942,P1002,147.13
9000248,206175,P1003,128.3
9000249,205014,P1006,97.78
9000250,200108,P1005,70.2
9000251,211767,P1001,140.74
9000252,205056,P1002,4.36
9000253,203995,P1002,37.35
9000254,210497,P1004,31.66
9000255,200039,P1004,14.8
9000256,201046,P1004,60.07
9000257,205650,P1004,136.12
9000258,205790,P1002,139.48
9000259,210238,P1006,74.62
9000260,205756,P1006,186.61
9000261,208442,P1005,32
9000262,209360,P1002,112.2
9000263,203147,P1003,31.1
9000264,211537,P1005,160.03
9000265,211274,P1005,42.82
9000266,208457,P1002,33.18
9000267,200555,P1005,38.03
9000268,203274,P1003,77.63
9000269,201587,P1002,13.73
9000270,208015,P1001,113.69
9000271,200305,P1006,54.09
9000272,204157,P1001,105.99
9000273,200037,P1002,136.82
9000274,209187,P1001,47.33
9000275,204498,P1001,159.6
9000276,208083,P1006,51.89
9000277,202029,P1004,86.35
9000278,211692,P1004,50.33
9000279,205166,P1005,59.3
9000280,210366,P1005,31.91
9000281,211815,P1006,74.03
9000282,200552,P1003,32.64
9000283,211538,P1006,25.98
9000284,203473,P1006,126.83
9000285,211197,P1006,54.32
9000286,210315,P1001,52.02
9000287,200928,P1004,77.24
9000288,207187,P1001,176.29
9000289,200972,P1006,152.67
9000290,204118,P1001,32.25
9000291,210547,P1003,120.48
9000292,200666,P1004,302.13
9000293,207001,P1006,78.33
9000294,209124,P1004,5.23
9000295,207999,P1004,83.84
9000296,200019,P1006,104.37
9000297,208097,P1001,59.39
9000298,201111,P1001,65.49
9000299,209630,P1002,97.11
9000300,211883,P1001,97.58
9000301,211548,P1004,33.11
9000302,209282,P1001,94.79
9000303,204042,P1005,48.65
9000304,210385,P1005,84.17
9000305,206956,P1001,75.7
9000306,205707,P1006,178.46
9000307,207032,P1006,66.96
9000308,202020,P1006,63.62
9000309,201486,P1002,30.53
9000310,206387,P1003,49.23
9000311,206750,P1002,144.08
9000312,205093,P1005,19.38
9000313,208364,P1003,246.57
9000314,201950,P1001,72.37
9000315,205346,P1001,44.97
9000316,201984,P1001,104
9000317,204979,P1001,154.63
9000318,203088,P1005,72.9
9000319,208454,P1001,178.37
9000320,211280,P1003,50.97
9000321,208388,P1005,94.79
9000322,211803,P1006,42.7
9000323,201430,P1006,127.54
9000324,208416,P1005,24.09
9000325,203447,P1002,41.76
9000326,208649,P1005,151.15
9000327,205943,P1001,23.17
9000328,208761,P1005,147.24
9000329,201400,P1005,48.97
9000330,206189,P1003,34.54
9000331,204866,P1006,34.49
9000332,202123,P1004,221.55
9000333,202540,P1004,168.1
9000334,210497,P1006,74.64
9000335,207874,P1006,51.38
9000336,210530,P1004,58.15
9000337,207335,P1005,36.39
9000338,208487,P1001,46.47
9000339,210573,P1001,60.97
9000340,211164,P1003,115.47
9000341,200667,P1005,49.87
9000342,211721,P1002,67.48
9000343,207002,P1002,57.62
9000344,206022,P1002,80.54
9000345,209970,P1002,54.73
9000346,209061,P1004,152.46
9000347,203332,P1005,16.93
9000348,207375,P1001,33.97
9000349,207561,P1006,118.79
9000350,201375,P1005,233.21
9000351,200524,P1004,122.67
9000352,203780,P1002,33.84
9000353,208630,P1001,270.62
9000354,200811,P1002,245.37
9000355,209003,P1001,86.53
9000356,210607,P1004,35.8
9000357,204515,P1003,122.84
9000358,200264,P1002,88.4
9000359,208343,P1004,217.07
9000360,206426,P1003,148.41
9000361,208987,P1006,121.47
9000362,202125,P1003,91.33
9000363,204781,P1006,175.11
9000364,201759,P1006,87.9
9000365,201204,P1002,172.63
9000366,201984,P1001,58.47
9000367,206110,P1004,76.47
9000368,210489,P1003,113.73
9000369,202525,P1003,73.2
9000370,205914,P1004,59.51
9000371,207778,P1003,112.98
9000372,204078,P1001,167.44
9000373,200047,P1006,28.9
9000374,211951,P1003,64.67
9000375,208254,P1005,123.45
9000376,206530,P1006,15.89
9000377,203995,P1004,162.31
9000378,203628,P1006,20.29
9000379,203745,P1003,11.71
9000380,204433,P1006,27.15
9000381,207278,P1006,48.88
9000382,208323,P1004,34.18
9000383,209085,P1006,38.3
9000384,201439,P1003,60.58
9000385,203817,P1003,33.34
9000386,209069,P1006,22.93
9000387,208137,P1003,140.9
9000388,210570,P1001,31.09
9000389,201536,P1006,105.59
9000390,205683,P1003,101.93
9000391,202595,P1004,24.22
9000392,205231,P1004,146.54
9000393,209141,P1005,194.6
9000394,201712,P1004,90.81
9000395,206067,P1005,154
9000396,205056,P1003,227.88
9000397,200460,P1002,32.62
9000398,209143,P1006,161.97
9000399,209660,P1001,70.54
9000400,204952,P1006,114.81
9000401,201036,P1006,53.01
9000402,207415,P1002,95.05
9000403,211948,P1003,74.48
9000404,200524,P1003,135.8
9000405,204644,P1001,91.16
9000406,202628,P1001,52.38
9000407,211457,P1003,85.58
9000408,202438,P1003,151.83
9000409,210471,P1003,163.77
9000410,211735,P1005,66.4
9000411,209537,P1002,103.91
9000412,200533,P1001,62.78
9000413,201427,P1006,207.7
9000414,202576,P1003,49.15
9000415,211289,P1002,72.22
9000416,200376,P1002,50.24
9000417,207815,P1002,134.5
9000418,207649,P1003,147.4
9000419,204049,P1002,62.84
9000420,207812,P1004,135.45
9000421,200256,P1001,148.01
9000422,204133,P1001,143.81
9000423,209453,P1006,84.77
9000424,200435,P1003,187.17
9000425,207413,P1002,176.29
9000426,205203,P1004,95.88
9000427,210717,P1002,66.87
9000428,202050,P1002,14.22
9000429,211341,P1001,122.97
9000430,205104,P1006,169.31
9000431,207366,P1005,77.21
9000432,204459,P1003,14.75
9000433,208884,P1003,42.29
9000434,202645,P1005,69.6
9000435,208379,P1005,162.81
9000436,210067,P1003,108.54
9000437,206684,P1005,60.24
9000438,208284,P1003,310.48
9000439,205764,P1002,185.47
9000440,205629,P1002,207.71
9000441,205569,P1002,113.6
9000442,204781,P1003,88.69
9000443,210485,P1003,83.45
9000444,201305,P1005,81.07
9000445,211503,P1003,137.89
9000446,207213,P1003,74.24
9000447,203601,P1003,132.87
9000448,206030,P1001,50.15
9000449,206818,P1004,57.88
9000450,210829,P1005,60.72
9000451,209999,P1001,63.59
9000452,211589,P1004,34.92
9000453,201229,P1003,136.4
9000454,209683,P1002,22.28
9000455,211842,P1006,227.79
9000456,210366,P1004,100.25
9000457,203476,P1004,266.29
9000458,205930,P1005,190.29
9000459,208750,P1005,73.92
9000460,204471,P1005,20.72
9000461,203777,P1002,44.2
9000462,205729,P1005,168.1
9000463,210246,P1004,104.99
9000464,206354,P1003,57.91
9000465,205427,P1001,41.98
9000466,209780,P1006,99.28
9000467,201111,P1004,167.58
9000468,201807,P1002,95.65
9000469,203284,P1001,53.91
9000470,207183,P1004,175.73
9000471,204130,P1005,124.06
9000472,210836,P1005,39.06
9000473,205334,P1006,66.18
9000474,202661,P1003,103.33
9000475,205946,P1002,133.81
9000476,203443,P1005,30.4
9000477,211567,P1003,12.26
9000478,210073,P1002,86.2
9000479,208673,P1001,25.62
9000480,207797,P1006,77.42
9000481,200160,P1004,74.12
9000482,211547,P1003,193.57
9000483,207508,P1004,176.42
9000484,207680,P1001,30.49
9000485,206585,P1002,8.39
9000486,211355,P1003,169.47
9000487,204213,P1002,41.04
9000488,209890,P1005,75.29
9000489,211341,P1006,73.39
9000490,208070,P1001,190.28
9000491,210541,P1003,25.34
9000492,202273,P1001,45.56
9000493,201264,P1006,38.21
9000494,202554,P1006,85.73
9000495,201762,P1005,179.52
9000496,210322,P1005,4.81
9000497,204516,P1004,55.01
9000498,203994,P1006,62.8
9000499,209048,P1002,100.6
9000500,208210,P1005,115.73
9000501,211931,P1006,29.67
9000502,205208,P1001,150.52
9000503,200478,P1006,103.88
9000504,205494,P1004,43.55
9000505,201003,P1006,8.39
9000506,200127,P1002,44.36
9000507,204403,P1002,59.34
9000508,209835,P1004,134.03
9000509,201818,P1001,70.98
9000510,203725,P1006,91.84
9000511,206937,P1005,61.67
9000512,204033,P1003,81.75
9000513,202100,P1001,47.32
9000514,200857,P1005,99.89
9000515,209163,P1002,58.09
9000516,207471,P1006,83.53
9000517,204815,P1001,13.9
9000518,209313,P1003,95.69
9000519,204992,P1003,173.35
9000520,206113,P1004,186.89
9000521,209729,P1002,261.39
9000522,205714,P1005,133.3
9000523,207083,P1002,68.74
9000524,209235,P1003,32.67
9000525,206107,P1006,91.4
9000526,201157,P1006,64.09
9000527,200531,P1004,138.55
9000528,206470,P1004,143.92
9000529,202696,P1006,63.26
9000530,208957,P1006,50.43
9000531,205435,P1005,16.76
9000532,204382,P1002,182
9000533,210080,P1004,59.73
9000534,210479,P1002,66.88
9000535,200472,P1006,33.54
9000536,205464,P1006,302.57
9000537,206035,P1005,88.79
9000538,201387,P1003,36.74
9000539,211234,P1001,61.39
9000540,211684,P1006,75.64
9000541,211808,P1003,40.82
9000542,205453,P1006,67.6
9000543,201217,P1002,37.98
9000544,209004,P1003,90.66
9000545,208882,P1004,94.37
9000546,200936,P1003,106.65
9000547,207266,P1003,113.75
9000548,209674,P1002,92.25
9000549,200440,P1004,64.72
9000550,201818,P1002,93.39
9000551,208176,P1005,96.96
9000552,201495,P1002,144.19
9000553,206254,P1002,65.43
9000554,203307,P1001,81.15
9000555,200371,P1005,61.35
9000556,205080,P1005,42.89
9000557,205548,P1003,174.84
9000558,205805,P1002,75.28
9000559,200388,P1002,182.97
9000560,205123,P1002,31.12
9000561,205794,P1002,41.54
9000562,200414,P1001,40.15
9000563,200854,P1005,12.17
9000564,207141,P1002,129.36
9000565,200655,P1002,103.15
9000566,208874,P1002,94.08
9000567,206274,P1003,120.48
9000568,211706,P1004,50.18
9000569,211401,P1003,105.86
9000570,206628,P1005,86.19
9000571,209120,P1001,163.59
9000572,211146,P1002,132.78
9000573,202801,P1001,96.52
9000574,211386,P1003,67.06
9000575,208996,P1001,24.18
9000576,202541,P1005,320.55
9000577,200714,P1003,86.78
9000578,200794,P1006,71.56
9000579,211159,P1003,96.72
9000580,202030,P1004,24.88
9000581,200238,P1005,83.97
9000582,208904,P1006,160.76
9000583,208627,P1005,109.14
9000584,203122,P1001,238.59
9000585,204039,P1004,40.77
9000586,201343,P1001,198.52
9000587,204005,P1006,25.07
9000588,211283,P1003,67.42
9000589,205683,P1006,46.28
9000590,208176,P1003,169.91
9000591,204873,P1002,95.24
9000592,211460,P1006,180.58
9000593,203434,P1001,26.54
9000594,203941,P1004,37.27
9000595,207968,P1004,52.23
9000596,202300,P1006,74.71
9000597,200153,P1001,56.2
9000598,201636,P1001,46.08
9000599,207184,P1001,175.63
9000600,211283,P1003,140.07
9000601,205520,P1002,57.96
9000602,201964,P1005,136.54
9000603,211000,P1001,59.07
9000604,209597,P1002,36.21
9000605,209483,P1006,79.87
9000606,202532,P1004,63.05
9000607,201973,P1005,93.29
9000608,210321,P1001,364.14
9000609,211728,P1003,244.05
9000610,200678,P1006,232.11
9000611,201659,P1004,44.26
9000612,204562,P1003,54.69
9000613,211280,P1002,52.64
9000614,204808,P1002,124.97
9000615,202519,P1004,109.44
9000616,211676,P1004,34.32
9000617,204865,P1004,95.33
9000618,210737,P1001,130.66
9000619,205514,P1006,71.58
9000620,204599,P1003,148.3
9000621,201241,P1004,95.82
9000622,205080,P1001,17.6
9000623,207702,P1005,47.29
9000624,208554,P1005,71.14
9000625,200074,P1004,140.04
9000626,207656,P1004,8.37
9000627,206937,P1003,16.7
9000628,210695,P1004,45.93
9000629,210097,P1001,30.01
9000630,208219,P1001,229.29
9000631,207046,P1002,147.96
9000632,206164,P1006,30.05
9000633,209972,P1006,78.56
9000634,210773,P1005,45.81
9000635,202500,P1006,152.67
9000636,203959,P1002,5.55
9000637,205770,P1006,121.75
9000638,204395,P1004,127.8
9000639,202140,P1004,83.35
9000640,204204,P1005,113.46
9000641,207483,P1005,62.84
9000642,205855,P1002,140.31
9000643,206521,P1006,179.65
9000644,200416,P1005,19.42
9000645,207804,P1003,49.92
9000646,205417,P1001,100.6
9000647,211499,P1002,33.81
9000648,203787,P1006,429.23
9000649,206156,P1002,162.51
9000650,202909,P1003,123.43
9000651,206035,P1004,171.96
9000652,202960,P1005,215.66
9000653,201378,P1002,20.45
9000654,209539,P1001,94.19
9000655,206102,P1001,112.42
9000656,204612,P1002,55.68
9000657,202746,P1004,158.5
9000658,211730,P1003,163.79
9000659,206536,P1004,231.08
9000660,204937,P1006,20.67
9000661,209505,P1006,67.29
9000662,208345,P1001,28.88
9000663,203723,P1001,59.58
9000664,203653,P1005,25.81
9000665,207623,P1001,72.05
9000666,209885,P1004,118.86
9000667,204195,P1006,73.15
9000668,202549,P1001,226.56
9000669,203657,P1005,106.03
9000670,203292,P1005,138.5
9000671,207001,P1006,65.31
9000672,203499,P1006,60.41
9000673,211422,P1002,13.63
9000674,201548,P1004,175.18
9000675,204317,P1005,142.72
9000676,208978,P1001,9.34
9000677,202325,P1001,196.08
9000678,205161,P1001,58.8
9000679,206768,P1003,71.88
9000680,201507,P1005,68.72
9000681,207053,P1004,57.83
9000682,206414,P1002,200.19
9000683,208450,P1004,59.18
9000684,205841,,157.12
9000685,209182,P1006,72
9000686,206043,P1004,117.39
9000687,207107,P1003,135.39
9000688,208522,P1004,148.78
9000689,208496,P1002,100.29
9000690,200796,P1005,79.39
9000691,204623,P1001,143.84
9000692,205884,P1004,188.43
9000693,207232,P1005,29.77
9000694,200618,P1001,74.63
9000695,200849,P1006,12.96
9000696,211675,P1003,110.11
9000697,201018,P1005,56.98
9000698,207893,P1002,232.68
9000699,203150,P1002,205.66
9000700,202024,P1001,44.9
9000701,203351,P1004,57.33
9000702,210998,P1001,68.88
9000703,205668,P1002,80.93
9000704,202093,P1004,88.22
9000705,200207,P1001,34.85
9000706,204241,P1001,36.35
9000707,210692,P1002,49.89
9000708,200568,P1001,71.55
9000709,205798,P1005,14.08
9000710,204441,P1005,18.51
9000711,201960,P1006,26.99
9000712,208748,P1006,161.7
9000713,205897,P1002,84.88
9000714,201458,P1006,16.66
9000715,211804,P1003,207.38
9000716,209293,P1004,48.2
9000717,205955,P1003,41.08
9000718,205108,P1004,191.73
9000719,207028,P1001,5.99
9000720,209596,P1005,174.82
9000721,201230,P1001,131.69
9000722,202081,P1006,51.02
9000723,202016,P1001,174.84
9000724,210793,P1005,6.46
9000725,205424,P1006,53.56
9000726,208699,P1003,67.14
9000727,202206,P1005,41.57
9000728,200577,P1004,55.29
9000729,204062,P1004,150.53
9000730,205732,P1001,35.19
9000731,204176,P1003,55.04
9000732,200784,P1004,135.53
9000733,205574,P1006,17.7
9000734,208641,P1006,20.9
9000735,203209,P1003,5.04
9000736,204345,P1004,40.68
9000737,208338,P1006,86.73
9000738,209259,P1005,105.9
9000739,203665,P1002,290.99
9000740,210556,P1003,39.17
9000741,208151,P1004,47.32
9000742,202110,P1005,153.88
9000743,202886,P1001,158.98
9000744,209693,P1002,90.11
9000745,206663,P1001,56.05
9000746,204614,P1005,60.33
9000747,209344,P1006,94.2
9000748,204573,P1004,99.52
9000749,207151,P1001,21.55
9000750,207826,P1003,56.74
9000751,202319,P1001,85.21
9000752,211651,P1005,144.55
9000753,207191,P1006,21.88
9000754,208163,P1006,81.22
9000755,205597,P1002,46.64
9000756,202644,P1006,25.32
9000757,207341,P1006,148.71
9000758,200006,P1005,74.06
9000759,206655,P1006,85.71
9000760,201333,P1006,66.95
9000761,202292,P1003,109.17
9000762,203525,P1003,130.09
9000763,210402,P1004,147.63
9000764,200825,P1001,76.75
9000765,203967,P1002,42.97
9000766,200794,P1002,110.05
9000767,204787,P1006,18.22
9000768,211319,P1003,10.66
9000769,202475,P1003,87.99
9000770,201814,P1001,37.62
9000771,207819,P1001,127.37
9000772,203994,P1005,54.05
9000773,206250,P1005,40.51
9000774,211552,P1006,54.96
9000775,201151,P1005,107.73
9000776,206384,P1001,160.07
9000777,210479,P1003,102.18
9000778,208285,P1006,77.73
9000779,211662,P1005,67.36
9000780,203440,P1004,46.01
9000781,207974,P1003,118.55
9000782,207967,P1002,15.33
9000783,208048,P1006,174.02
9000784,201951,P1006,149.26
9000785,209030,P1003,27.35
9000786,204140,P1004,68.26
9000787,201679,P1003,105.09
9000788,210844,P1004,512.23
9000789,205798,P1006,128.12
9000790,208726,P1003,154.46
9000791,204394,P1002,53.08
9000792,205529,P1005,124.23
9000793,200476,P1001,21.32
9000794,205477,P1004,219.75
9000795,206734,P1006,106.58
9000796,208878,P1006,96.62
9000797,206706,P1003,186.09
9000798,204759,P1004,14.24
9000799,201075,P1001,272.73
9000800,205173,P1003,144.69
9000801,208831,P1002,224.71
9000802,206790,P1004,254.05
9000803,202588,P1006,120.36
9000804,206695,P1005,146.27
9000805,206540,P1003,90.25
9000806,205507,P1002,20.33
9000807,207484,P1001,80.72
9000808,207230,P1004,31.4
9000809,209357,P1003,57.08
9000810,201793,P1006,41.83
9000811,206739,P1001,27.8
9000812,208838,P1005,88.19
9000813,204720,P1006,187.9
9000814,201945,P1001,56.61
9000815,206085,P1002,17.15
9000816,209671,P1004,126.3
9000817,200634,P1005,101.65
9000818,206850,P1003,61.78
9000819,201077,P1001,211.74
9000820,211193,P1003,70.13
9000821,208340,P1002,64.53
9000822,204992,P1006,142.04
9000823,209151,P1003,111.78
9000824,207875,P1006,155.09
9000825,208986,P1002,136.89
9000826,200879,P1006,120.58
9000827,206832,P1004,182.59
9000828,203630,P1003,26.42
9000829,203640,P1005,65.73
9000830,201941,P1002,46.26
9000831,205431,P1006,230.54
9000832,207996,P1001,71.78
9000833,208218,P1004,84.35
9000834,201449,P1001,67.26
9000835,203380,P1006,44.63
9000836,205962,P1005,56.68
9000837,200604,P1002,58.24
9000838,203022,P1003,166.49
9000839,204482,P1006,121.04
9000840,202008,P1003,231.32
9000841,201293,P1006,184.78
9000842,209728,P1001,119.18
9000843,207045,P1001,91.12
9000844,202917,P1001,160.16
9000845,205844,P1001,63.39
9000846,200956,P1001,46.59
9000847,208572,P1006,58.08
9000848,204694,P1004,71.32
9000849,205102,P1003,103.57
9000850,202521,P1004,56.57
9000851,207929,P1005,154.71
9000852,208540,P1006,84.17
9000853,207073,P1002,90.06
9000854,207400,P1006,133.96
9000855,209764,P1002,218.07
9000856,211350,P1006,23.49
9000857,203025,P1006,106.06
9000858,210183,P1005,108.72
9000859,201548,P1005,42.87
9000860,203662,P1001,87.06
9000861,208441,P1001,214.15
9000862,210298,P1006,117.94
9000863,208209,P1003,316.44
9000864,203026,P1001,278.85
9000865,205120,P1005,160.1
9000866,210208,P1005,133.07
9000867,204171,P1002,32.06
9000868,201735,P1001,335.44
9000869,208374,P1001,34.78
9000870,211107,P1002,135.57
9000871,211305,P1003,19.73
9000872,206751,P1002,107.46
9000873,204874,P1002,184.83
9000874,205472,P1001,131.03
9000875,200858,P1005,72.19
9000876,204820,P1001,51.83
9000877,203745,P1005,56.94
9000878,204515,P1001,57.08
9000879,210033,P1006,85.12
9000880,201881,P1006,15.2
9000881,209513,P1003,193.88
9000882,207550,P1005,76.81
9000883,210849,P1006,28.22
9000884,204257,P1005,10.81
9000885,203737,P1001,52.58
9000886,210531,P1006,54.22
9000887,201557,P1002,14.45
9000888,201480,P1004,76.58
9000889,209192,P1002,39.16
9000890,205598,P1005,122
9000891,205286,P1001,160.54
9000892,207001,P1001,124.8
9000893,208457,P1003,91.28
9000894,208719,P1002,51.82
9000895,203968,P1001,106.86
9000896,207837,P1001,55.02
9000897,202853,P1006,124.11
9000898,205102,P1001,52.94
9000899,203012,P1002,62.98
9000900,208750,P1002,102.4
9000901,200215,P1006,71.42
9000902,208492,P1002,40.65
9000903,209264,P1002,131.79
9000904,204564,P1006,213.25
9000905,200616,P1005,13.62
9000906,205120,P1002,141.88
9000907,209899,P1003,86.59
9000908,204240,P1002,67.12
9000909,206442,P1005,142.76
9000910,209300,P1002,17.76
9000911,211681,P1003,112.02
9000912,201711,P1001,360.3
9000913,200951,P1001,31.43
9000914,209754,P1006,91.87
9000915,209939,P1003,78.43
9000916,207034,P1003,192.62
9000917,202697,P1001,23.26
9000918,204439,P1002,192.85
9000919,206749,P1005,67.09
9000920,211272,P1003,59.25
9000921,200335,P1003,257.27
9000922,211456,P1001,110.71
9000923,209477,P1003,43.03
9000924,211585,P1002,29.84
9000925,204574,P1001,134.29
9000926,201207,P1005,74.95
9000927,209895,P1002,46.59
9000928,205868,P1003,271.36
9000929,205210,P1001,70.16
9000930,211014,P1002,75.68
9000931,207292,P1003,105.64
9000932,200107,P1004,169.21
9000933,209508,P1006,59.26
9000934,203588,P1004,58.33
9000935,205987,P1002,13.45
9000936,205496,P1006,150.44
9000937,202534,P1005,40.73
9000938,203326,P1006,15.38
9000939,205724,P1002,168.81
9000940,206836,P1005,158.64
9000941,209045,P1001,92.1
9000942,206414,P1001,141.08
9000943,208953,P1003,61.34
9000944,210096,P1002,26.54
9000945,202714,P1002,44.66
9000946,202865,P1003,28.92
9000947,200890,P1001,188.37
9000948,209043,P1003,107.36
9000949,201131,P1001,57.48
9000950,205903,P1004,79.52
9000951,211831,P1001,169.96
9000952,211545,P1006,109.31
9000953,208765,P1003,15.11
9000954,210266,P1005,81.51
9000955,206356,P1005,59.4
9000956,200246,P1001,124.45
9000957,201976,P1006,111.28
9000958,204779,P1006,128.82
9000959,205920,P1006,65.71
9000960,203051,P1002,55.97
9000961,209160,P1005,183.11
9000962,205838,P1004,50.82
9000963,207966,P1004,258.99
9000964,211915,P1003,203.07
9000965,207048,P1005,80.44
9000966,206928,P1004,82.8
9000967,205384,P1006,98.62
9000968,200826,P1005,69.73
9000969,200375,P1002,75.88
9000970,208939,P1002,72.88
9000971,205925,P1005,347.38
9000972,202403,P1006,152.95
9000973,204109,P1004,162.64
9000974,205535,P1005,135.05
9000975,203339,P1005,88.42
9000976,207606,P1006,78.13
9000977,211566,P1001,55.73
9000978,210918,P1002,227.94
9000979,203817,P1006,127.58
9000980,204082,P1002,128.69
9000981,211904,P1001,146.73
9000982,207954,P1001,56.12
9000983,201067,P1002,244.89
9000984,200423,P1004,38.74
9000985,205841,P1004,34.4
9000986,200747,P1006,109.42
9000987,208677,P1001,144.32
9000988,205088,P1002,265.51
9000989,200845,P1005,76.58
9000990,207055,P1003,73.05
9000991,203391,P1001,255.33
9000992,203390,P1001,99.01
9000993,209664,P1004,32.95
9000994,208883,P1002,82.74
9000995,206303,P1001,114.84
9000996,203838,P1006,218.26
9000997,209396,P1004,84.23
9000998,203232,P1006,124.88
9000999,210472,P1001,64.17
9001000,208324,P1001,88.91
9001001,206973,P1002,122.03
9001002,208476,P1005,112.98
9001003,210849,P1003,92.93
9001004,211676,P1004,91.33
9001005,206759,P1002,54.82
9001006,201588,P1004,164.75
9001007,208491,P1001,75.21
9001008,201153,P1003,56.95
9001009,206822,P1004,98.16
9001010,209948,P1004,143.2
9001011,211300,P1001,49.66
9001012,203305,P1005,65.67
9001013,208397,P1001,140.12
9001014,210839,P1003,49.15
9001015,204653,P1003,79.16
9001016,206837,P1001,41.07
9001017,211229,P1002,52.35
9001018,207197,P1004,154.42
9001019,204026,P1005,123.46
9001020,200057,P1004,60.41
9001021,200307,P1002,211.55
9001022,206774,P1006,124.75
9001023,200772,P1006,42.63
9001024,210412,P1001,14.79
9001025,201538,P1004,171.14
9001026,211887,P1006,87.92
9001027,208559,P1002,114.98
9001028,204552,P1005,39.45
9001029,205402,P1002,146.72
9001030,202009,P1006,72.17
9001031,201808,P1005,115.22
9001032,210810,P1001,51.66
9001033,200273,P1006,24.94
9001034,204956,P1002,69.09
9001035,207201,P1003,19.31
9001036,205410,P1004,79.82
9001037,211082,P1003,101.46
9001038,205612,P1003,100.68
9001039,208242,P1004,91.88
9001040,206548,P1003,59.28
9001041,208925,P1003,53.17
9001042,200726,P1005,7.12
9001043,210171,P1005,196.84
9001044,200183,P1005,79.83
9001045,202952,P1005,32.48
9001046,209175,P1006,39.24
9001047,204922,P1003,35.4
9001048,207567,P1004,92.23
9001049,206794,P1004,83.66
9001050,204715,P1005,121.83
9001051,208903,P1005,44.54
9001052,207829,P1006,144.99
9001053,201176,P1006,130.63
9001054,208526,P1002,259.96
9001055,202379,P1006,85.88
9001056,203482,P1006,37.94
9001057,211956,P1005,159.26
9001058,204689,P1004,25.76
9001059,206108,P1006,102.41
9001060,202959,P1002,133.25
9001061,206730,P1002,29.11
9001062,201652,P1006,173.4
9001063,200952,P1006,69.61
9001064,207078,P1005,119.95
9001065,205304,P1006,120.05
9001066,208823,P1002,144.78
9001067,201571,P1006,16.95
9001068,207270,P1006,44.55
9001069,200546,P1003,52.33
9001070,203055,P1006,124.35
9001071,201934,P1005,35.25
9001072,207672,P1001,33.4
9001073,202783,P1003,75.22
9001074,204917,P1005,184.92
9001075,204385,P1001,110.68
9001076,205341,P1006,151.51
9001077,211701,P1002,30.08
9001078,200156,P1003,46.29
9001079,205633,P1006,136.05
9001080,209318,P1006,1.8
9001081,206525,P1001,163.27
9001082,210733,P1001,48.72
9001083,204864,P1001,163.11
9001084,203488,P1001,90.73
9001085,205168,P1006,25.3
9001086,204328,P1005,94.87
9001087,202325,P1005,76.45
9001088,205879,P1005,76.13
9001089,209961,P1006,12.01
9001090,204758,P1005,10.64
9001091,209800,P1001,59.44
9001092,204419,P1002,11.93
9001093,210201,P1001,65.98
9001094,208922,P1006,52.92
9001095,207123,P1002,133.12
9001096,207817,P1001,104.06
9001097,203530,P1002,89.94
9001098,203838,P1005,81.85
9001099,204992,P1003,106.64
9001100,207590,P1004,188.92
9001101,204684,P1002,16.57
9001102,208175,P1003,168.39
9001103,204729,P1001,138.62
9001104,205264,P1004,228.34
9001105,208553,P1005,128.49
9001106,203119,P1004,117.98
9001107,211074,P1006,36.17
9001108,210321,P1001,72.27
9001109,209475,P1002,50.21
9001110,200069,P1001,118.3
9001111,201731,P1004,117.53
9001112,208603,P1004,126.41
9001113,207026,P1006,136.05
9001114,209676,P1001,285.22
9001115,200068,P1004,40.71
9001116,202523,P1005,207.4
9001117,203534,P1002,51.7
9001118,206818,P1001,53.8
9001119,206404,P1006,21.6
9001120,211746,P1002,25.94
9001121,205423,P1004,77.49
9001122,203607,P1005,137.92
9001123,208333,P1005,3.11
9001124,207358,P1005,221.76
9001125,206394,P1004,108.28
9001126,204949,P1002,187.24
9001127,200245,P1006,29.26
9001128,205275,P1002,30.99
9001129,206718,P1005,166.08
9001130,209003,P1003,102.11
9001131,205370,P1001,119.43
9001132,206521,P1003,44.23
9001133,208622,P1002,95.93
9001134,203319,P1004,11.03
9001135,204190,P1002,69.08
9001136,208868,P1001,177.06
9001137,209738,P1001,141.1
9001138,206689,P1004,35.18
9001139,209724,P1002,12
9001140,203683,P1002,129.01
9001141,211345,P1006,236.24
9001142,207141,P1006,98.59
9001143,209408,P1005,133.27
9001144,208878,P1002,41.67
9001145,210403,P1001,135.56
9001146,200766,P1002,39.87
9001147,201054,P1006,134.3
9001148,201979,P1001,144.19
9001149,208184,P1001,76.82
9001150,204218,P1001,83.61
9001151,205561,P1003,106.89
9001152,202982,P1001,62.11
9001153,211819,P1005,69.21
9001154,206774,P1004,213.82
9001155,211349,P1004,70.59
9001156,200587,P1002,18.34
9001157,207573,P1002,16.76
9001158,210975,P1006,48.26
9001159,210650,P1006,136.97
9001160,208796,P1005,106.42
9001161,202238,P1002,145.18
9001162,205019,P1006,5.98
9001163,210591,P1004,64.44
9001164,201817,P1006,59.74
9001165,201250,P1005,145.33
9001166,200751,P1003,72.98
9001167,202283,P1003,41.01
9001168,208841,P1003,250.21
9001169,206321,P1005,46.36
9001170,206776,P1005,140.6
9001171,206624,P1006,69.91
9001172,204965,P1002,43.26
9001173,202873,P1005,50.44
9001174,203755,P1001,72.33
9001175,204709,P1002,93.52
9001176,200648,P1001,23.72
9001177,207478,P1002,171.68
9001178,209071,P1006,163.59
9001179,200449,P1006,66.36
9001180,202522,P1006,65.31
9001181,207711,P1002,101.93
9001182,203202,P1005,61.55
9001183,201045,P1006,93.84
9001184,202786,P1006,122.19
9001185,211436,P1005,55.41
9001186,206774,P1001,111.92
9001187,211048,P1004,23.68
9001188,203473,P1004,54.3
9001189,210354,P1004,82.15
9001190,201301,P1005,187.6
9001191,209549,P1001,105.37
9001192,210439,P1002,71.42
9001193,200778,P1002,225.64
9001194,202073,P1004,171.65
9001195,207403,P1002,176.49
9001196,202584,P1004,11.38
9001197,209892,P1001,33.41
9001198,208856,P1005,122.27
9001199,210007,P1003,42.19
9001200,205492,P1002,82.86
9001201,210600,P1002,150.12
9001202,211180,P1006,153.16
9001203,209880,P1002,137.25
9001204,210702,P1006,235.17
9001205,210747,P1003,41.21
9001206,206708,P1004,79.19
9001207,200154,P1005,45.38
9001208,201961,P1006,44.89
9001209,204463,P1002,138.9
9001210,203682,P1003,29.5
9001211,209163,P1001,236.86
9001212,207939,P1002,50.54
9001213,205076,P1006,105.63
9001214,203555,P1006,160.15
9001215,208436,P1006,145.47
9001216,206134,P1002,35.5
9001217,202925,P1004,155.96
9001218,201463,P1002,133.61
9001219,210820,P1002,72.75
9001220,206711,P1006,29.79
9001221,209662,P1002,74.44
9001222,211264,P1002,130.92
9001223,209630,P1003,173.53
9001224,207445,P1006,108.15
9001225,203560,P1002,83.62
9001226,203434,P1002,252.47
9001227,203980,P1005,101.21
9001228,201385,P1006,112.43
9001229,211550,P1005,55.85
9001230,207154,P1006,166.76
9001231,203174,P1004,78.24
9001232,206597,P1002,71.33
9001233,211122,P1002,141.3
9001234,209033,P1002,134.56
9001235,208440,P1002,70.5
9001236,200023,P1003,145.47
9001237,211670,P1004,209.81
9001238,201819,P1002,62.16
9001239,210647,P1004,52.44
9001240,207356,P1005,68.21
9001241,205133,P1006,146.22
9001242,206872,P1001,26.06
9001243,204789,P1004,109.68
9001244,208403,P1001,12.26
9001245,205084,P1005,282.56
9001246,210692,P1006,21.8
9001247,211200,P1005,133.94
9001248,209186,P1003,28.69
9001249,204145,P1001,40.11
9001250,207304,P1003,83.77
9001251,205732,P1003,43.75
9001252,211890,P1002,136.42
9001253,201682,P1001,203.2
9001254,204028,P1004,117.87
9001255,207445,P1004,90.71
9001256,202881,P1002,96.71
9001257,204750,P1006,56.09
9001258,203213,P1003,115.48
9001259,200530,P1004,103.18
9001260,207515,P1001,144.03
9001261,207013,P1001,150.22
9001262,201430,P1005,122.79
9001263,207554,P1001,21.76
9001264,204879,P1002,164.01
9001265,202600,P1004,154.12
9001266,204119,P1006,54.44
9001267,203229,P1002,88.69
9001268,201427,P1001,83.55
9001269,202861,P1002,43.59
9001270,209916,P1001,66.76
9001271,200025,P1004,83.1
9001272,209974,P1006,287.09
9001273,205542,P1002,21.89
9001274,203007,P1004,46.15
9001275,202160,P1002,60.66
9001276,201067,P1001,47.11
9001277,205954,P1001,200.4
9001278,207502,P1005,190.9
9001279,205924,P1005,36.34
9001280,202440,P1004,264.31
9001281,201850,P1006,10.58
9001282,206979,P1003,144.86
9001283,201947,P1004,81.96
9001284,204673,P1006,78.24
9001285,206650,P1004,80.24
9001286,210294,P1002,63.79
9001287,201748,P1006,46.32
9001288,203729,P1002,53.37
9001289,207771,P1001,6.23
9001290,206217,P1005,128.22
9001291,208184,P1003,57.52
9001292,200982,P1002,140.7
9001293,202922,P1006,159.55
9001294,204359,P1004,46.52
9001295,210413,P1005,186.29
9001296,210799,P1003,29.52
9001297,202845,P1002,192.19
9001298,201739,P1006,51.98
9001299,202397,P1001,119.63
9001300,209005,P1005,61.75
9001301,203382,P1002,77.01
9001302,205387,P1002,35.51
9001303,204242,P1006,99.03
9001304,206750,P1002,38.73
9001305,210639,P1006,50.49
9001306,210699,P1001,42.76
9001307,207256,P1005,175.76
9001308,210779,P1002,252.12
9001309,209012,P1001,55.58
9001310,205213,P1002,40.94
9001311,207924,P1001,31.07
9001312,211886,P1003,65.59
9001313,202041,P1002,80.46
9001314,203402,P1005,10.74
9001315,208678,P1001,69.04
9001316,202666,P1001,11.11
9001317,205600,P1004,81.26
9001318,207370,P1002,36.97
9001319,201300,P1004,111.8
9001320,207062,P1002,258.61
9001321,209829,P1004,6.74
9001322,206228,P1002,120.08
9001323,211642,P1006,4.42
9001324,203673,P1001,54.02
9001325,204401,P1005,88.59
9001326,205184,P1006,74.27
9001327,208293,P1003,102.21
9001328,206536,P1002,133.3
9001329,207659,P1006,101.04
9001330,200318,P1005,69.58
9001331,203592,P1004,73.49
9001332,200777,P1004,218.66
9001333,207920,P1002,58.33
9001334,200462,P1003,122.64
9001335,207372,P1002,35.69
9001336,210034,P1003,67.88
9001337,209271,P1003,126.58
9001338,207415,P1006,34.71
9001339,209619,P1003,30.66
9001340,203747,P1001,91.25
9001341,207815,P1004,66.11
9001342,206871,P1002,120.09
9001343,205390,P1006,112.44
9001344,210493,P1002,55.25
9001345,205680,P1006,123.84
9001346,201192,P1001,130.96
9001347,205978,P1002,94.82
9001348,202348,P1001,71.48
9001349,211267,P1006,31.42
9001350,203945,P1004,137.92
9001351,208516,P1006,138.95
9001352,205480,P1005,327.87
9001353,200382,P1004,73.75
9001354,204283,P1003,77.58
9001355,211287,P1006,161.49
9001356,210148,P1004,83.37
9001357,206994,P1006,74.39
9001358,206525,P1002,159.11
9001359,204308,P1003,105.66
9001360,200915,P1006,162.03
9001361,210991,P1004,116.57
9001362,203146,P1006,87.51
9001363,200946,P1002,331.52
9001364,206067,P1005,38.08
9001365,201054,P1001,25.29
9001366,209078,P1001,45.8
9001367,207758,P1006,31.5
9001368,207520,P1005,43.71
9001369,209192,P1004,61.6
9001370,211915,P1003,119.8
9001371,203107,P1005,57.15
9001372,203858,P1004,62.29
9001373,206468,P1005,58.95
9001374,207415,P1005,296.61
9001375,200326,P1005,360
9001376,211473,P1006,157.76
9001377,206179,P1001,96.71
9001378,205354,P1006,96.03
9001379,207434,P1002,120.04
9001380,201927,P1003,139.53
9001381,205254,P1002,98.88
9001382,202749,P1001,209.32
9001383,200145,P1004,37.57
9001384,204818,P1005,50.85
9001385,201619,P1005,17.11
9001386,201492,P1006,14.68
9001387,201678,P1004,491.43
9001388,205683,P1004,89.23
9001389,209557,P1005,93.51
9001390,211602,P1006,37.5
9001391,209614,P1006,160.6
9001392,210504,P1003,120.52
9001393,206352,P1004,164.82
9001394,207131,P1005,79.96
9001395,207006,P1002,35.19
9001396,211207,P1002,80.71
9001397,204114,P1002,78.13
9001398,207518,P1002,339.83
9001399,211462,P1006,90.61
9001400,200966,P1004,19.91
9001401,208955,P1003,55.31
9001402,207828,P1004,55.78
9001403,209610,P1001,46.54
9001404,207037,P1002,254.39
9001405,207834,P1003,113.35
9001406,207722,P1006,27.99
9001407,205422,P1006,54.74
9001408,203103,P1001,78.89
9001409,203963,P1005,197.07
9001410,208764,P1005,140.1
9001411,207434,P1002,187.86
9001412,206383,P1003,75.49
9001413,201896,P1004,30.61
9001414,211566,P1005,109.15
9001415,206892,P1004,83.97
9001416,201537,P1002,9.93
9001417,210556,P1004,77.75
9001418,206285,P1005,102.09
9001419,205714,P1005,207.36
9001420,210201,P1003,53.84
9001421,204494,P1003,232.43
9001422,202000,P1001,42.15
9001423,202030,P1001,137.97
9001424,209233,P1002,78.77
9001425,202771,P1006,178.44
9001426,211178,P1006,90.74
9001427,210774,P1003,93.2
9001428,208826,P1003,129.19
9001429,209975,P1002,196.58
9001430,207814,P1004,112.47
9001431,210705,P1002,151.05
9001432,202588,P1002,42.86
9001433,202885,P1005,142.56
9001434,211103,P1003,149.25
9001435,202600,P1004,238.92
9001436,200985,P1001,105.24
9001437,200082,P1003,114.13
9001438,204375,P1001,128.27
9001439,205699,P1001,51.8
9001440,200667,P1003,33.42
9001441,207469,P1006,138.8
9001442,205588,P1004,222.23
9001443,208386,P1004,65.95
9001444,208813,P1004,105.86
9001445,202672,P1005,33.76
9001446,206003,P1006,78.16
9001447,208843,P1001,109.9
9001448,202799,P1002,225.19
9001449,211473,P1004,81.88
9001450,207546,P1002,228.87
9001451,202808,P1005,204.31
9001452,208832,P1004,85.52
9001453,201759,P1003,26.68
9001454,203034,P1004,245.31
9001455,201564,P1001,47.52
9001456,203926,P1002,93.64
9001457,200171,P1001,38.2
9001458,202468,P1002,177.94
9001459,205228,P1002,77.48
9001460,205422,P1005,97.45
9001461,209679,P1005,105.32
9001462,200705,P1005,100.36
9001463,204586,P1001,50.15
9001464,204985,P1001,111.97
9001465,202302,P1004,2.6
9001466,201011,P1005,55.76
9001467,211882,P1006,150.39
9001468,203117,P1003,74.21
9001469,200799,P1006,72.01
9001470,211854,P1005,32.53
9001471,206851,P1006,67.24
9001472,200830,P1006,138.58
9001473,210794,P1003,122.79
9001474,203530,P1003,46.12
9001475,204987,P1005,121.58
9001476,204551,P1002,76.03
9001477,202270,P1002,393.46
9001478,209934,P1001,51.39
9001479,201720,P1003,150.46
9001480,201358,P1002,141.33
9001481,203967,P1001,56.81
9001482,211097,P1006,57.16
9001483,202953,P1006,145.23
9001484,208633,P1002,204.79
9001485,211957,P1004,59.55
9001486,210748,P1001,247.07
9001487,206887,P1004,50.91
9001488,209803,P1004,116.47
9001489,200756,P1001,101.14
9001490,207029,P1003,73.11
9001491,211581,P1004,78.45
9001492,200635,P1006,100.06
9001493,201007,P1001,187.17
9001494,210806,P1003,320.57
9001495,211019,P1005,177.21
9001496,206977,P1004,67.47
9001497,206049,P1002,35.42
9001498,202027,P1006,102.06
9001499,211650,P1002,76.93
9001500,211398,P1001,86.41
9001501,208822,P1003,25.04
9001502,201961,P1003,42.89
9001503,207367,P1002,33.34
9001504,202339,P1006,30.21
9001505,208269,P1003,95.57
9001506,207241,P1004,109.87
9001507,201904,P1001,139.68
9001508,208824,P1002,172.93
9001509,209892,P1002,41.08
9001510,201580,P1004,52.55
9001511,205171,P1001,91.63
9001512,204714,P1001,174.54
9001513,206612,P1004,166.44
9001514,205367,P1002,62.04
9001515,205548,P1001,68.98
9001516,205475,P1006,71.38
9001517,206422,P1003,144.63
9001518,205730,P1001,12.76
9001519,200725,P1005,34.87
9001520,205405,P1006,23.81
9001521,210260,P1005,176.42
9001522,200210,P1002,39.34
9001523,201073,P1004,77.68
9001524,211180,P1004,38.98
9001525,202957,P1004,19.01
9001526,206907,P1001,118.49
9001527,203600,P1004,52.28
9001528,208445,P1006,46.85
9001529,206004,P1001,21.02
9001530,207928,P1005,4.42
9001531,208377,P1004,55.42
9001532,211444,P1001,174.49
9001533,208387,P1002,100.9
9001534,206623,P1006,46.71
9001535,205762,P1005,33.21
9001536,204218,P1006,173.71
9001537,207461,P1005,60.75
9001538,209004,P1004,116.6
9001539,202659,P1005,144.12
9001540,202177,P1001,33.11
9001541,204497,P1004,59.97
9001542,207109,P1003,157.23
9001543,205914,P1001,48.62
9001544,208836,P1001,13.93
9001545,206014,P1006,81.2
9001546,206810,P1005,39.37
9001547,202294,P1005,29.07
9001548,210060,P1003,193.81
9001549,203108,P1004,100.27
9001550,201716,P1001,106.47
9001551,202007,P1003,72.7
9001552,209742,P1005,26.91
9001553,205521,P1006,164.81
9001554,211274,P1003,148.61
9001555,204794,P1002,118.76
9001556,210163,P1004,196.04
9001557,211841,P1005,24.52
9001558,204552,P1006,168.42
9001559,203925,P1006,116.33
9001560,201831,P1004,38.9
9001561,207829,P1006,118.13
9001562,207134,P1006,61.9
9001563,201204,P1004,56.46
9001564,203109,P1002,28.39
9001565,202187,P1004,153.66
9001566,208388,P1003,62.7
9001567,202099,P1005,59.44
9001568,203776,P1003,185.07
9001569,209839,P1005,80.01
9001570,208603,P1003,89.49
9001571,205323,P1003,137.18
9001572,204669,P1004,153.05
9001573,207025,P1004,55.85
9001574,205689,P1001,105.23
9001575,209938,P1001,121.18
9001576,210893,P1004,34.19
9001577,204452,P1004,79.8
9001578,204762,P1004,54.08
9001579,208013,P1001,250.93
9001580,200631,P1001,39.16
9001581,209901,P1003,39.34
9001582,211505,P1005,66.66
9001583,200232,P1006,22.73
9001584,201975,P1004,135.15
9001585,200607,P1005,213.52
9001586,203490,P1002,64.37
9001587,205117,P1005,45.55
9001588,209151,P1002,64.25
9001589,209380,P1005,93.83
9001590,200007,P1002,82.62
9001591,201691,P1003,104.86
9001592,209066,P1005,87.24
9001593,201464,P1006,119.61
9001594,205885,P1005,24.84
9001595,206416,P1003,246.82
9001596,208007,P1006,122.71
9001597,205766,P1003,144.67
9001598,204022,P1001,64.39
9001599,210329,P1005,73.83
9001600,203627,P1006,139.76
9001601,210847,P1006,78.39
9001602,211425,P1001,179.31
9001603,203078,P1002,23.57
9001604,210698,P1001,219.1
9001605,201089,P1003,47.84
9001606,207642,P1002,52.71
9001607,210451,P1003,53.26
9001608,204171,P1004,11.73
9001609,205136,P1005,85.12
9001610,201196,P1005,47.01
9001611,211082,P1002,86.22
9001612,200793,P1002,103.33
9001613,211761,P1006,20.79
9001614,203274,P1002,19.45
9001615,206628,P1003,85.25
9001616,208790,P1002,112.07
9001617,206159,P1003,64.8
9001618,203091,P1006,60.82
9001619,211019,P1006,34.11
9001620,203088,P1005,60.96
9001621,205707,P1006,190.11
9001622,206310,P1001,21.64
9001623,202612,P1004,63.28
9001624,209200,P1006,87.29
9001625,210186,P1005,221.26
9001626,211740,P1001,261.26
9001627,209907,P1003,64.51
9001628,211486,P1004,153.43
9001629,207691,P1004,72.78
9001630,206817,P1005,22.56
9001631,210127,P1006,16.2
9001632,207725,P1004,101.99
9001633,210031,P1005,75.01
9001634,203990,P1004,77.59
9001635,201776,P1003,69.58
9001636,201783,P1001,117.39
9001637,211607,P1003,240.49
9001638,207525,P1006,65.96
9001639,211360,P1006,84.49
9001640,201838,P1004,80.71
9001641,207671,P1003,71.44
9001642,210646,P1004,276.09
9001643,211783,P1004,170.72
9001644,201765,P1002,82.33
9001645,201622,P1003,58
9001646,207989,P1006,141.64
9001647,204780,P1001,165.14
9001648,200646,P1002,46.19
9001649,210167,P1004,175.37
9001650,208220,P1003,37.98
9001651,204192,P1003,84.14
9001652,202363,P1004,97.25
9001653,207052,P1003,60.62
9001654,207836,P1005,46.26
9001655,203601,P1001,166.61
9001656,210044,P1003,102
9001657,210878,P1001,72.64
9001658,200309,P1002,18.33
9001659,211020,P1002,228.79
9001660,204147,P1005,103.27
9001661,203525,P1002,248.58
9001662,201562,P1005,104.51
9001663,204487,P1003,73.15
9001664,203226,P1003,200.6
9001665,203970,P1002,138.38
9001666,204182,P1006,84.57
9001667,207136,P1003,163.64
9001668,211614,P1005,152.08
9001669,204532,P1004,314
9001670,204359,P1004,110.41
9001671,200782,P1001,38.87
9001672,208259,P1001,126.4
9001673,205706,P1001,42.65
9001674,203238,P1004,75.06
9001675,206280,P1006,202.99
9001676,202960,P1006,119.54
9001677,208918,P1001,147.44
9001678,204698,P1005,58.31
9001679,204227,P1005,107.09
9001680,207357,P1006,50.78
9001681,210957,P1005,96.69
9001682,207052,P1002,114.77
9001683,204026,P1006,36.57
9001684,204784,P1001,59.18
9001685,207357,P1005,8.53
9001686,202180,P1005,86.96
9001687,210845,P1001,99.14
9001688,209961,P1005,74.29
9001689,202392,P1004,216.11
9001690,206677,P1001,102.41
9001691,200750,P1005,33.11
9001692,207101,P1003,154.08
9001693,200852,P1002,93.77
9001694,208717,P1003,65.94
9001695,200773,P1004,170.83
9001696,202531,P1002,68.8
9001697,201809,P1003,56.84
9001698,211375,P1002,126.63
9001699,200962,P1004,117.55
9001700,209465,P1001,63.29
9001701,210202,P1003,76.89
9001702,209515,P1002,193.02
9001703,210595,P1005,163.75
9001704,208946,P1006,80.85
9001705,200038,P1005,70.61
9001706,202452,P1004,72.21
9001707,206523,P1001,34.09
9001708,207797,P1002,41.94
9001709,207718,P1002,78.07
9001710,202913,P1004,173.4
9001711,207913,P1004,74.51
9001712,206329,P1002,29.96
9001713,204108,P1005,114.2
9001714,210659,P1006,15.32
9001715,208133,P1006,83.29
9001716,206385,P1004,126.92
9001717,200934,P1005,204.44
9001718,200792,P1002,131.02
9001719,210054,P1002,57.91
9001720,208906,P1001,12.87
9001721,211072,P1005,102.49
9001722,211658,P1005,217.25
9001723,211588,P1002,29.62
9001724,209341,P1004,56
9001725,207859,P1006,45.63
9001726,207949,P1003,17.32
9001727,206643,P1003,66.52
9001728,200907,P1001,65.26
9001729,202766,P1006,75.65
9001730,203412,P1004,21.21
9001731,209900,P1003,22.92
9001732,200596,P1004,114.38
9001733,205636,P1002,43.09
9001734,204887,P1002,131.72
9001735,206905,P1001,57.88
9001736,207614,P1006,219.69
9001737,202942,P1003,171.23
9001738,209814,P1004,66.2
9001739,206330,P1002,36.36
9001740,204543,P1001,82.45
9001741,206285,P1002,32.31
9001742,204454,P1001,191.91
9001743,209301,P1004,223.25
9001744,202348,P1003,61.56
9001745,200488,P1006,66.52
9001746,200611,P1004,72.02
9001747,202481,P1003,204.84
9001748,208259,P1004,183.54
9001749,203704,P1006,51.59
9001750,205226,P1003,149.71
9001751,205402,P1005,12.24
9001752,206898,P1001,144.07
9001753,208053,P1003,110.09
9001754,208383,P1002,21.56
9001755,207755,P1006,99.59
9001756,204785,P1006,52.48
9001757,205540,P1003,43.54
9001758,210165,P1001,46.93
9001759,206645,P1003,110.47
9001760,205749,P1002,21.05
9001761,200206,P1006,220.05
9001762,206449,P1003,60.1
9001763,210844,P1001,48.83
9001764,209756,P1002,81.53
9001765,207055,P1006,63.08
9001766,203582,P1002,17.67
9001767,200690,P1002,22.33
9001768,208753,P1004,200.4
9001769,210575,P1004,82.8
9001770,203246,P1002,100.64
9001771,210286,P1002,55.27
9001772,209106,P1001,115.81
9001773,200638,P1003,294.56
9001774,207331,P1006,20.93
9001775,205174,P1004,121.11
9001776,211438,P1005,62.44
9001777,210095,P1001,287.68
9001778,205668,P1006,41.47
9001779,211048,P1001,145.89
9001780,208699,P1003,47.15
9001781,205804,P1004,70.45
9001782,200770,P1004,126.9
9001783,210976,P1006,90.31
9001784,208561,P1003,103.17
9001785,202490,P1003,124.96
9001786,206473,P1005,7.24
9001787,203121,P1004,149.21
9001788,202761,P1002,154.09
9001789,200818,P1006,28.34
9001790,209587,P1001,75.03
9001791,202244,P1006,55.42
9001792,202358,P1002,47.91
9001793,209366,P1004,94.96
9001794,206032,P1003,52.68
9001795,201439,P1006,214.54
9001796,207710,P1004,63.98
9001797,206311,P1006,29.33
9001798,201062,P1002,56.34
9001799,209544,P1004,52.76
9001800,206781,P1002,39.8
9001801,210136,P1003,264.98
9001802,201367,P1003,60.63
9001803,203313,P1006,165.43
9001804,210908,P1003,99.44
9001805,211866,P1002,185.67
9001806,202682,P1005,21.1
9001807,202471,P1005,67.98
9001808,206866,P1001,195.49
9001809,205314,P1003,34.57
9001810,211223,P1004,24.34
9001811,211631,P1005,94.35
9001812,205330,P1001,157.31
9001813,207255,P1005,31.94
9001814,200133,P1003,15.54
9001815,202251,P1001,119.71
9001816,204564,P1002,53.6
9001817,204764,P1006,78.68
9001818,207100,P1006,18.26
9001819,203770,P1001,25.22
9001820,206474,P1004,153.14
9001821,203935,P1001,78.67
9001822,211515,P1004,99.01
9001823,202060,P1003,62.96
9001824,201130,P1003,61.59
9001825,205449,P1001,326.56
9001826,201372,P1005,52.84
9001827,207756,P1006,81.19
9001828,204550,P1006,116.18
9001829,203935,P1003,64.52
9001830,205217,P1005,2.69
9001831,206147,P1003,145.05
9001832,209764,P1001,19.11
9001833,209978,P1001,102.82
9001834,202084,P1003,38.82
9001835,204648,P1005,215.8
9001836,200274,P1006,103.34
9001837,202469,P1004,26.41
9001838,208381,P1002,24.78
9001839,201582,P1003,127.99
9001840,205339,P1001,159.34
9001841,201811,P1003,47.5
9001842,200489,P1002,106.96
9001843,205372,P1002,54.82
9001844,211123,P1004,83.9
9001845,202108,P1003,18.47
9001846,200543,P1004,157.3
9001847,204552,P1001,99.77
9001848,205709,P1001,13.66
9001849,200677,P1005,21.77
9001850,204318,P1003,94.34
9001851,209283,P1001,146.16
9001852,211415,P1001,9.12
9001853,200706,P1001,64.07
9001854,205047,P1003,187.38
9001855,203112,P1004,36.17
9001856,202519,P1004,83.35
9001857,206982,P1002,34.64
9001858,210292,P1002,68.66
9001859,205687,P1006,49.08
9001860,206243,P1006,80.68
9001861,203039,P1002,238.86
9001862,201908,P1001,123.12
9001863,202593,P1004,37.87
9001864,201628,P1005,269.12
9001865,211575,P1002,26.08
9001866,207181,P1006,10.2
9001867,201619,P1002,73.33
9001868,200726,P1002,205.93
9001869,210317,P1004,3.65
9001870,204141,P1001,108.7
9001871,201414,P1006,128.93
9001872,208156,P1001,315.22
9001873,201783,P1005,148.87
9001874,208561,P1006,140.78
9001875,202649,P1003,23.34
9001876,207871,P1003,73.08
9001877,211835,P1002,245.44
9001878,201680,P1006,84.07
9001879,209252,P1005,65.64
9001880,200230,P1003,63.17
9001881,202600,P1006,30.7
9001882,207754,P1004,14.49
9001883,202366,P1001,65.38
9001884,204539,P1004,36.43
9001885,209818,P1006,74.78
9001886,206597,P1005,110.08
9001887,209514,P1003,79.39
9001888,201525,P1003,61.1
9001889,202565,P1006,94.22
9001890,201689,P1001,25.23
9001891,209553,  ,143.24
9001892,201973,P1002,161.53
9001893,210261,P1006,65.84
9001894,208520,P1005,155.3
9001895,204669,P1004,13.67
9001896,202463,P1006,93.21
9001897,209869,P1004,108.13
9001898,202534,P1002,251.61
9001899,210825,P1001,64.88
9001900,209771,P1004,107.06
9001901,210821,P1003,53.09
9001902,204465,P1003,47.73
9001903,208005,P1004,20.76
9001904,209686,P1005,52.77
9001905,200587,P1004,68.52
9001906,206001,P1004,49.73
9001907,207654,P1003,172.99
9001908,206895,P1004,92.14
9001909,204287,P1002,78.29
9001910,204274,P1006,97.29
9001911,200913,P1004,44.56
9001912,205622,P1002,14.57
9001913,211530,P1004,68.87
9001914,204827,P1005,44.67
9001915,204399,P1004,50.96
9001916,206512,P1003,69.97
9001917,211560,P1005,181.17
9001918,210671,P1005,79.57
9001919,203270,P1005,171.77
9001920,207413,P1004,52.12
9001921,203017,P1004,52.27
9001922,206948,P1001,124.14
9001923,203230,P1006,105.75
9001924,207530,P1004,218.65
9001925,206782,P1002,106.49
9001926,200201,P1001,67.21
9001927,207937,P1002,39.14
9001928,202758,P1006,104.04
9001929,209704,P1004,167.21
9001930,204958,P1002,32.35
9001931,206165,P1003,19.66
9001932,211679,P1005,38.69
9001933,211463,P1006,212.62
9001934,208870,P1001,96.7
9001935,211079,P1004,125.21
9001936,210903,P1001,149.48
9001937,203823,P1005,201.32
9001938,206662,P1004,153.96
9001939,201971,P1002,34.16
9001940,210398,P1002,94.03
9001941,208177,P1006,185.34
9001942,205565,P1006,89.81
9001943,210001,P1006,158.72
9001944,210843,P1006,176.23
9001945,208654,P1006,134.68
9001946,211865,P1001,27.93
9001947,202899,P1001,50.46
9001948,207953,P1003,119.11
9001949,206363,P1002,183.09
9001950,205755,P1001,154.03
9001951,207673,P1003,155.48
9001952,208505,P1006,59.81
9001953,206294,P1003,23.34
9001954,211376,P1005,64.99
9001955,203084,P1001,181.72
9001956,205546,P1003,79.25
9001957,206940,P1004,72.03
9001958,208255,P1003,70.81
9001959,210796,P1004,76.89
9001960,200567,P1003,69.76
9001961,210188,P1004,53.29
9001962,206960,P1001,51.99
9001963,209000,P1004,90.41
9001964,203636,P1006,50.03
9001965,200744,P1001,89.18
9001966,209164,P1001,94.7
9001967,210254,P1005,79.16
9001968,203493,P1005,106.53
9001969,204799,P1004,222.15
9001970,207196,P1001,28.23
9001971,207416,P1004,102.74
9001972,205960,P1001,171.87
9001973,209907,P1004,112.57
9001974,211929,P1005,79.08
9001975,209108,P1001,34.2
9001976,210423,P1003,135.17
9001977,207090,P1004,74.39
9001978,201051,P1002,64.2
9001979,211667,P1001,91.62
9001980,210923,P1006,81.87
9001981,210057,P1006,220.07
9001982,209166,P1001,88.56
9001983,208962,P1003,34.59
9001984,201333,P1002,31.99
9001985,204200,P1002,207.89
9001986,208941,P1005,87.48
9001987,207821,P1006,143.82
9001988,211004,P1004,44.71
9001989,202525,P1002,61.09
9001990,203591,P1006,15.81
9001991,201664,P1001,34.36
9001992,206646,P1003,29.87
9001993,208548,P1005,50.04
9001994,201827,P1002,110.16
9001995,211349,P1005,41.2
9001996,204410,P1006,94.32
9001997,201056,P1004,47.86
9001998,205895,P1004,136.57
9001999,210491,P1005,157.87
9002000,205171,P1001,65.96
9002001,208184,P1001,168.03
9002002,202261,P1001,124.84
9002003,204364,P1006,122.15
9002004,211746,P1005,67.66
9002005,211886,P1005,208.15
9002006,200222,P1006,83.85
9002007,201741,P1006,38.55
9002008,202110,P1003,71.18
9002009,202427,P1004,116.1
9002010,203577,P1003,27.59
9002011,206947,P1005,34.28
9002012,202974,P1006,31.94
9002013,206412,P1002,23.14
9002014,200721,P1002,99.95
9002015,206109,P1006,8.47
9002016,204818,P1006,70.88
9002017,205877,P1003,76.56
9002018,202867,P1002,218.26
9002019,201875,P1001,119.28
9002020,203982,P1001,191.18
9002021,207007,P1001,42.17
9002022,201286,P1003,125.71
9002023,210008,P1003,61.17
9002024,210343,P1006,3.6
9002025,210960,P1002,96.75
9002026,209402,P1004,143.51
9002027,200344,P1004,283.23
9002028,200177,P1006,135.76
9002029,211745,P1006,228.57
9002030,200380,P1005,164.99
9002031,208570,P1006,78.78
9002032,207968,P1001,212.44
9002033,207974,P1003,104.37
9002034,203235,P1005,144.78
9002035,210517,P1005,177.99
9002036,204252,P1001,47.14
9002037,205699,P1001,81.58
9002038,205803,P1003,31.2
9002039,200204,P1002,40.99
9002040,211304,P1002,29.72
9002041,202724,P1002,48.94
9002042,201439,P1006,225.14
9002043,203874,P1001,12.47
9002044,204297,P1005,36.52
9002045,210329,P1004,59.31
9002046,209120,P1002,205.94
9002047,203463,P1003,156.86
9002048,207045,P1006,250.51
9002049,211117,P1003,177.92
9002050,204376,P1002,298.77
9002051,210956,P1006,16.48
9002052,206109,P1002,66.25
9002053,202436,P1003,133.02
9002054,200425,P1002,65.4
9002055,205404,P1004,202.06
9002056,204171,P1002,125.96
9002057,202197,P1005,143.08
9002058,208300,P1001,71.63
9002059,210600,P1001,65.14
9002060,200207,P1005,109.99
9002061,211408,P1004,100.06
9002062,205830,P1006,267.24
9002063,207779,P1006,75.25
9002064,202079,P1005,146.1
9002065,201461,P1001,119.66
9002066,202259,P1002,41.51
9002067,203890,P1003,158.39
9002068,203606,P1006,83.77
9002069,206261,P1004,28.43
9002070,202574,P1006,60.28
9002071,202796,P1005,168.71
9002072,201350,P1001,271.44
9002073,201957,P1005,35.75
9002074,203401,P1003,73.66
9002075,203267,P1001,91.15
9002076,209144,P1004,39.24
9002077,210698,P1001,42.86
9002078,206977,P1003,52.3
9002079,203996,P1002,50.2
9002080,209247,P1003,277.49
9002081,206096,P1006,70.38
9002082,210021,P1003,196.07
9002083,202772,P1006,42.16
9002084,208561,P1001,97.34
9002085,204408,P1003,75.12
9002086,202445,P1006,247.43
9002087,209882,P1002,63.55
9002088,204572,P1003,56.8
9002089,204622,P1002,38.51
9002090,203567,P1001,112.92
9002091,207223,P1005,97.42
9002092,208979,P1006,62.42
9002093,203446,P1006,130.09
9002094,207381,P1006,92.25
9002095,200864,P1003,39.49
9002096,207538,P1003,83.8
9002097,210630,P1003,91.84
9002098,210393,P1004,38.62
9002099,200511,P1003,108.53
9002100,202843,P1005,14.82
9002101,209344,P1004,62.26
9002102,203238,P1002,126.88
9002103,201925,P1003,68.56
9002104,207841,P1003,113.5
9002105,203067,P1006,91.52
9002106,210158,P1004,89.82
9002107,210498,P1004,132.21
9002108,200133,P1001,315.14
9002109,211742,P1005,16.3
9002110,210910,P1006,39.76
9002111,206804,P1005,129.29
9002112,203200,P1002,94.95
9002113,200587,P1005,18.53
9002114,203879,P1006,58.71
9002115,210400,P1002,74.76
9002116,207674,P1003,76.27
9002117,206140,P1004,165.76
9002118,210954,P1001,57.29
9002119,209813,P1001,39.66
9002120,200789,P1003,187.97
9002121,210520,P1002,80.98
9002122,205601,P1004,78.06
9002123,202039,P1004,89.03
9002124,209699,P1001,179.28
9002125,205388,P1005,172.31
9002126,205935,P1005,64.72
9002127,205836,P1001,221.91
9002128,207193,P1003,107.47
9002129,209826,P1001,181.53
9002130,208551,P1006,99.75
9002131,204796,P1002,35.58
9002132,207511,P1002,47.14
9002133,204060,P1004,33.52
9002134,200172,P1002,115.17
9002135,204822,P1006,108.59
9002136,210635,P1005,55.34
9002137,210973,P1006,178.83
9002138,202930,P1004,113.78
9002139,202762,P1006,51.96
9002140,205120,P1003,107.29
9002141,210323,P1003,78.5
9002142,210097,P1001,264.6
9002143,202674,P1003,77.54
9002144,204189,P1001,144.83
9002145,207703,P1005,164.69
9002146,205229,P1002,64.46
9002147,200415,P1001,61.52
9002148,207254,P1005,38.03
9002149,208740,P1004,133.07
9002150,204191,P1001,85.68
9002151,206493,P1003,116.66
9002152,203328,P1006,249.17
9002153,211739,P1006,15.87
9002154,206236,P1004,151.38
9002155,200100,P1003,39.05
9002156,202139,P1006,46.52
9002157,204294,P1003,52.67
9002158,204731,P1001,81.1
9002159,208799,P1004,129.31
9002160,202547,P1005,11.33
9002161,204142,P1002,42.12
9002162,201478,P1006,241.61
9002163,204442,P1006,134.65
9002164,211609,P1006,121.22
9002165,206558,P1004,98.57
9002166,209851,P1004,95.43
9002167,205234,P1004,16.74
9002168,211465,P1001,274.07
9002169,211597,P1006,138.95
9002170,204992,P1004,92.16
9002171,210197,P1002,32.57
9002172,203116,P1005,198.54
9002173,205065,P1002,126.95
9002174,210764,P1005,39.88
9002175,208494,P1001,178.91
9002176,203055,P1002,35.17
9002177,202450,P1001,5.71
9002178,205133,P1002,84.58
9002179,206884,P1004,163.38
9002180,207428,P1006,52.8
9002181,200054,P1003,25.68
9002182,202537,P1002,70.75
9002183,205939,P1001,70.95
9002184,205809,P1005,43.41
9002185,211226,P1001,117.48
9002186,209461,P1002,127.07
9002187,209244,P1002,42.23
9002188,207174,P1005,133.67
9002189,206828,P1001,37.77
9002190,203989,P1002,108.53
9002191,200385,P1005,67.11
9002192,201712,P1001,45.27
9002193,200967,P1006,21.5
9002194,205352,P1006,27.67
9002195,205550,P1005,307.7
9002196,205570,P1005,340.63
9002197,201531,P1004,25.12
9002198,203317,P1006,183.19
9002199,200177,P1004,28.59
9002200,204654,P1002,22.12
9002201,202941,P1002,54.78
9002202,204541,P1004,184.52
9002203,207056,P1005,43.75
9002204,201314,P1004,56.96
9002205,206621,P1003,82
9002206,210822,P1005,57.69
9002207,201085,P1001,125.24
9002208,209525,P1002,98.99
9002209,208182,P1001,78.58
9002210,207242,P1006,149.6
9002211,208502,P1003,39.91
9002212,203062,P1006,93.88
9002213,207801,P1003,96.34
9002214,206641,P1003,133.6
9002215,211590,P1004,76.88
9002216,204382,P1002,88.54
9002217,210307,P1005,598.17
9002218,202534,P1005,130.92
9002219,202749,P1003,174.1
9002220,203353,P1001,31.82
9002221,204233,P1005,141.8
9002222,206911,P1004,93.38
9002223,206394,P1001,102.72
9002224,203583,P1006,91.08
9002225,200395,P1005,54.71
9002226,207646,P1003,50.22
9002227,204385,P1004,131.47
9002228,210279,P1004,144.93
9002229,205748,P1002,139.28
9002230,208841,P1006,73.52
9002231,209009,P1002,149.37
9002232,210584,P1006,52.6
9002233,210344,P1006,50.46
9002234,210558,P1003,107.37
9002235,202832,P1005,84.88
9002236,209002,P1004,75.33
9002237,203228,P1006,121.45
9002238,205817,P1001,28.5
9002239,202536,P1006,101.66
9002240,202610,P1006,48.13
9002241,203811,P1006,59.98
9002242,200654,P1003,99.2
9002243,211333,P1004,93.24
9002244,204596,P1003,25.16
9002245,207534,P1005,61.43
9002246,201404,P1002,144.9
9002247,201539,P1006,72.49
9002248,201397,P1001,114.92
9002249,200731,P1001,160.08
9002250,203562,P1005,93.32
9002251,200740,P1006,86.99
9002252,204085,P1003,79.96
9002253,205965,P1002,264.58
9002254,211681,P1005,29.54
9002255,202165,P1001,108.13
9002256,201684,P1002,22.05
9002257,209697,P1003,45.31
9002258,207441,P1001,177.63
9002259,202273,P1004,135.58
9002260,200367,P1001,43.98
9002261,201306,P1003,203.1
9002262,210094,P1002,79.42
9002263,200693,P1003,63.45
9002264,201307,P1001,49.74
9002265,211900,P1002,85.59
9002266,204650,P1006,67.19
9002267,202691,P1003,188.34
9002268,205881,P1005,110.35
9002269,207284,P1005,64.44
9002270,209469,P1001,21.66
9002271,200317,P1004,115.92
9002272,205726,P1004,60.7
9002273,206276,P1005,117.13
9002274,203297,P1005,63.53
9002275,204205,P1006,106.08
9002276,209533,P1003,77.64
9002277,202426,P1003,50.47
9002278,202399,P1006,79.23
9002279,207003,P1002,97.98
9002280,211547,P1005,46.1
9002281,211411,P1003,222.1
9002282,207752,P1004,11.45
9002283,201472,P1001,41.27
9002284,200295,P1003,83.78
9002285,200480,P1002,13.59
9002286,211465,P1006,136.85
9002287,206183,P1001,72.38
9002288,210324,P1003,87.8
9002289,206951,P1005,74.7
9002290,202425,P1005,23.43
9002291,207293,P1003,51.2
9002292,211731,P1001,172.76
9002293,209887,P1003,52.79
9002294,205027,P1002,77.93
9002295,208385,P1002,62.68
9002296,211695,P1001,191.38
9002297,211699,P1005,72.23
9002298,206167,P1006,78.54
9002299,209964,P1005,106.56
9002300,204861,P1003,42.87
9002301,208856,P1002,153.25
9002302,204434,P1003,43.03
9002303,204546,P1002,82.42
9002304,208888,P1001,179.02
9002305,202053,P1005,33.93
9002306,209205,P1006,127.44
9002307,208778,P1002,132.17
9002308,209794,P1001,62.91
9002309,206198,P1003,216.28
9002310,209220,P1001,94.05
9002311,200833,P1002,131.45
9002312,201760,P1005,118.89
9002313,205615,P1004,176.05
9002314,200621,P1003,113.58
9002315,203226,P1001,29.58
9002316,203603,P1005,158.09
9002317,204672,P1003,24.35
9002318,203955,P1002,118.38
9002319,202913,P1006,134.01
9002320,204639,P1003,44.77
9002321,209393,P1004,96.05
9002322,206810,P1005,32.69
9002323,201412,P1006,117.93
9002324,203274,P1002,101.63
9002325,200406,P1005,67.35
9002326,211670,P1005,37.84
9002327,208733,P1003,177.44
9002328,204517,P1003,188.18
9002329,208516,P1003,203.14
9002330,202585,P1003,19.36
9002331,203028,P1006,47.4
9002332,204780,P1002,155.85
9002333,201183,P1003,33.53
9002334,205359,P1001,112.28
9002335,203913,P1004,216.73
9002336,206566,P1005,171.72
9002337,207493,P1006,111.88
9002338,202246,P1006,63.68
9002339,207350,P1005,122.2
9002340,205346,P1002,77.73
9002341,210604,P1002,111.46
9002342,211244,P1002,143.27
9002343,211416,P1004,150.66
9002344,201574,P1003,142.39
9002345,203455,P1006,113.82
9002346,209576,P1005,80.96
9002347,200993,P1002,148.85
9002348,202912,P1002,71.95
9002349,204223,P1001,154.68
9002350,203933,P1001,42.2
9002351,202131,P1001,322.52
9002352,210648,P1001,430.49
9002353,205242,P1005,72.58
9002354,205526,P1004,80.49
9002355,205935,P1001,137.88
9002356,211088,P1001,64.69
9002357,211906,P1005,66.78
9002358,200164,P1005,109.52
9002359,209061,P1006,44.76
9002360,206610,P1001,298.11
9002361,207916,P1005,93.83
9002362,200891,P1004,199.86
9002363,206010,P1003,66.99
9002364,206042,P1006,111
9002365,211407,P1003,21.8
9002366,209054,P1001,11.84
9002367,207564,P1006,40.96
9002368,201709,P1002,56.01
9002369,204201,P1006,49.74
9002370,202644,P1001,171.73
9002371,202779,P1004,26.69
9002372,210054,P1004,34.25
9002373,206565,P1002,27.72
9002374,208988,P1005,143.14
9002375,206523,P1004,91.98
9002376,206827,P1006,163.32
9002377,200575,P1005,82.9
9002378,207044,P1002,29.1
9002379,205323,P1001,109.4
9002380,202348,P1003,116.41
9002381,206842,P1003,40.87
9002382,206172,P1005,56.57
9002383,203013,P1005,106.04
9002384,210748,P1003,55.55
9002385,211286,P1004,72.96
9002386,205175,P1006,85.88
9002387,201517,P1001,15.85
9002388,200850,P1003,33.56
9002389,210530,P1005,86.57
9002390,211251,P1001,151.82
9002391,207157,P1003,82.1
9002392,209343,P1005,15.57
9002393,201224,P1001,110.15
9002394,200888,P1004,173.12
9002395,203867,P1006,220.78
9002396,205008,P1001,134.49
9002397,204584,P1003,84.35
9002398,201823,P1002,264.15
9002399,200705,P1001,42.3
9002400,210573,P1001,74.24
9002401,206602,P1005,42.26
9002402,207828,P1003,278.11
9002403,206659,P1004,41.14
9002404,211120,P1006,95.33
9002405,202249,P1003,90.14
9002406,205619,P1001,34.54
9002407,203353,P1003,112.7
9002408,211843,P1006,50.21
9002409,208479,P1003,15.73
9002410,200911,P1005,97.83
9002411,200648,P1003,121.94
9002412,202786,P1002,292.59
9002413,203152,P1004,52.87
9002414,209666,P1006,72.7
9002415,211647,P1001,101.93
9002416,207066,P1001,54.6
9002417,210149,P1006,60.72
9002418,211012,P1001,52.94
9002419,202241,P1002,37.16
9002420,204467,P1006,88.25
9002421,202515,P1002,101.15
9002422,200028,P1006,48.2
9002423,201198,P1004,228.93
9002424,205601,P1002,149.26
9002425,203210,P1005,173.16
9002426,201653,P1001,172.96
9002427,207153,P1001,17.91
9002428,201885,P1001,31.22
9002429,202281,P1001,35.4
9002430,202566,P1001,72.6
9002431,205226,P1003,55.28
9002432,202420,P1003,161.44
9002433,202300,P1005,213.76
9002434,205044,P1005,76.01
9002435,206134,P1001,167.37
9002436,206748,P1002,98.67
9002437,205757,P1006,37.25
9002438,209886,P1001,87.32
9002439,209333,P1002,79.14
9002440,200340,P1003,48.63
9002441,206408,P1005,94.09
9002442,200741,P1001,170.74
9002443,207738,P1002,258.96
9002444,204120,P1005,197.8
9002445,209942,P1006,159.8
9002446,205035,P1004,146.05
9002447,211468,P1004,247.57
9002448,201176,P1003,192.74
9002449,203736,P1002,29.88
9002450,209194,P1004,55.16
9002451,205170,P1006,83.77
9002452,203045,P1001,63.06
9002453,210582,P1005,96.49
9002454,211814,P1001,16.01
9002455,204477,P1003,190.17
9002456,207808,P1005,59.53
9002457,206687,P1003,52.47
9002458,200809,P1006,99.27
9002459,205600,P1004,99.1
9002460,210850,P1004,48.57
9002461,205057,P1006,293.9
9002462,205402,P1002,53.75
9002463,211598,P1005,87.88
9002464,209609,P1006,128.75
9002465,208716,P1001,59.43
9002466,208640,P1003,155.17
9002467,204781,P1005,66.81
9002468,203450,P1001,79.5
9002469,211611,P1003,53.03
9002470,205906,P1004,175.64
9002471,202073,P1003,68.12
9002472,200596,P1004,63.16
9002473,200346,P1002,167.56
9002474,200476,P1003,206.41
9002475,205475,P1002,59.72
9002476,204036,P1002,147.81
9002477,200675,P1001,59.76
9002478,210974,P1001,48.08
9002479,211616,P1002,18.62
9002480,208792,P1003,118.8
9002481,210021,P1001,40.14
9002482,209146,P1001,83.9
9002483,211354,P1004,64.06
9002484,205046,P1003,111.67
9002485,208475,P1006,117.64
9002486,211449,P1004,76.06
9002487,207536,P1005,37.75
9002488,206774,P1001,79.28
9002489,200293,P1003,138.02
9002490,207236,P1003,177.91
9002491,205569,P1004,98.26
9002492,210699,P1004,216.08
9002493,202265,P1001,98.83
9002494,202804,P1001,6.26
9002495,200291,P1004,199.71
9002496,202653,P1003,164.98
9002497,200608,P1005,150.86
9002498,206551,P1001,111.71
9002499,211017,P1001,88.17
9002500,206509,P1003,206.93
9002501,203215,P1002,252.85
9002502,207579,P1002,38.99
9002503,208667,P1003,142.24
9002504,201213,P1004,172.66
9002505,210392,P1002,166.94
9002506,203362,P1006,74.98
9002507,201731,P1005,131.84
9002508,203082,P1001,49.68
9002509,205081,P1004,49.6
9002510,205844,P1004,62.28
9002511,204048,P1004,77.21
9002512,207041,P1002,49.54
9002513,210651,P1001,235.1
9002514,205158,P1003,54.36
9002515,211099,P1005,38.83
9002516,210613,P1002,71.56
9002517,206069,P1002,185.34
9002518,204922,P1004,44.6
9002519,204453,P1004,58.45
9002520,206415,P1005,25.49
9002521,203630,P1005,20.3
9002522,201457,P1004,68.81
9002523,205149,P1003,22.63
9002524,205991,P1001,112.31
9002525,203968,P1005,353.7
9002526,211385,P1004,292.3
9002527,209326,P1004,69.69
9002528,210675,P1003,75.43
9002529,203078,P1001,70.27
9002530,200150,P1001,112.31
9002531,205754,P1006,33.1
9002532,211760,P1002,125.71
9002533,204408,P1003,211.23
9002534,206669,P1001,76.2
9002535,209351,P1004,112.14
9002536,209770,P1001,42.57
9002537,200233,P1002,163.96
9002538,202772,P1001,50.54
9002539,211462,P1003,59.2
9002540,200784,P1002,247.95
9002541,208945,P1004,210.06
9002542,210638,P1005,214.21
9002543,209815,P1006,8.57
9002544,205849,P1005,108.65
9002545,205370,P1006,26.44
9002546,203136,P1006,118.13
9002547,209723,P1003,103.65
9002548,203134,P1001,17.48
9002549,200739,P1005,76.58
9002550,204566,P1002,151.55
9002551,211098,P1006,133.64
9002552,202641,P1005,80.24
9002553,200099,P1003,102.54
9002554,202963,P1005,50.53
9002555,201930,P1004,156.69
9002556,207236,P1003,90.89
9002557,206829,P1005,119.96
9002558,211044,P1003,104.76
9002559,204742,P1001,123.85
9002560,207721,P1004,50.55
9002561,202116,P1001,63.71
9002562,206400,P1005,66.35
9002563,203671,P1004,12.63
9002564,201926,P1004,61.42
9002565,211309,P1002,22.48
9002566,200076,P1005,74.08
9002567,208569,P1005,63.32
9002568,210225,P1005,32.64
9002569,207865,P1002,24.15
9002570,210260,P1001,50.81
9002571,200588,P1003,168.99
9002572,210434,P1003,44.17
9002573,206571,P1003,164.27
9002574,202093,P1003,39.21
9002575,211170,P1004,106.55
9002576,200314,P1001,123.25
9002577,209008,P1003,29.22
9002578,205713,P1002,82.56
9002579,200337,P1001,126.03
9002580,205412,P1001,29.28
9002581,209433,P1002,48.81
9002582,206127,P1001,149.76
9002583,204938,P1002,39.66
9002584,208576,P1002,143.57
9002585,200115,P1001,206.92
9002586,210332,P1003,79.61
9002587,204904,P1002,89.77
9002588,205895,P1001,216.91
9002589,200973,P1001,52.51
9002590,209280,P1002,71.67
9002591,203496,P1006,23.22
9002592,200068,P1004,193.5
9002593,208575,P1002,47.54
9002594,202539,P1005,51.57
9002595,200865,P1004,27.04
9002596,202950,P1003,123.3
9002597,207375,P1006,73.35
9002598,204660,P1006,39.6
9002599,200345,P1006,77.43
9002600,210304,P1002,185.33
9002601,207166,P1002,93.5
9002602,202084,P1006,213.17
9002603,210438,P1005,119.97
9002604,209989,P1004,169.02
9002605,201515,P1006,135.13
9002606,201899,P1003,213.37
9002607,202547,P1001,214.13
9002608,201878,P1001,177.71
9002609,210166,P1006,180.29
9002610,204327,P1004,165.36
9002611,200520,P1005,156.93
9002612,205699,P1003,193.89
9002613,202053,,75.19
9002614,210277,P1003,11.75
9002615,208397,P1001,41.93
9002616,207061,P1002,17.16
9002617,206809,P1001,68.25
9002618,203465,P1003,102.11
9002619,206753,P1001,65.91
9002620,201823,P1006,144.77
9002621,200610,P1001,207.05
9002622,206835,P1005,214.86
9002623,211355,P1005,116.57
9002624,209205,P1003,93.82
9002625,209710,P1001,35.09
9002626,205286,P1006,37.59
9002627,202783,P1006,51.56
9002628,202705,P1002,119.56
9002629,201730,P1004,157.44
9002630,203618,P1006,66.89
9002631,205911,P1006,57.05
9002632,205390,P1003,59.36
9002633,208678,P1006,72.49
9002634,210444,P1003,22.56
9002635,201953,P1001,59.39
9002636,210880,P1004,180.23
9002637,208734,P1005,131.72
9002638,201262,P1003,78.51
9002639,201901,P1004,71.94
9002640,200858,P1004,107.95
9002641,208843,P1005,90.54
9002642,203415,P1005,42.99
9002643,202111,P1004,370.21
9002644,200021,P1002,126.7
9002645,206569,P1005,10.62
9002646,206270,P1004,145.11
9002647,202338,P1001,154.82
9002648,211448,P1005,104.35
9002649,200558,P1002,102.6
9002650,209156,P1004,65.41
9002651,203833,P1004,36.57
9002652,203730,P1005,361.75
9002653,200414,P1001,69.95
9002654,200232,P1003,98.63
9002655,207177,P1005,77.22
9002656,207748,P1006,172.56
9002657,209628,P1003,169.76
9002658,208818,P1002,73.4
9002659,211913,P1003,54.86
9002660,210353,P1005,60.73
9002661,209441,P1004,267.35
9002662,210293,P1004,33.78
9002663,206743,P1005,52.97
9002664,208780,P1002,42.07
9002665,211703,P1001,108.18
9002666,206599,P1005,102.02
9002667,203329,P1005,90.71
9002668,204564,P1002,118.19
9002669,209196,,50.07
9002670,203934,P1006,91.48
9002671,202138,P1004,37.64
9002672,209442,P1002,123.93
9002673,209040,P1001,112.32
9002674,207178,P1003,33.72
9002675,202477,P1005,76.61
9002676,210974,P1004,85.06
9002677,211016,P1002,78.81
9002678,209152,P1003,136.3
9002679,205713,P1001,18.09
9002680,202818,P1002,217.64
9002681,210175,P1004,89.04
9002682,201424,P1001,78.99
9002683,211842,P1006,37.7
9002684,200106,P1001,104.14
9002685,209274,P1006,143.28
9002686,200922,P1002,82.16
9002687,206406,P1003,107.45
9002688,204344,P1006,80.16
9002689,200156,P1002,7.94
9002690,211060,P1004,154.93
9002691,202465,P1005,56.83
9002692,203885,P1002,117.55
9002693,209306,P1006,136.24
9002694,200365,P1005,60.39
9002695,206296,P1005,108.59
9002696,210133,P1001,71.03
9002697,205592,P1005,92.3
9002698,205408,P1005,54.67
9002699,211393,P1006,40.61
9002700,206371,P1005,121.04
9002701,208017,P1003,46.24
9002702,207644,P1003,101.58
9002703,201519,P1006,148.91
9002704,201192,P1005,94.67
9002705,207207,P1004,29.68
9002706,206217,P1003,125.14
9002707,202903,P1001,43.66
9002708,203452,P1004,52.62
9002709,206649,P1002,97.52
9002710,202928,P1003,132.68
9002711,208173,P1005,123.26
9002712,200323,P1003,89.11
9002713,206678,,56.64
9002714,205785,P1005,54
9002715,202907,P1004,7.11
9002716,200544,P1005,75
9002717,203965,P1004,83.31
9002718,201042,P1005,121.88
9002719,207022,P1002,97.65
9002720,207137,P1005,13.81
9002721,208491,P1002,70.29
9002722,207511,P1004,41.47
9002723,206389,P1001,17.09
9002724,210314,P1002,34.07
9002725,206201,P1002,150.57
9002726,210958,P1006,135.99
9002727,200222,P1004,218.56
9002728,205904,P1005,40.71
9002729,200792,P1001,172.92
9002730,209847,,17.96
9002731,209726,P1004,82.07
9002732,202143,P1006,44.23
9002733,207300,P1002,146.14
9002734,206461,P1002,18.89
9002735,211725,P1006,99.92
9002736,211081,P1004,24.09
9002737,202157,P1001,22.44
9002738,200773,P1005,163.99
9002739,206126,P1004,88.87
9002740,209439,P1005,81.29
9002741,211228,P1001,73
9002742,201923,P1005,36.32
9002743,204086,P1006,150.99
9002744,200514,P1006,44.95
9002745,207965,P1005,164.21
9002746,206415,P1003,140.08
9002747,205166,P1003,72.18
9002748,210439,P1002,145.35
9002749,204359,P1003,54.22
9002750,203985,P1005,110.42
9002751,210137,P1002,34.43
9002752,202728,P1003,83.11
9002753,207382,P1002,33.42
9002754,203739,P1005,75.82
9002755,203965,P1006,151.32
9002756,202718,P1003,27.02
9002757,210059,P1001,117.12
9002758,206200,P1004,40.48
9002759,210974,P1003,81.63
9002760,201270,P1004,68.67
9002761,211785,P1001,29.84
9002762,202132,P1002,280.97
9002763,202730,P1004,133.77
9002764,209311,P1001,365
9002765,203708,P1003,90
9002766,202641,P1002,152.96
9002767,200351,P1002,150.68
9002768,208039,P1003,176.94
9002769,204942,P1001,224.07
9002770,205357,P1006,130.17
9002771,210963,P1003,36.17
9002772,201322,P1003,90.32
9002773,202554,P1002,146.26
9002774,204348,P1002,71.27
9002775,210633,P1003,101.69
9002776,202602,P1001,85.35
9002777,208505,P1005,99.49
9002778,209224,P1001,59.87
9002779,208365,P1002,43.16
9002780,210729,P1003,67.01
9002781,202947,P1005,55.13
9002782,208228,P1004,121.48
9002783,202039,P1002,112.8
9002784,205940,P1001,168.67
9002785,208446,P1002,135.73
9002786,211636,P1003,57.03
9002787,202310,P1004,38.13
9002788,202313,P1001,62.74
9002789,200652,P1004,66.98
9002790,200968,P1002,68.16
9002791,206640,P1006,21.46
9002792,202546,P1006,75
9002793,202891,P1006,22.12
9002794,205824,P1006,43.91
9002795,204397,P1001,39.63
9002796,208896,P1005,9.4
9002797,204674,P1004,43.09
9002798,201150,P1004,37.91
9002799,204718,P1006,128.17
9002800,211268,P1005,87.98
9002801,203601,P1003,28.53
9002802,205964,P1001,206.93
9002803,204477,P1005,53.09
9002804,209647,P1004,162.97
9002805,200107,P1004,224.91
9002806,208359,P1005,110.18
9002807,204305,P1006,270.63
9002808,201082,P1001,37.6
9002809,208403,P1003,47.86
9002810,209880,P1004,182.89
9002811,205574,P1004,271.47
9002812,204047,P1004,80.65
9002813,201435,P1001,27.8
9002814,206537,P1001,137.27
9002815,211057,P1001,115.9
9002816,207452,P1005,117.17
9002817,203293,P1003,239.82
9002818,204136,P1001,153.78
9002819,208994,P1006,67.12
9002820,203037,P1004,53.26
9002821,205953,P1003,157.64
9002822,204906,P1004,31.58
9002823,204056,P1005,106.73
9002824,208754,P1004,72.98
9002825,209437,P1004,190.2
9002826,207808,P1006,96.84
9002827,208257,P1003,37.47
9002828,205858,P1006,38.25
9002829,204584,P1002,147.76
9002830,209747,P1002,116.9
9002831,204140,P1005,197.98
9002832,202307,P1002,101.72
9002833,201945,P1002,136.66
9002834,210641,P1003,54.68
9002835,205669,P1001,21.82
9002836,204739,P1005,26.13
9002837,207367,P1001,12.89
9002838,200258,P1001,58.18
9002839,200769,P1001,126.99
9002840,206398,P1006,102.85
9002841,208038,P1004,104.51
9002842,205656,P1001,155.29
9002843,208690,P1002,18.32
9002844,203260,P1002,116.05
9002845,201962,P1005,102.96
9002846,206397,P1002,114.71
9002847,211833,P1004,35.97
9002848,208371,P1005,58.38
9002849,207112,P1003,22.19
9002850,211190,P1006,42.29
9002851,200523,P1002,56.15
9002852,200426,P1005,69.33
9002853,205384,P1003,113.89
9002854,206951,P1001,359.25
9002855,204087,P1001,175.73
9002856,211522,P1002,6.51
9002857,202848,P1001,133.16
9002858,204149,P1001,45.49
9002859,209354,P1005,43.2
9002860,210918,P1001,157.81
9002861,206987,P1003,5.82
9002862,204023,P1004,68.31
9002863,208023,P1001,43.72
9002864,208822,P1002,107.18
9002865,207573,P1006,60.71
9002866,204904,P1004,58.14
9002867,200882,P1001,127.28
9002868,207603,P1003,47.28
9002869,207548,P1005,99.06
9002870,208012,P1006,23.72
9002871,207268,P1005,98.77
9002872,201724,P1001,157.2
9002873,200520,P1004,156.27
9002874,202189,P1005,2.4
9002875,200473,P1001,142.58
9002876,206161,P1006,81.62
9002877,207927,P1006,103.23
9002878,201905,P1006,256.65
9002879,207794,P1005,38.84
9002880,209917,P1004,172.23
9002881,203651,P1004,85.93
9002882,207704,P1006,97.05
9002883,209705,P1005,29.21
9002884,200960,P1004,91.91
9002885,211252,P1003,41.37
9002886,210352,P1003,40.84
9002887,208005,P1003,104.83
9002888,209568,P1005,128.08
9002889,211326,P1001,116.32
9002890,210283,P1002,30.81
9002891,200933,P1004,148.15
9002892,200073,P1006,100.44
9002893,211622,P1003,116.63
9002894,201153,P1003,9.13
9002895,206234,P1004,121.01
9002896,201817,P1002,51.17
9002897,210412,P1001,68.78
9002898,201038,P1002,104.13
9002899,207250,P1001,101.57
9002900,207745,P1006,52.49
9002901,204727,P1002,33.24
9002902,211501,P1001,16.8
9002903,206244,P1002,68.74
9002904,208709,P1005,95.75
9002905,207039,P1001,65.16
9002906,200743,P1003,186.68
9002907,205874,P1003,96.61
9002908,210732,P1001,60.27
9002909,209065,P1001,49.57
9002910,204097,P1005,132.39
9002911,201994,P1004,76.29
9002912,205554,P1005,26.97
9002913,205179,P1003,132.82
9002914,208588,P1002,91.38
9002915,210653,P1003,49.37
9002916,207043,P1001,87.77
9002917,203032,P1006,34.54
9002918,210412,P1001,17.28
9002919,201192,P1001,68.1
9002920,202352,P1006,79.61
9002921,201649,P1004,109.89
9002922,202712,P1002,33.52
9002923,210109,P1003,144.08
9002924,201627,P1003,8.38
9002925,203550,P1006,109.43
9002926,203029,P1004,65.88
9002927,205630,P1006,116.11
9002928,206183,P1002,91.43
9002929,208518,P1002,54.61
9002930,201348,P1005,209.67
9002931,201150,P1006,71.94
9002932,210514,P1002,155.43
9002933,209832,P1002,47.83
9002934,209696,P1001,35.38
9002935,207296,P1005,81.13
9002936,209156,P1001,38.51
9002937,206891,P1005,8.52
9002938,211442,P1006,315.16
9002939,206857,P1006,60.51
9002940,206711,P1001,113.06
9002941,204415,P1006,116.26
9002942,208286,P1001,149.36
9002943,202692,P1004,53.79
9002944,203371,P1003,111.71
9002945,204249,P1005,53.12
9002946,210971,P1001,30.37
9002947,200380,P1001,61.78
9002948,210137,P1006,49.37
9002949,206828,P1005,89.87
9002950,207680,P1001,82.31
9002951,205610,P1005,20.9
9002952,202309,P1005,73.78
9002953,200265,P1002,130.18
9002954,206952,P1003,69.24
9002955,202170,P1001,23.55
9002956,204331,P1006,163.37
9002957,211206,P1005,115.8
9002958,202402,P1003,49.22
9002959,208363,P1003,175.11
9002960,205722,P1003,19.56
9002961,202862,P1002,123.8
9002962,207497,P1004,108.57
9002963,211766,P1002,100.47
9002964,210474,P1005,271.9
9002965,210113,P1005,35.04
9002966,204589,P1006,44.19
9002967,208396,P1001,99.44
9002968,202358,P1004,70.38
9002969,211284,P1005,114.19
9002970,203652,P1003,47.39
9002971,201353,P1004,86.23
9002972,206854,P1005,32.65
9002973,203587,P1003,117.95
9002974,207514,P1005,190.96
9002975,205071,P1004,27.56
9002976,203999,P1006,116.31
9002977,200441,P1002,67.63
9002978,210055,P1002,29.04
9002979,207112,P1006,54.05
9002980,205062,P1002,105.86
9002981,209921,P1001,52.99
9002982,206688,P1003,120.36
9002983,206920,P1003,41.8
9002984,209604,P1004,128.92
9002985,205819,P1003,47.85
9002986,210576,P1002,144.73
9002987,211491,P1002,220.69
9002988,205651,P1003,116.68
9002989,209966,P1001,59.59
9002990,200380,P1003,29.25
9002991,207328,P1005,196.39
9002992,209036,P1003,183.17
9002993,210329,P1006,59.02
9002994,201932,P1006,30.5
9002995,211204,P1003,46.4
9002996,206953,P1006,68.28
9002997,206399,P1006,210.6
9002998,210701,P1005,96.55
9002999,207621,P1004,128.2
9003000,207281,P1001,31.97
9003001,210015,P1002,53.23
9003002,210328,P1002,66.41
9003003,206052,P1005,45.48
9003004,205075,P1002,251.46
9003005,204732,P1003,88.81
9003006,201325,P1004,79
9003007,202670,P1005,35.78
9003008,205113,P1001,28.22
9003009,204239,P1003,7.27
9003010,209945,P1005,324.06
9003011,203168,P1004,150.45
9003012,203070,P1004,177.02
9003013,207137,P1004,50.07
9003014,211457,P1003,86.48
9003015,203548,P1002,175.29
9003016,201763,P1006,82.64
9003017,203366,P1002,147.15
9003018,208339,P1005,87.94
9003019,207813,P1006,24.85
9003020,209551,P1005,120.12
9003021,203192,P1006,32.36
9003022,202867,P1004,113.24
9003023,206043,P1004,45.41
9003024,208895,P1004,126.54
9003025,205651,P1005,40.87
9003026,210956,P1003,237.01
9003027,202138,P1001,10.87
9003028,203950,P1003,114.17
9003029,202139,P1004,80.54
9003030,203128,P1006,50.25
9003031,202566,P1004,135.81
9003032,203721,P1006,26.62
9003033,208194,P1003,34.19
9003034,206058,P1005,72.35
9003035,205388,P1003,252.52
9003036,210601,P1005,68.77
9003037,201945,P1001,229.3
9003038,203992,P1004,52.67
9003039,207540,P1002,91.77
9003040,211447,P1006,53.11
9003041,205304,P1005,78.27
9003042,209272,P1004,172.69
9003043,200610,P1005,151.14
9003044,206811,P1006,40.75
9003045,211640,P1001,294.23
9003046,208161,P1001,53.31
9003047,209240,P1003,116.98
9003048,211536,P1004,42.98
9003049,204472,P1003,129.38
9003050,201533,P1002,248.7
9003051,208281,P1003,41.53
9003052,205850,P1005,106.96
9003053,201472,P1002,294.79
9003054,203868,P1001,52.92
9003055,211659,P1001,39.23
9003056,211114,P1003,216.89
9003057,201409,P1006,274.39
9003058,206135,P1003,45.96
9003059,204807,P1006,126.62
9003060,204061,P1002,127.96
9003061,211154,P1001,62.74
9003062,201249,P1003,10.65
9003063,211914,P1003,36.16
9003064,210539,P1004,41.11
9003065,209416,P1001,84.5
9003066,201509,P1002,87.05
9003067,206927,P1004,40.87
9003068,206279,P1003,26.54
9003069,207206,P1004,71.15
9003070,209834,P1005,84.67
9003071,200309,P1001,77.28
9003072,208005,P1003,8.87
9003073,205606,P1003,351.3
9003074,209953,P1001,165.03
9003075,207528,P1005,273.88
9003076,207000,P1004,74.21
9003077,201463,P1002,309.14
9003078,208888,P1002,112.74
9003079,200196,P1002,46.51
9003080,206943,P1001,48.48
9003081,203595,P1004,138.14
9003082,205624,P1005,104.11
9003083,211558,P1002,103.31
9003084,209399,P1004,99.74
9003085,209199,P1004,57.75
9003086,203851,P1003,21.51
9003087,210202,P1001,101.58
9003088,202126,P1004,15.51
9003089,209832,P1003,54.82
9003090,201394,P1004,101.2
9003091,202093,P1003,77.64
9003092,201113,P1005,164.11
9003093,203729,P1002,136.49
9003094,208405,P1005,140.96
9003095,202331,P1006,140.86
9003096,203209,P1006,10.68
9003097,207820,P1002,137.33
9003098,210904,P1004,89.5
9003099,209080,P1001,81.11
9003100,201830,P1002,6.62
9003101,207142,P1006,66.44
9003102,206043,P1004,214.96
9003103,208508,P1002,78.45
9003104,209587,P1003,216.97
9003105,206970,P1002,100.12
9003106,208505,P1005,97.53
9003107,206063,P1005,79.23
9003108,200273,P1006,32.07
9003109,208731,P1002,244.11
9003110,209063,P1004,182.58
9003111,209000,P1005,85.53
9003112,211403,P1004,154.88
9003113,210544,P1005,64.45
9003114,202769,P1002,90.48
9003115,201683,P1004,99.06
9003116,209947,P1006,103.37
9003117,200349,P1004,43.56
9003118,206814,P1003,69.28
9003119,202507,P1002,176.71
9003120,202769,P1002,36.82
9003121,207773,P1003,1.86
9003122,211700,P1006,89.37
9003123,203270,P1004,107.75
9003124,210957,P1006,60.82
9003125,203949,P1001,85.19
9003126,209542,P1006,83.16
9003127,204362,P1004,95.99
9003128,200027,P1006,143.48
9003129,200149,P1003,77.08
9003130,207966,P1002,39.08
9003131,210635,P1001,62.81
9003132,205331,P1004,192.12
9003133,209413,P1005,31.89
9003134,203179,P1004,20.78
9003135,201521,P1001,86.1
9003136,210192,P1004,62.41
9003137,208335,P1004,13.04
9003138,202025,P1003,39.25
9003139,204175,P1004,133.33
9003140,201477,P1005,103.3
9003141,202981,P1004,59.13
9003142,207204,P1002,195.64
9003143,210498,P1004,33.23
9003144,207576,P1006,65.79
9003145,202703,P1001,60.45
9003146,209330,P1001,123.26
9003147,201362,P1003,23.94
9003148,203484,P1006,78.57
9003149,201447,P1001,346.08
9003150,207905,P1001,43.47
9003151,203869,P1003,173.5
9003152,208769,P1001,68.72
9003153,201028,P1002,50.12
9003154,211541,P1002,91.27
9003155,202257,P1006,83.22
9003156,211877,P1002,32.56
9003157,207117,P1004,190.7
9003158,209029,P1004,158.46
9003159,211436,P1001,276.58
9003160,203466,P1006,128.71
9003161,201248,P1002,167.23
9003162,205271,P1006,81.86
9003163,202149,P1005,83.14
9003164,203124,P1001,186.59
9003165,204296,P1005,49.82
9003166,204536,P1001,82.65
9003167,201405,P1005,93.17
9003168,201872,P1003,88.75
9003169,211218,P1005,187.33
9003170,208387,P1006,168.2
9003171,203355,P1004,51.69
9003172,201873,P1004,126.76
9003173,201595,P1003,228.29
9003174,209324,P1003,56.96
9003175,210012,P1001,80.13
9003176,204947,P1001,23.96
9003177,204024,P1004,41.54
9003178,205334,P1006,24.88
9003179,202892,P1002,94.05
9003180,211473,P1005,146.06
9003181,200272,P1006,303.68
9003182,208395,P1005,20.71
9003183,204244,P1005,92.91
9003184,200567,P1006,89.2
9003185,209135,P1004,8.23
9003186,209927,P1005,70.31
9003187,211742,P1004,140.14
9003188,207082,P1006,72.67
9003189,208207,P1001,107.42
9003190,209513,P1004,31.05
9003191,210407,P1003,72
9003192,206193,P1003,118.18
9003193,204499,P1006,63.08
9003194,206616,P1002,153.6
9003195,201715,P1004,163.82
9003196,209222,P1001,64.78
9003197,200154,P1002,278.09
9003198,207218,P1001,130.52
9003199,206542,P1001,88.94
9003200,201646,P1005,63.84
9003201,205499,P1005,54.08
9003202,209383,P1006,149.48
9003203,211353,P1004,34.61
9003204,203896,P1004,105.47
9003205,210649,P1004,117.75
9003206,202464,P1001,151.63
9003207,202827,P1004,259.42
9003208,206744,P1001,37.69
9003209,205027,P1005,365.98
9003210,203605,  ,135.01
9003211,209866,P1005,216.75
9003212,209704,P1004,82.03
9003213,208789,P1006,133.64
9003214,209334,P1002,49.32
9003215,211927,P1006,128.53
9003216,211504,P1002,57.28
9003217,207973,P1006,69.61
9003218,201111,P1004,142.82
9003219,204705,P1006,69.96
9003220,208612,P1002,115.67
9003221,206697,P1004,113.18
9003222,203878,P1006,41.07
9003223,208646,P1003,116.13
9003224,210635,P1003,3.18
9003225,211116,P1003,173.91
9003226,200459,P1003,61.26
9003227,203131,P1006,51.69
9003228,204378,P1004,202.49
9003229,205582,P1002,46.29
9003230,204839,P1002,128.23
9003231,204072,P1002,170.42
9003232,208481,P1003,115.04
9003233,201463,P1001,106.23
9003234,202017,P1004,33.27
9003235,202397,P1002,34.82
9003236,209021,P1004,184.48
9003237,204008,P1005,0.66
9003238,201046,P1006,120.46
9003239,202979,P1003,144.2
9003240,206491,P1006,113.47
9003241,207376,P1002,91.71
9003242,210379,P1002,31.27
9003243,211716,P1005,57.8
9003244,207148,P1003,109.15
9003245,204885,P1005,232.97
9003246,207834,P1001,119.32
9003247,209046,P1002,24.7
9003248,208818,P1002,171.41
9003249,203664,P1003,67.87
9003250,203678,P1003,146.49
9003251,207831,P1002,105.07
9003252,204974,P1005,258.06
9003253,211775,P1006,136.2
9003254,206909,P1006,65.09
9003255,209906,P1004,41.67
9003256,204391,P1004,164.84
9003257,207059,P1006,25.33
9003258,203745,P1005,263.12
9003259,211575,P1002,67.19
9003260,211747,P1001,19.16
9003261,201088,P1006,66.15
9003262,200023,P1004,27.06
9003263,204016,P1005,181.37
9003264,203320,P1006,55.05
9003265,202042,P1001,44.98
9003266,201845,P1004,81.82
9003267,207123,P1005,65.52
9003268,205004,P1003,61.53
9003269,208698,P1005,37.82
9003270,210506,P1003,136.69
9003271,210368,P1005,72.6
9003272,207542,P1004,147.02
9003273,201391,P1003,215.12
9003274,211192,P1006,443.53
9003275,200834,P1005,144.63
9003276,201095,P1006,121.39
9003277,201153,P1001,74.61
9003278,211785,P1004,57.84
9003279,207761,P1001,166.12
9003280,209992,P1003,89.5
9003281,204266,P1005,67.41
9003282,210593,P1001,30.1
9003283,206951,P1003,42.18
9003284,205406,P1005,113.14
9003285,210320,P1006,6.6
9003286,201221,P1004,79.84
9003287,209150,P1001,17.52
9003288,208662,P1003,37.67
9003289,202888,P1004,52.47
9003290,201195,P1006,58.39
9003291,203218,P1002,74.47
9003292,211855,P1004,252.31
9003293,202938,P1003,169.66
9003294,201764,P1002,20.35
9003295,211585,P1004,66.14
9003296,205733,P1004,151.22
9003297,200302,P1003,41.75
9003298,205435,P1002,44.75
9003299,209138,P1004,242.39
9003300,201665,P1005,21.39
9003301,206649,P1004,38.03
9003302,201788,P1005,21.75
9003303,204770,P1001,102.07
9003304,205257,P1004,160.46
9003305,202829,P1001,84.3
9003306,203940,P1001,70.2
9003307,206112,P1002,118.25
9003308,206444,P1005,98.23
9003309,202088,P1004,142.19
9003310,206876,P1004,101.53
9003311,211032,P1002,243.03
9003312,208749,P1001,134.36
9003313,210673,P1004,67.34
9003314,207377,P1006,75.66
9003315,209994,P1001,17.2
9003316,205547,P1005,19.36
9003317,211467,P1004,196
9003318,206691,P1002,75.92
9003319,208294,P1005,301.83
9003320,208079,P1002,132.45
9003321,205465,P1005,37.2
9003322,203093,P1005,66.58
9003323,205322,P1004,48.93
9003324,208777,P1001,129.08
9003325,204634,P1003,158.16
9003326,208084,P1003,31.06
9003327,209060,P1005,60.3
9003328,207793,P1002,57.13
9003329,208347,P1006,90.53
9003330,203193,P1006,68.93
9003331,201752,P1003,122.22
9003332,203663,P1001,131.9
9003333,204821,P1004,182.22
9003334,207990,P1002,92.56
9003335,202937,P1003,102.66
9003336,200658,P1006,138.08
9003337,207006,P1003,126.07
9003338,203954,P1004,131.66
9003339,211090,P1005,53.7
9003340,204581,P1003,119.89
9003341,208803,P1005,37.53
9003342,201514,P1004,133.12
9003343,204374,P1001,17.27
9003344,207557,P1001,164.12
9003345,209809,P1002,82.31
9003346,211792,P1006,38.04
9003347,200144,P1001,174.52
9003348,211043,P1001,78.6
9003349,203945,P1003,117.12
9003350,200807,P1006,48.14
9003351,205917,P1001,293.59
9003352,206383,P1005,87.29
9003353,208462,P1002,263.8
9003354,204073,P1003,13.34
9003355,205915,P1006,82.41
9003356,211737,P1006,10.13
9003357,203783,P1006,47.46
9003358,207731,P1001,64.36
9003359,208668,P1004,46.17
9003360,209606,P1006,83.16
9003361,211283,P1004,28.34
9003362,200351,P1004,55.76
9003363,204257,P1003,135.59
9003364,206743,P1002,68.44
9003365,205220,P1001,48.12
9003366,202793,P1002,82.35
9003367,207748,P1003,104.02
9003368,204662,P1006,28.09
9003369,203053,P1005,27.51
9003370,205776,P1006,37.23
9003371,201806,P1004,119.45
9003372,207975,P1005,58.36
9003373,207226,P1004,83.27
9003374,204677,P1001,186.77
9003375,204278,P1005,106.9
9003376,209898,P1005,73.21
9003377,211686,P1005,123.56
9003378,204319,P1002,70.72
9003379,209626,P1004,99.4
9003380,202955,P1006,38.99
9003381,201889,P1005,66.98
9003382,205840,P1004,151.63
9003383,206493,P1002,133.55
9003384,210565,P1003,129.35
9003385,205949,P1005,118.93
9003386,211622,P1003,38.1
9003387,210632,P1003,19.57
9003388,201396,P1001,179.14
9003389,204298,P1004,32.17
9003390,201959,P1005,86.64
9003391,208834,P1005,149.94
9003392,200906,P1001,60.51
9003393,201646,P1003,79.59
9003394,201768,P1005,84.23
9003395,211112,P1001,37.08
9003396,210625,P1003,119.03
9003397,206735,P1004,128.65
9003398,208555,P1001,101.89
9003399,202995,P1003,30.33
9003400,209404,P1004,94.46
9003401,209028,P1005,133.09
9003402,209133,P1006,115.59
9003403,205933,P1005,41.69
9003404,203910,P1001,8.34
9003405,208209,P1005,126.02
9003406,204798,P1006,68.84
9003407,206800,P1005,70.65
9003408,204155,P1003,155.71
9003409,206612,P1006,118.86
9003410,206241,P1005,136.47
9003411,209105,P1004,145.5
9003412,200971,P1003,30.9
9003413,200355,P1002,129.46
9003414,206260,P1003,39.89
9003415,209219,P1003,45.56
9003416,205286,P1005,289.71
9003417,206906,P1003,47.22
9003418,206870,P1005,135.75
9003419,204460,P1006,37.09
9003420,211019,P1004,91.77
9003421,203956,P1001,191.04
9003422,211220,P1005,72.05
9003423,204174,P1005,221.68
9003424,204899,P1002,59.69
9003425,205687,P1001,10.52
9003426,201135,P1004,87.25
9003427,201949,P1001,107.93
9003428,211634,P1004,68.82
9003429,206703,P1004,124.73
9003430,201955,P1006,40.31
9003431,210710,P1006,117.32
9003432,210902,P1001,63.2
9003433,207322,P1002,39.53
9003434,201415,P1004,95.91
9003435,210211,P1001,194.17
9003436,205361,P1006,261.66
9003437,210211,P1001,105.2
9003438,203492,P1005,68.62
9003439,206408,P1002,29.04
9003440,203155,P1004,201.8
9003441,208803,P1003,41.2
9003442,206151,P1006,158.02
9003443,202147,P1003,153.43
9003444,206272,P1004,104.14
9003445,204091,P1006,100.29
9003446,209360,P1002,91.62
9003447,208128,P1005,20.85
9003448,206369,P1005,210.65
9003449,207318,P1006,75.84
9003450,211512,P1005,66.82
9003451,206947,P1006,30.54
9003452,208040,P1002,57.36
9003453,204655,P1003,192.31
9003454,206537,P1001,96.54
9003455,200445,P1006,91.05
9003456,210035,P1006,134.67
9003457,209300,P1004,79.62
9003458,211363,P1005,46.19
9003459,208806,P1006,122.75
9003460,202368,P1005,48.96
9003461,207293,P1006,212.26
9003462,211111,P1001,71.36
9003463,200947,P1004,54.83
9003464,210721,P1004,86.25
9003465,202964,P1004,84.01
9003466,207121,P1004,50.15
9003467,211404,P1001,76.14
9003468,206408,P1006,75.58
9003469,204245,P1001,52.51
9003470,205558,P1004,40.1
9003471,206283,P1004,129.43
9003472,208715,P1005,87.69
9003473,204418,P1002,70.19
9003474,207123,P1006,30.13
9003475,207449,P1003,31.28
9003476,206789,P1006,165.2
9003477,205982,P1003,66.82
9003478,210747,P1003,21.16
9003479,200915,P1002,52.05
9003480,210706,P1005,231.86
9003481,207541,P1005,131.42
9003482,211919,P1006,64.65
9003483,206273,P1004,95.06
9003484,205014,P1004,167.02
9003485,207767,P1002,64.73
9003486,208505,P1006,133.24
9003487,205132,P1003,46.97
9003488,201035,P1001,96.12
9003489,206071,P1003,47.37
9003490,211877,P1003,179.17
9003491,211351,P1001,43.16
9003492,206050,P1006,45.28
9003493,206126,P1004,32.82
9003494,204268,P1003,175.78
9003495,203881,P1003,102.47
9003496,208325,P1004,130.72
9003497,210573,P1005,57.66
9003498,205110,P1002,44.91
9003499,207884,P1003,44.86
9003500,206742,P1006,282.41
9003501,205520,P1004,112.08
9003502,206234,P1001,21.88
9003503,203259,P1006,76.63
9003504,208855,P1005,228.83
9003505,209250,P1002,22.73
9003506,205353,P1004,24.05
9003507,203610,P1001,30.32
9003508,200617,P1003,34.31
9003509,202025,P1004,237.24
9003510,211011,P1002,103.06
9003511,201996,P1005,129.28
9003512,210421,P1005,29.7
9003513,201928,P1006,100.01
9003514,204684,P1003,48.35
9003515,204505,P1005,112.06
9003516,207922,P1004,105.42
9003517,207339,P1003,69.98
9003518,208088,P1005,139.21
9003519,207604,P1004,116.26
9003520,207775,P1006,69.98
9003521,210029,P1005,42.96
9003522,208862,P1005,119.27
9003523,203441,P1003,134.47
9003524,201500,P1004,65.35
9003525,207213,P1003,58.14
9003526,203296,P1005,15.1
9003527,210209,P1004,92.06
9003528,207404,P1003,91.21
9003529,202959,P1001,76.11
9003530,210014,P1002,92.34
9003531,202642,P1002,63.28
9003532,208411,P1004,84.56
9003533,207715,P1005,239.18
9003534,202145,P1004,164.58
9003535,208830,P1002,67.78
9003536,202875,P1003,36.1
9003537,200125,P1003,83.69
9003538,207899,P1005,88.2
9003539,200603,P1006,81.49
9003540,209977,P1003,85.39
9003541,200532,P1004,21.58
9003542,206692,P1003,27.85
9003543,201809,P1001,99.39
9003544,205245,P1003,54.97
9003545,207280,P1003,46
9003546,201980,P1003,210.35
9003547,201660,P1005,34.33
9003548,201211,P1003,60.86
9003549,206117,P1003,56.41
9003550,203689,P1002,10.53
9003551,208032,P1006,368.99
9003552,208520,P1003,84.43
9003553,208468,P1003,126.51
9003554,202024,P1002,29.5
9003555,208764,P1006,66.78
9003556,205147,P1002,65.55
9003557,211810,P1005,23.97
9003558,211525,P1005,100.11
9003559,208698,P1005,112.46
9003560,209781,P1006,196.05
9003561,211769,P1001,56.32
9003562,210709,P1003,57.94
9003563,211317,P1006,206.56
9003564,207038,P1005,40.22
9003565,209192,P1006,94.91
9003566,209255,P1005,71.54
9003567,204911,P1005,228.35
9003568,206039,P1006,101.13
9003569,210153,P1006,35.8
9003570,204747,P1004,167.79
9003571,209980,P1004,122.54
9003572,209179,P1001,14.28
9003573,204666,P1001,189.04
9003574,206658,P1001,29.18
9003575,206408,P1002,75.48
9003576,203900,P1005,38.39
9003577,201020,P1002,261.96
9003578,207537,P1006,21.84
9003579,208988,P1005,78.17
9003580,211515,P1004,152.26
9003581,210231,P1002,151.03
9003582,200897,P1003,159.55
9003583,202295,P1004,94.75
9003584,204564,P1005,71.32
9003585,207757,P1003,63.48
9003586,207224,P1001,45.17
9003587,208951,P1002,43.45
9003588,210912,P1004,73.27
9003589,208253,P1002,44.47
9003590,204784,P1001,107.92
9003591,211580,P1002,10.58
9003592,202318,P1003,12.77
9003593,203395,P1005,46.89
9003594,202072,P1006,116.62
9003595,205698,P1004,41.37
9003596,205596,P1005,35.95
9003597,209986,P1004,27.89
9003598,204108,P1003,252.45
9003599,202507,P1005,85.16
9003600,200605,P1003,87.89
9003601,203703,P1001,103.54
9003602,202996,P1001,14.92
9003603,211189,P1006,149.06
9003604,211494,P1002,73.37
9003605,205548,P1005,88.64
9003606,204952,P1003,81.32
9003607,208770,P1005,47.78
9003608,205022,P1006,91.17
9003609,208044,P1005,63.83
9003610,202698,P1004,49.77
9003611,209278,P1005,102.51
9003612,204637,P1005,144.51
9003613,206699,P1005,187.77
9003614,206675,P1003,139.83
9003615,211900,P1006,29.43
9003616,202219,P1005,186.77
9003617,211195,P1006,30.75
9003618,207045,P1003,110.1
9003619,201280,P1006,45.97
9003620,210072,P1006,121.71
9003621,200236,P1004,33.78
9003622,205311,P1006,181.01
9003623,205037,P1006,73.23
9003624,202388,P1004,84.83
9003625,210468,P1005,73.4
9003626,204123,P1006,42.65
9003627,202211,P1004,88.18
9003628,211477,P1003,90.23
9003629,206412,P1005,112.86
9003630,207162,P1006,150.85
9003631,204800,P1004,228.55
9003632,209962,P1002,130.08
9003633,203536,P1005,17.28
9003634,210525,P1001,60.9
9003635,206872,P1004,38.04
9003636,206699,P1006,91.53
9003637,204604,P1005,92.34
9003638,208021,P1003,159.43
9003639,210898,P1004,281.23
9003640,204851,P1002,78.2
9003641,202168,P1006,74.04
9003642,204168,P1004,79.78
9003643,206056,P1001,106.21
9003644,205706,P1004,34.02
9003645,211506,P1004,63.72
9003646,204682,P1005,40.03
9003647,204648,P1006,253.23
9003648,206689,P1004,69.76
9003649,201097,P1006,71.42
9003650,211808,P1005,91.95
9003651,201510,P1005,81.59
9003652,209570,P1001,92.95
9003653,210504,P1001,109.27
9003654,210731,P1004,72.19
9003655,203917,P1004,36.71
9003656,203129,P1003,24.37
9003657,210491,P1003,255.71
9003658,203867,P1003,89.4
9003659,205760,P1002,145.54
9003660,211532,P1002,100.31
9003661,206787,P1002,43.08
9003662,204608,P1004,123.77
9003663,209214,P1003,180.59
9003664,206693,P1004,222.29
9003665,204625,P1003,51.87
9003666,200466,P1002,35.6
9003667,202463,P1002,27.33
9003668,210689,P1001,92.03
9003669,209288,P1004,79.4
9003670,209344,P1002,28.68
9003671,205426,P1004,107.47
9003672,209414,P1003,145.89
9003673,210087,P1005,143.58
9003674,201481,P1006,76.05
9003675,208430,P1001,297.33
9003676,201720,P1002,24.46
9003677,211641,P1003,74.13
9003678,204940,P1002,84.65
9003679,203139,P1006,197.5
9003680,210514,P1005,67.59
9003681,206107,P1005,76.37
9003682,200857,P1005,146.26
9003683,211282,P1003,3.67
9003684,200805,P1002,94.16
9003685,200403,P1005,150.19
9003686,208991,P1003,281.17
9003687,202269,P1005,28.31
9003688,209386,P1006,60.77
9003689,211207,P1001,13.71
9003690,206119,P1006,147.79
9003691,209266,P1004,355.91
9003692,205788,P1002,90.98
9003693,208198,P1002,138.47
9003694,202035,P1006,146.87
9003695,206117,P1003,41.57
9003696,202209,P1002,57.56
9003697,204660,P1002,93.69
9003698,201766,P1003,50.3
9003699,207028,P1005,34.36
9003700,203070,P1006,27.62
9003701,203401,P1006,33.91
9003702,210300,P1005,40.02
9003703,201385,P1001,211.93
9003704,207011,P1002,18.06
9003705,207782,P1005,100.32
9003706,207332,P1001,225.99
9003707,203727,P1001,84.09
9003708,211805,P1002,194.23
9003709,202442,P1002,81.43
9003710,203886,P1004,36.99
9003711,206242,P1002,162.16
9003712,205902,P1001,168.54
9003713,210209,P1004,44.99
9003714,209771,P1003,48.91
9003715,208128,P1003,104.4
9003716,207540,P1001,11.71
9003717,201315,P1005,33.84
9003718,203395,P1006,83.98
9003719,208155,P1003,71.63
9003720,202274,P1002,144.28
9003721,206392,P1005,152.47
9003722,204325,P1004,85.44
9003723,205034,P1003,107.9
9003724,203832,P1004,25.02
9003725,203149,P1001,208.33
9003726,201449,P1004,134.09
9003727,210840,P1005,234.95
9003728,203828,P1002,165.18
9003729,210092,P1003,80.26
9003730,202942,P1005,113.76
9003731,208978,P1006,69.05
9003732,209937,P1003,22.17
9003733,211936,P1006,146.2
9003734,201958,P1006,67.74
9003735,208005,P1003,102.87
9003736,206108,P1003,77.65
9003737,210643,P1002,136.93
9003738,209147,P1006,113.57
9003739,203820,P1003,55.37
9003740,203593,P1005,48.31
9003741,201651,P1004,7.28
9003742,202237,P1006,216.54
9003743,206548,P1001,111.53
9003744,207394,P1004,155.31
9003745,211374,P1002,38.06
9003746,204861,P1001,201.48
9003747,200714,P1003,44.87
9003748,205866,P1002,112.55
9003749,200700,P1003,22.6
9003750,201097,P1006,81.45
9003751,205679,P1006,140.37
9003752,211888,P1003,158.77
9003753,202109,P1004,218.03
9003754,202596,P1001,136.6
9003755,204676,P1002,68.67
9003756,209188,P1005,146.44
9003757,209953,P1005,87.69
9003758,211797,P1002,64.68
9003759,208537,P1001,21.9
9003760,203733,P1004,158.91
9003761,203713,P1002,60.46
9003762,211925,P1002,99.6
9003763,203116,P1006,137.49
9003764,204112,P1003,97.29
9003765,202606,P1002,173.37
9003766,205718,P1003,156.23
9003767,208479,P1004,41.69
9003768,205718,P1002,28.37
9003769,202236,P1003,81.34
9003770,204088,P1002,273.56
9003771,204687,P1001,87.26
9003772,203262,P1002,175.04
9003773,209419,P1004,66.08
9003774,202054,P1006,63.69
9003775,208127,P1001,56.45
9003776,209708,P1003,22.11
9003777,207882,P1003,145.48
9003778,203242,P1002,37.07
9003779,200822,P1002,176.15
9003780,204756,P1006,87.52
9003781,211693,P1001,231.48
9003782,204663,P1001,32.41
9003783,202374,P1004,93.61
9003784,207812,P1006,51.86
9003785,204636,P1003,37.12
9003786,201877,P1002,151.44
9003787,207544,P1002,143.16
9003788,210001,P1002,104.27
9003789,211221,P1001,65.66
9003790,201712,P1002,121.91
9003791,202372,P1005,32.97
9003792,207760,P1004,96.95
9003793,211902,P1006,137.46
9003794,210474,P1001,288.1
9003795,211742,P1004,26.97
9003796,203409,P1002,130.06
9003797,209558,P1005,98.81
9003798,203360,P1002,64.38
9003799,203050,P1005,308.11
9003800,209622,P1004,51.93
9003801,210297,P1005,224.9
9003802,208048,P1005,110.58
9003803,203045,P1003,263.44
9003804,201903,P1005,166.54
9003805,200942,P1001,40.59
9003806,202195,P1002,475.25
9003807,206307,P1003,161.18
9003808,211097,P1001,14.59
9003809,204657,P1002,23.85
9003810,210291,P1005,45.54
9003811,205078,P1001,159.42
9003812,206407,P1004,56.17
9003813,207207,P1005,135.54
9003814,209415,P1001,19.41
9003815,207791,P1005,37.69
9003816,204763,P1003,59.43
9003817,207604,P1006,144.68
9003818,200127,P1005,6.98
9003819,207705,P1006,115.78
9003820,203413,P1002,89.76
9003821,210852,P1004,87.77
9003822,202712,P1003,35.02
9003823,205848,P1006,55.82
9003824,209537,P1004,92.7
9003825,211263,P1006,16.93
9003826,201858,P1006,149.7
9003827,204234,P1003,59.93
9003828,204810,P1002,6.69
9003829,210045,P1003,23.86
9003830,211701,P1006,73.6
9003831,200591,P1004,85.88
9003832,203323,P1005,294.5
9003833,200986,P1004,18.68
9003834,207644,P1003,40.46
9003835,203938,P1002,140.13
9003836,208192,P1001,153.06
9003837,201638,P1004,25.6
9003838,210963,P1003,28.17
9003839,211568,P1002,164.31
9003840,211512,P1001,136.73
9003841,210282,P1002,33.11
9003842,211173,P1004,5.26
9003843,203564,P1006,28.27
9003844,206945,P1006,118.19
9003845,205859,P1003,83.71
9003846,211580,P1006,91.76
9003847,201912,P1005,78.75
9003848,200806,P1005,257.62
9003849,211666,P1004,74.73
9003850,200353,P1001,72.89
9003851,204535,P1005,88.03
9003852,208712,P1001,44.96
9003853,205518,P1006,90.06
9003854,207325,P1001,97.34
9003855,201801,P1001,50.11
9003856,204702,P1003,266.68
9003857,210226,P1001,60.8
9003858,208113,P1006,138.83
9003859,209176,P1003,73.48
9003860,209970,P1004,41.57
9003861,200371,P1003,30.37
9003862,211874,P1001,69.31
9003863,206276,P1005,82.48
9003864,208096,P1002,197.15
9003865,205813,P1006,49.03
9003866,208535,P1004,79
9003867,207903,P1003,126.07
9003868,207811,P1002,12.44
9003869,206681,P1004,93.82
9003870,205426,P1005,239.32
9003871,206243,P1005,143.9
9003872,205497,P1005,37.07
9003873,207889,P1005,30.01
9003874,202619,P1001,38.31
9003875,210526,P1003,83.52
9003876,207579,P1006,43.2
9003877,211673,P1004,90.59
9003878,204233,P1002,91.87
9003879,200543,P1005,62.77
9003880,200210,P1006,119.55
9003881,209918,P1006,82.4
9003882,211134,P1005,82.43
9003883,210270,P1005,54.84
9003884,206973,P1002,40.08
9003885,206793,P1003,124.07
9003886,207521,P1002,93.88
9003887,206208,P1001,60.94
9003888,208952,P1004,93.83
9003889,205034,P1003,18.37
9003890,203244,P1005,123.76
9003891,206658,P1005,16.14
9003892,204625,P1001,133.55
9003893,208363,P1004,71.68
9003894,211868,P1001,45.98
9003895,203761,P1002,57.75
9003896,202991,P1006,133.96
9003897,208837,P1003,126.76
9003898,204524,P1006,68.61
9003899,209518,P1001,158.42
9003900,210930,P1001,7.49
9003901,210748,P1006,122.09
9003902,203097,P1001,100.95
9003903,205883,P1003,74.36
9003904,201703,P1005,73.76
9003905,200771,P1006,36.76
9003906,202073,P1005,212.28
9003907,200875,P1006,69.4
9003908,202185,P1003,25.06
9003909,208385,P1003,56.29
9003910,202671,P1001,247.27
9003911,211730,P1004,38.54
9003912,200155,P1003,14.64
9003913,200267,P1006,71.76
9003914,200463,P1005,20.66
9003915,211200,P1005,23.85
9003916,208082,P1006,233.79
9003917,201806,P1006,252.31
9003918,208702,P1003,52.79
9003919,202379,P1006,174.51
9003920,208680,P1005,54.99
9003921,208926,P1004,81.94
9003922,205942,P1004,29.24
9003923,200301,P1004,56.94
9003924,205750,P1003,89.36
9003925,202714,P1004,105.82
9003926,209827,P1004,72.67
9003927,200939,P1001,100.7
9003928,207769,P1002,276.93
9003929,202480,P1004,302.15
9003930,209148,P1004,22.87
9003931,210520,P1005,92.2
9003932,210725,P1006,61.35
9003933,203279,P1006,219.93
9003934,206764,P1005,79.59
9003935,207917,P1003,173.27
9003936,211495,P1001,67.65
9003937,206526,P1006,39.77
9003938,206670,P1002,89.78
9003939,204327,P1003,297.02
9003940,210129,P1004,156.15
9003941,205558,P1003,50.46
9003942,207592,P1005,36.8
9003943,208977,P1002,97.45
9003944,211443,P1006,60.09
9003945,210376,P1001,147.77
9003946,207414,P1005,34.89
9003947,205531,P1003,112.78
9003948,202376,P1005,50.24
9003949,208167,P1003,98.45
9003950,207396,P1002,61.19
9003951,201780,P1002,20.18
9003952,202883,P1005,117.67
9003953,206285,P1006,45.88
9003954,210058,P1002,92.4
9003955,207691,P1003,81.72
9003956,211932,P1002,96.14
9003957,205053,P1006,42.52
9003958,209832,P1002,50.6
9003959,207195,P1001,39.61
9003960,205865,P1001,39.19
9003961,203124,P1006,52.22
9003962,205236,P1002,91.71
9003963,206044,P1006,31.91
9003964,210309,P1006,25.16
9003965,208144,P1004,137.21
9003966,201471,P1004,26.23
9003967,209197,P1005,88.35
9003968,208303,P1005,26.86
9003969,201478,P1005,136.48
9003970,202591,P1001,117.95
9003971,200625,P1001,67.3
9003972,201426,P1002,238.86
9003973,210475,P1001,139.19
9003974,210632,,49.95
9003975,203503,P1004,31.03
9003976,201516,P1005,25.38
9003977,200724,P1001,69.77
9003978,203759,P1002,83.97
9003979,205547,P1006,175.72
9003980,205541,P1005,235.94
9003981,207339,P1002,264.76
9003982,202947,P1004,62.53
9003983,206861,P1004,199.83
9003984,209944,P1003,29.58
9003985,207503,P1003,63.65
9003986,211836,P1006,92.58
9003987,203468,P1005,44.04
9003988,200448,P1002,110.54
9003989,204862,P1001,60.8
9003990,210726,P1004,77.83
9003991,207182,P1006,34.88
9003992,205088,P1006,27.48
9003993,205890,P1005,140.77
9003994,207643,P1003,183.75
9003995,209034,P1003,201.71
9003996,205596,P1002,25.39
9003997,201777,P1001,55.69
9003998,205121,P1006,45.93
9003999,204354,P1006,60.77
9004000,205257,P1006,27.71
9004001,203152,P1005,173.72
9004002,209116,P1002,29.88
9004003,202381,P1003,171.99
9004004,202620,P1006,95
9004005,200405,P1001,72.34
9004006,211509,P1003,79.98
9004007,200846,P1005,16.45
9004008,209580,P1005,99.74
9004009,201995,P1002,49.11
9004010,201850,P1006,94.49
9004011,205309,P1005,18.25
9004012,200199,P1005,108.56
9004013,205417,P1005,34.33
9004014,203967,P1002,46.84
9004015,207242,P1004,49.38
9004016,202658,P1002,85.73
9004017,208564,P1003,67.74
9004018,201407,P1002,164.57
9004019,203442,P1005,136.19
9004020,208913,P1001,59.08
9004021,202034,P1002,94.96
9004022,201052,P1003,44.46
9004023,201157,P1001,101.96
9004024,203912,P1003,196
9004025,207391,P1005,56.13
9004026,203438,P1001,59.14
9004027,207727,P1002,74.98
9004028,209304,P1003,84.24
9004029,208940,P1003,30.01
9004030,211125,P1002,70.17
9004031,210029,P1006,110.01
9004032,205987,P1003,44.96
9004033,210689,P1003,95.25
9004034,204672,P1005,185.5
9004035,205582,P1004,428
9004036,203885,P1001,198.68
9004037,206209,P1002,72.14
9004038,206207,P1005,176.3
9004039,202680,P1004,113.78
9004040,203690,P1006,153.3
9004041,206341,P1006,37.6
9004042,208512,P1003,228.82
9004043,209030,P1005,20.82
9004044,200566,P1001,34.33
9004045,209503,P1001,58.73
9004046,210529,P1002,99.56
9004047,208461,P1005,132.75
9004048,209798,P1003,51.96
9004049,203078,P1003,128.95
9004050,203050,P1005,151.79
9004051,211195,P1004,25.8
9004052,200136,P1004,83.73
9004053,206823,P1004,20.1
9004054,208763,P1001,76.61
9004055,200831,P1001,51.97
9004056,202411,P1004,11.97
9004057,206717,P1002,62.46
9004058,205247,P1002,56.27
9004059,205198,P1006,9.77
9004060,204026,P1003,138.21
9004061,205341,P1001,251.61
9004062,206487,P1005,48.27
9004063,201389,P1004,72.71
9004064,210771,P1005,60.09
9004065,209264,P1004,188.19
9004066,204395,P1006,75.52
9004067,205512,P1003,31.53
9004068,208964,P1004,103.25
9004069,202161,P1006,112.47
9004070,206905,P1003,48.9
9004071,202523,P1001,123.75
9004072,201322,P1005,149.44
9004073,202440,P1006,67.47
9004074,208433,P1002,145.24
9004075,202592,P1004,60.52
9004076,209672,P1001,53.12
9004077,211134,P1003,8.92
9004078,205450,P1003,63.28
9004079,208646,P1002,60.63
9004080,204844,P1003,53.1
9004081,209364,P1002,36.76
9004082,209126,P1003,150.53
9004083,207666,P1001,22
9004084,208303,P1003,15.83
9004085,209710,P1003,132.03
9004086,202990,P1002,86.65
9004087,204671,P1001,69.01
9004088,210543,P1004,69
9004089,211734,P1006,156.93
9004090,210767,P1006,58.1
9004091,205260,P1002,187.13
9004092,209351,P1001,45.72
9004093,207080,P1001,76.49
9004094,203116,P1001,33.11
9004095,205702,P1006,117.29
9004096,211351,P1003,57.73
9004097,200528,P1003,232.41
9004098,208848,P1001,18.38
9004099,202707,P1004,209.36
9004100,200357,P1003,250.59
9004101,208275,P1006,28.81
9004102,210137,P1001,64.32
9004103,203450,P1003,228.83
9004104,206060,P1002,26.15
9004105,200811,P1002,50.05
9004106,200110,P1004,139.61
9004107,200831,P1005,52.08
9004108,201948,P1006,71.69
9004109,208720,P1004,102.37
9004110,202807,P1006,42.49
9004111,206345,P1003,66.88
9004112,207928,P1002,116.16
9004113,210954,P1001,298.72
9004114,201435,P1006,270.29
9004115,209691,P1003,54.39
9004116,202716,P1005,21.37
9004117,205772,P1004,194.63
9004118,201206,P1005,135.71
9004119,202093,P1004,40.18
9004120,206182,P1005,114.44
9004121,203664,P1006,93.24
9004122,202207,P1005,79.24
9004123,208400,P1002,25.6
9004124,202816,P1004,71.17
9004125,207214,P1006,47.15
9004126,210645,P1001,200.81
9004127,211091,P1001,72.55
9004128,209709,P1001,71.9
9004129,205605,P1001,33.19
9004130,202977,P1006,116.79
9004131,205764,P1004,84.16
9004132,211164,P1005,218.2
9004133,200421,P1002,148.02
9004134,204188,P1002,103.92
9004135,211069,P1006,109.32
9004136,201806,P1003,116.77
9004137,208450,P1006,263.34
9004138,208084,P1003,75.61
9004139,202377,P1003,181.7
9004140,207285,P1004,41.69
9004141,209406,P1004,210.79
9004142,206266,P1002,173.14
9004143,206466,P1001,61.91
9004144,211596,P1002,207.55
9004145,209489,P1005,124.45
9004146,203930,P1006,9.95
9004147,202785,P1005,129.41
9004148,207228,P1004,98.17
9004149,204402,P1004,94.67
9004150,202573,P1006,29.98
9004151,204015,P1003,94.62
9004152,208465,P1003,368.74
9004153,205385,P1001,12.6
9004154,208096,P1005,176.99
9004155,209016,P1002,43.68
9004156,204246,P1001,108.95
9004157,210746,P1006,158.31
9004158,200019,P1004,141.5
9004159,201052,P1005,68.81
9004160,204085,P1001,162.12
9004161,210096,P1006,70
9004162,202133,P1001,42.14
9004163,204925,P1004,71.24
9004164,207453,P1003,216.15
9004165,202185,P1004,81.53
9004166,202993,P1004,143.97
9004167,200380,P1003,138.03
9004168,202010,P1006,105.41
9004169,208138,P1002,84.06
9004170,205181,P1002,53.57
9004171,203213,P1004,88.81
9004172,206628,P1002,27.09
9004173,202355,P1005,146.17
9004174,200767,P1003,161.67
9004175,207600,P1004,43.38
9004176,211250,P1001,134.81
9004177,204827,P1001,196.23
9004178,202448,P1003,313.66
9004179,203667,P1003,123.38
9004180,204586,P1004,87.63
9004181,201191,P1001,10.99
9004182,203587,P1004,63.25
9004183,203795,P1001,84.54
9004184,211472,P1005,105.01
9004185,202724,P1002,30.19
9004186,210334,P1005,129.49
9004187,200889,P1006,25.29
9004188,201997,P1005,13.05
9004189,210159,P1001,165.27
9004190,210581,P1003,141.27
9004191,207122,P1005,141.64
9004192,207056,P1001,30.27
9004193,209584,P1004,163.22
9004194,203905,P1004,123.65
9004195,203954,P1006,75.85
9004196,211474,P1006,132
9004197,210387,P1006,23.08
9004198,208913,P1004,24.37
9004199,203705,P1003,245.21
9004200,202440,P1006,225.62
9004201,209535,P1006,62.02
9004202,211788,P1002,193.21
9004203,210119,P1002,108.94
9004204,207709,P1002,202.58
9004205,207179,P1006,40.88
9004206,207906,P1002,55.09
9004207,206875,P1004,46.65
9004208,205630,P1006,46.67
9004209,204630,P1005,27.56
9004210,204721,P1002,27.05
9004211,207865,P1001,96.84
9004212,200086,P1003,85.8
9004213,208614,P1001,226.7
9004214,209096,P1006,49.53
9004215,201376,P1006,140.56
9004216,207228,P1003,62.16
9004217,205216,P1005,94.59
9004218,208631,P1001,35.91
9004219,200017,P1003,87.78
9004220,204653,P1001,177.47
9004221,211560,P1002,183.2
9004222,209170,P1005,88.67
9004223,211029,P1006,86.9
9004224,201764,P1005,48.74
9004225,210126,P1003,59.7
9004226,211952,P1004,101.55
9004227,203714,P1002,83.75
9004228,209303,P1002,78.8
9004229,202638,P1001,231.62
9004230,204444,P1001,71.52
9004231,201101,P1005,117.57
9004232,207714,P1003,93.21
9004233,210144,P1006,174.62
9004234,201772,P1005,114.87
9004235,201897,P1004,438.22
9004236,207208,P1001,45.85
9004237,202570,P1003,146.59
9004238,210995,P1005,87.81
9004239,202657,P1003,59.85
9004240,209040,P1002,33.2
9004241,201061,P1002,101.99
9004242,209060,P1005,136.78
9004243,201137,P1001,74.94
9004244,209166,P1004,22.4
9004245,211876,P1001,60.59
9004246,201865,P1001,102.61
9004247,200614,P1001,131.08
9004248,203372,P1001,126.17
9004249,206294,P1002,52.1
9004250,208609,P1001,68.95
9004251,209676,P1003,60
9004252,201415,P1002,71.04
9004253,211629,P1005,50.53
9004254,203745,P1003,79.69
9004255,211274,P1004,26.38
9004256,200471,P1001,67.05
9004257,210884,P1006,101.75
9004258,202309,P1004,61.46
9004259,201080,P1005,116.6
9004260,208162,P1003,35.41
9004261,200887,P1006,101.25
9004262,209914,P1005,63.64
9004263,206808,P1003,24.83
9004264,211801,P1002,132.91
9004265,204314,P1006,238.95
9004266,210565,P1006,121
9004267,210273,P1001,6.9
9004268,209054,P1006,314.55
9004269,201183,P1002,293.39
9004270,210237,P1004,116.83
9004271,209180,P1003,28.7
9004272,210410,P1003,136.53
9004273,211931,P1003,146.84
9004274,207655,P1004,223.71
9004275,206610,P1003,47.75
9004276,206100,P1003,96.73
9004277,200645,P1006,265.64
9004278,208237,P1004,14.53
9004279,202086,P1006,54.54
9004280,208713,P1006,150.52
9004281,204800,P1003,176.71
9004282,200842,P1005,343.35
9004283,202464,P1006,52.06
9004284,210070,P1005,60.6
9004285,202437,P1004,66.92
9004286,205789,P1006,290.48
9004287,211022,P1002,124.84
9004288,206592,P1001,172.44
9004289,201499,P1001,124.21
9004290,205104,P1002,68.47
9004291,201030,P1002,51.86
9004292,201640,P1004,177.46
9004293,208441,P1005,4.12
9004294,210373,P1005,61.78
9004295,200907,P1001,3.58
9004296,207684,P1005,52.1
9004297,208946,P1006,218.98
9004298,202950,P1004,11.27
9004299,204885,P1001,20.35
9004300,204269,P1006,67.19
9004301,210701,P1006,60.35
9004302,205767,P1002,162.15
9004303,210781,P1006,99.22
9004304,202355,P1003,21.99
9004305,205759,P1002,126.42
9004306,207113,P1006,104.31
9004307,201975,P1005,50.57
9004308,205506,P1006,58.3
9004309,210236,P1001,57.29
9004310,209276,P1005,86.16
9004311,200543,P1003,142.05
9004312,209502,P1005,33.85
9004313,206313,P1004,68.83
9004314,208708,P1001,38.33
9004315,208962,P1006,67.65
9004316,205804,P1006,291.5
9004317,205869,P1003,112.58
9004318,206617,P1001,152.76
9004319,200434,P1005,33.86
9004320,203548,P1006,86.37
9004321,206161,P1005,51.78
9004322,203862,P1003,115.88
9004323,202938,P1002,289.21
9004324,201164,P1005,69.81
9004325,201131,P1006,174.49
9004326,210748,P1003,107.68
9004327,208095,P1004,90.77
9004328,204246,P1005,170.15
9004329,208457,P1004,16.98
9004330,204798,P1001,5.31
9004331,210633,P1003,114.73
9004332,205614,P1006,100.63
9004333,208398,P1001,296.02
9004334,211184,P1001,49.05
9004335,209278,P1003,111.96
9004336,208140,P1002,474.95
9004337,211473,P1002,71.14
9004338,209831,P1002,26.87
9004339,203835,P1002,151.16
9004340,202155,P1004,95.77
9004341,210296,P1001,66.72
9004342,202253,P1005,62.15
9004343,210278,P1003,80.85
9004344,201461,P1002,135.38
9004345,206623,P1002,135.12
9004346,211831,P1004,89.04
9004347,210384,P1006,208.21
9004348,207704,P1003,57.04
9004349,200513,P1003,120.63
9004350,205455,P1003,120.73
9004351,210134,P1001,163.65
9004352,206222,P1002,138.81
9004353,207652,P1003,33.05
9004354,208154,P1005,51.5
9004355,202470,P1005,409.64
9004356,209822,P1002,165.32
9004357,200540,P1001,172.08
9004358,207618,P1005,154.33
9004359,208822,P1001,42.49
9004360,209167,P1001,39.59
9004361,208627,P1004,59.65
9004362,200284,P1001,169.83
9004363,211916,P1005,251.92
9004364,202002,P1006,116.7
9004365,206727,P1004,239.75
9004366,211631,P1001,44.8
9004367,205573,P1005,24.09
9004368,210349,P1003,86.95
9004369,211929,P1003,234.8
9004370,205149,P1004,38.7
9004371,208892,P1003,108.14
9004372,204756,P1001,337.61
9004373,203362,P1001,141.33
9004374,201796,P1003,109.87
9004375,207045,P1003,157.73
9004376,201364,P1006,103.04
9004377,210201,P1004,55.07
9004378,205264,P1003,181.63
9004379,200307,P1001,217.6
9004380,201356,P1002,38.85
9004381,210162,P1003,182.94
9004382,209581,P1001,50.77
9004383,207053,P1004,120.9
9004384,207174,P1001,65.47
9004385,202563,P1003,37.03
9004386,204392,P1003,32.62
9004387,200669,P1006,136.33
9004388,210550,P1004,109.85
9004389,206091,P1006,58.21
9004390,202467,P1001,147.29
9004391,203113,P1001,130.09
9004392,201495,P1005,153.04
9004393,208144,P1004,106.16
9004394,202332,P1005,111.39
9004395,201090,P1004,147.29
9004396,210681,P1005,36.93
9004397,211648,P1004,176.32
9004398,201740,P1004,80.1
9004399,206840,P1006,25.01
9004400,200921,P1002,136.98
9004401,208746,P1004,80.57
9004402,207784,P1003,130.68
9004403,204805,P1005,215.78
9004404,208061,P1005,53.73
9004405,203563,P1006,184.17
9004406,203148,P1001,177.27
9004407,209410,P1006,19.91
9004408,205203,P1003,154.76
9004409,201780,P1005,112.3
9004410,204996,P1005,90.6
9004411,211681,P1002,91.3
9004412,209745,P1002,123.45
9004413,200760,P1005,69.72
9004414,207829,P1005,166.02
9004415,206994,P1005,35.15
9004416,211059,P1003,56.89
9004417,205939,P1005,96.63
9004418,211723,P1001,59.34
9004419,207966,P1004,43.11
9004420,201982,P1002,123.45
9004421,205480,P1003,48.54
9004422,204426,P1005,46.3
9004423,200156,P1002,134.55
9004424,207343,P1005,42.47
9004425,211567,P1006,118.8
9004426,211100,P1005,65.74
9004427,208519,P1003,19.3
9004428,202124,P1002,151.38
9004429,201619,P1005,70.71
9004430,202291,P1002,158.88
9004431,208093,P1006,119.97
9004432,200022,P1001,176.65
9004433,207485,P1004,164.42
9004434,208349,P1002,37.89
9004435,201074,P1003,120.18
9004436,209301,P1004,80.9
9004437,203633,P1003,114.32
9004438,200184,P1001,47.75
9004439,200003,P1003,231.87
9004440,200195,P1003,68.56
9004441,204920,P1002,61.4
9004442,208978,P1006,60.94
9004443,209617,P1006,41.55
9004444,206396,P1006,139.49
9004445,202529,P1005,82.45
9004446,203157,P1002,34.28
9004447,206565,P1001,114.71
9004448,206894,P1003,13.8
9004449,201548,P1005,13.57
9004450,204156,P1005,33.81
9004451,207163,P1002,64.43
9004452,208981,P1001,71.19
9004453,204619,P1003,17.55
9004454,210674,P1006,40.83
9004455,203159,P1005,52.08
9004456,200017,P1004,104.8
9004457,209119,P1001,25.84
9004458,208830,P1001,60.88
9004459,203421,P1005,28.91
9004460,209149,P1006,105.51
9004461,208999,P1003,90.65
9004462,203245,P1006,24.99
9004463,203681,P1002,38.72
9004464,208322,P1005,86.8
9004465,203759,P1003,120.09
9004466,204565,P1003,69.17
9004467,206601,P1002,143.8
9004468,203538,P1006,38.29
9004469,205118,P1001,43.19
9004470,206910,P1005,96.87
9004471,200536,P1003,112.74
9004472,209079,P1001,152.86
9004473,201511,P1005,21.41
9004474,210872,P1005,136.73
9004475,208418,P1001,89.94
9004476,210703,P1006,80.53
9004477,208952,P1001,49.42
9004478,201581,P1003,91
9004479,209358,P1002,109.12
9004480,208411,P1003,94.29
9004481,200725,P1004,112.3
9004482,206767,P1006,12.47
9004483,207754,P1004,92.85
9004484,209132,P1005,119.57
9004485,200261,P1002,30
9004486,209874,P1002,208.42
9004487,203508,P1002,230.61
9004488,201302,P1003,64.4
9004489,208663,P1006,12.1
9004490,208351,P1005,72.98
9004491,211457,P1001,152.08
9004492,202589,P1006,135.48
9004493,203390,P1003,131.1
9004494,204736,P1001,72.21
9004495,206055,P1003,25.25
9004496,200803,P1003,84.04
9004497,201046,P1005,24.83
9004498,211319,P1004,137.35
9004499,207630,P1006,11.25
9004500,207041,P1001,45.22
9004501,202127,P1002,62.02
9004502,207858,P1004,75.34
9004503,203076,P1001,172.67
9004504,205103,P1004,28.79
9004505,200454,P1004,87.5
9004506,204005,P1005,89.93
9004507,205545,P1003,94.33
9004508,202755,P1002,59.98
9004509,208852,P1001,264.37
9004510,202924,P1006,310.29
9004511,206686,P1002,100.03
9004512,204784,P1005,58.67
9004513,205464,P1005,6.51
9004514,209931,P1003,45.67
9004515,200753,P1006,13.84
9004516,201611,P1003,118.8
9004517,200485,P1001,100.86
9004518,211079,P1003,174.02
9004519,208211,P1001,69.28
9004520,200281,P1001,114.07
9004521,205244,P1002,90.26
9004522,211822,P1006,58.36
9004523,206926,P1001,30.02
9004524,209732,P1002,265.74
9004525,209616,P1004,103.75
9004526,209668,P1005,18.36
9004527,207067,P1002,129.14
9004528,209380,P1001,112.85
9004529,204436,P1002,81.54
9004530,208793,P1001,160.22
9004531,206484,P1004,134.27
9004532,211000,P1004,142.15
9004533,200270,P1004,136.56
9004534,201735,P1002,42.69
9004535,210041,P1005,139.09
9004536,208725,P1002,47.94
9004537,209882,P1006,28.38
9004538,200628,P1004,227.71
9004539,203072,P1005,163.18
9004540,204282,P1004,200.79
9004541,202957,P1004,122.65
9004542,208708,P1003,227.84
9004543,205108,P1004,133.04
9004544,206858,P1001,297.79
9004545,211425,P1004,42.47
9004546,206038,P1005,113.93
9004547,208812,P1002,34.91
9004548,200654,P1004,19.78
9004549,204084,P1001,67.1
9004550,208681,P1006,55.06
9004551,206289,P1002,62.02
9004552,202457,P1004,125.75
9004553,201399,P1002,35.62
9004554,206100,P1005,44.54
9004555,203804,P1001,181.6
9004556,211675,P1001,3.04
9004557,206753,P1004,44.51
9004558,205771,P1002,178.54
9004559,203298,P1003,46.96
9004560,208106,P1004,65.63
9004561,206412,P1001,117.36
9004562,204504,P1001,109.26
9004563,203317,P1001,93.87
9004564,207643,P1002,36.8
9004565,204368,P1001,61.69
9004566,201309,P1006,42.54
9004567,204745,P1003,165.38
9004568,201237,P1006,244.59
9004569,207420,P1001,143.6
9004570,201728,P1002,67.19
9004571,202136,P1004,57.03
9004572,208444,P1003,49.06
9004573,205629,P1004,58.83
9004574,202374,P1006,37.82
9004575,201527,P1004,114.31
9004576,202335,P1001,83.9
9004577,205564,P1005,52.26
9004578,207627,P1002,109.15
9004579,205798,P1003,137.69
9004580,203953,P1001,30.38
9004581,209152,P1006,63.1
9004582,207402,P1004,102.62
9004583,205693,P1001,247.08
9004584,201924,P1001,178.9
9004585,202539,P1001,33.81
9004586,201437,P1001,21.18
9004587,208956,P1006,45.41
9004588,206110,P1005,95.8
9004589,210056,P1001,30.14
9004590,202932,P1004,221.85
9004591,203044,P1003,106.9
9004592,202019,P1005,20.57
9004593,209370,P1006,76.83
9004594,200508,P1006,141.93
9004595,210825,P1001,126.24
9004596,211320,P1003,61.93
9004597,204939,P1002,79.4
9004598,206850,P1006,71.16
9004599,200022,P1005,78.63
9004600,208087,P1003,172.29
9004601,209075,P1002,37.47
9004602,210867,P1006,66.15
9004603,205768,P1006,50.26
9004604,211473,P1006,56.98
9004605,207152,P1004,19.97
9004606,208057,P1003,11.66
9004607,208153,P1002,25.64
9004608,211792,P1005,78.06
9004609,202762,P1004,97.77
9004610,206024,P1004,228.82
9004611,201973,P1003,14.92
9004612,204854,P1004,113.64
9004613,207700,P1003,68.1
9004614,202013,P1002,31.04
9004615,201807,P1002,60.21
9004616,204904,P1004,55.34
9004617,209505,P1003,292.33
9004618,207145,P1006,125.53
9004619,205759,P1005,57.52
9004620,204064,P1003,13.21
9004621,202286,P1001,243.33
9004622,211297,P1006,77.79
9004623,207317,P1003,33.87
9004624,201291,P1001,138.02
9004625,205864,P1006,70.05
9004626,210970,P1005,62.6
9004627,208582,P1002,160.1
9004628,206796,P1005,79.65
9004629,204654,P1004,134.27
9004630,204248,P1005,57.5
9004631,211285,P1006,150.7
9004632,202735,P1005,116.27
9004633,203673,P1001,112.69
9004634,201413,P1005,91.73
9004635,206114,P1003,189.21
9004636,201349,P1004,65.12
9004637,207213,P1001,67.21
9004638,200472,P1004,103.11
9004639,201201,P1004,29.92
9004640,203064,P1005,52.43
9004641,209180,P1002,55.26
9004642,210413,P1003,90.56
9004643,203727,P1003,44.45
9004644,201403,P1006,31.6
9004645,202484,P1002,160.21
9004646,200324,P1005,52.41
9004647,200185,P1005,144.94
9004648,205985,P1002,313.68
9004649,207636,P1006,168.32
9004650,203998,P1006,29.47
9004651,200261,P1004,100.59
9004652,204385,P1002,30.12
9004653,208921,P1003,114.26
9004654,200473,P1001,176.12
9004655,203663,P1001,297.78
9004656,205265,P1004,66.26
9004657,202930,P1001,45.19
9004658,204621,P1004,68.38
9004659,207270,P1006,162.9
9004660,211824,P1006,131.87
9004661,205170,P1006,167.58
9004662,211482,P1004,21.1
9004663,204500,P1003,40.87
9004664,204832,P1004,118.98
9004665,200971,P1002,78.43
9004666,211046,P1003,387.73
9004667,211858,P1006,187.52
9004668,206966,P1005,147.07
9004669,207309,P1004,70.44
9004670,202015,P1006,86.41
9004671,201690,P1004,315.71
9004672,211669,P1004,103.76
9004673,205381,P1001,53.33
9004674,204732,P1003,55.32
9004675,209575,P1004,208.63
9004676,205895,P1005,18.93
9004677,208591,P1002,75.62
9004678,208428,P1001,110.97
9004679,203382,P1001,42.14
9004680,202759,P1001,58.77
9004681,205781,P1005,124.13
9004682,205779,P1004,66.27
9004683,210551,P1003,307.27
9004684,202880,P1004,23.89
9004685,208813,P1002,81.74
9004686,202968,P1003,201.01
9004687,202588,P1003,115.37
9004688,204229,P1003,25.97
9004689,208272,P1005,67.83
9004690,210931,P1005,184.07
9004691,205150,P1003,262.54
9004692,207811,P1006,210.38
9004693,210054,P1002,67.27
9004694,204683,P1006,75.18
9004695,205175,P1002,30.04
9004696,204067,P1002,97.91
9004697,206826,P1001,112.12
9004698,204932,P1002,82.94
9004699,205700,P1003,48.32
9004700,201753,P1003,46.12
9004701,202452,P1002,68.52
9004702,210495,P1005,161.62
9004703,207265,P1005,269.92
9004704,204438,P1004,104.53
9004705,200500,P1004,16.05
9004706,205828,P1005,17.21
9004707,208023,P1002,58.88
9004708,201207,P1005,95.27
9004709,200637,P1002,32.02
9004710,210868,P1001,92.14
9004711,205624,P1002,162.56
9004712,206147,P1006,39.84
9004713,210625,P1005,120.92
9004714,211906,P1001,104
9004715,201900,P1005,20.36
9004716,201303,P1001,176.22
9004717,207719,P1001,126.67
9004718,203146,P1002,17.87
9004719,200149,P1001,48.8
9004720,207356,P1002,40.66
9004721,211046,P1005,81.16
9004722,204849,P1001,40.31
9004723,201167,P1003,101.22
9004724,209615,P1003,32.7
9004725,205642,P1004,12.97
9004726,207103,P1003,89.65
9004727,208472,P1005,61.14
9004728,210368,P1001,89.96
9004729,201817,P1005,239.28
9004730,209527,P1002,44.56
9004731,210388,P1004,76.58
9004732,200283,P1002,66.11
9004733,200958,P1003,25
9004734,211240,P1006,49.36
9004735,209546,P1004,151.43
9004736,201760,P1006,60.04
9004737,211724,P1006,192.17
9004738,204158,P1004,88.43
9004739,206348,P1002,125.16
9004740,206451,P1006,189.89
9004741,200758,P1006,133.82
9004742,210574,P1006,134.47
9004743,206881,P1001,115.06
9004744,203607,P1002,94.68
9004745,206372,P1001,39.25
9004746,200356,P1003,74.68
9004747,207592,P1004,239.8
9004748,201323,P1001,203.56
9004749,206055,P1003,104.27
9004750,209522,P1005,110.92
9004751,206582,P1003,77.84
9004752,202411,P1006,41.4
9004753,202853,P1006,128.9
9004754,208010,P1005,52.8
9004755,207626,P1005,83.75
9004756,208179,P1001,68.98
9004757,210012,P1005,81.59
9004758,211445,P1006,46.06
9004759,209898,P1001,57.79
9004760,211957,P1001,76.39
9004761,201212,P1003,29.31
9004762,202833,P1003,176.27
9004763,208487,P1003,93.55
9004764,210100,P1006,62.07
9004765,201306,P1004,123
9004766,204716,P1004,60.5
9004767,204172,P1002,247.94
9004768,202635,P1001,32.1
9004769,202277,P1006,141.83
9004770,204062,P1002,39.96
9004771,207887,P1003,66.8
9004772,202449,P1006,54.68
9004773,200785,P1005,149.05
9004774,211947,P1001,92.68
9004775,206478,P1003,14.73
9004776,200154,P1001,194.44
9004777,210329,P1001,23.47
9004778,210201,P1004,35
9004779,208334,P1004,137.83
9004780,208435,P1006,76.92
9004781,206445,P1004,71.27
9004782,206742,P1001,31.6
9004783,204839,P1004,46.98
9004784,202670,P1004,109.94
9004785,210892,P1006,57.09
9004786,203833,P1004,109.8
9004787,204493,P1005,108.07
9004788,211351,P1003,80.71
9004789,205507,P1002,222.22
9004790,209805,P1005,106.55
9004791,205771,P1005,136.37
9004792,201468,P1003,109.39
9004793,209029,P1001,84.53
9004794,205263,P1002,38.67
9004795,208816,P1002,117.27
9004796,211338,P1001,129.39
9004797,208498,P1006,108.1
9004798,200392,P1005,25.09
9004799,205019,P1006,58.01
9004800,206352,P1002,86.23
9004801,209242,P1004,51.22
9004802,208714,P1001,178.82
9004803,202540,P1002,324.54
9004804,203167,P1006,68.25
9004805,204803,P1003,60.82
9004806,204905,P1003,81.74
9004807,210423,P1001,123.63
9004808,211130,P1001,64.05
9004809,206734,P1001,17.88
9004810,207345,P1005,124.96
9004811,204087,P1003,16.29
9004812,210168,P1002,75.09
9004813,209870,P1001,81.9
9004814,208341,P1003,33.47
9004815,210880,P1005,88.05
9004816,202720,P1004,74.37
9004817,208451,P1006,122.63
9004818,201837,P1005,115.62
9004819,210600,P1004,49.12
9004820,207325,P1004,104.94
9004821,209781,P1003,16.96
9004822,203846,P1005,98.83
9004823,206857,P1006,34.66
9004824,200833,P1002,30.54
9004825,209829,P1006,45.47
9004826,200681,P1002,174.98
9004827,201808,P1005,100.98
9004828,209676,P1004,28.08
9004829,200356,P1006,102.18
9004830,208655,P1002,39.13
9004831,206733,P1006,58.14
9004832,210170,P1005,357.94
9004833,206293,P1001,59.63
9004834,200160,P1003,98.31
9004835,206974,P1005,121.22
9004836,207173,P1002,178.96
9004837,200758,P1006,201.66
9004838,201790,P1006,37.26
9004839,209125,P1002,21.99
9004840,210588,P1002,105.56
9004841,203262,P1002,63.34
9004842,207445,P1006,95.7
9004843,201487,P1006,90.29
9004844,200463,P1006,91.73
9004845,210164,P1005,36.12
9004846,210390,P1002,38.88
9004847,200119,P1006,109
9004848,202976,P1003,58.63
9004849,200093,P1005,169.17
9004850,211364,P1005,110.64
9004851,203393,P1002,81.38
9004852,203969,P1005,32.88
9004853,202535,P1002,78.28
9004854,209325,P1004,17.9
9004855,209084,P1006,79.39
9004856,206059,P1002,39.58
9004857,208466,P1006,39.91
9004858,205679,P1006,86.37
9004859,209477,P1002,80.08
9004860,203610,P1003,61.88
9004861,203239,P1001,60.11
9004862,211891,P1005,28.09
9004863,211009,P1001,158.58
9004864,210512,P1004,23.91
9004865,210549,P1002,46.55
9004866,211924,P1001,35.66
9004867,200107,P1006,62.4
9004868,201071,P1006,179.66
9004869,203521,P1006,296.71
9004870,207270,P1005,273.43
9004871,209998,P1004,242.37
9004872,205953,P1006,23.18
9004873,202252,P1005,117.61
9004874,203506,P1005,209.04
9004875,210284,P1003,47.14
9004876,207394,P1002,84.99
9004877,209834,P1004,102.27
9004878,211475,P1002,104.68
9004879,207974,P1003,165.13
9004880,208903,P1004,46.2
9004881,203542,P1001,103.1
9004882,207733,P1006,145.51
9004883,206634,P1001,30.72
9004884,204318,P1005,64.46
9004885,205184,P1005,118.79
9004886,206938,P1002,206.12
9004887,204168,P1006,134.8
9004888,200060,P1006,64.07
9004889,203795,P1004,114.74
9004890,203073,P1005,65.6
9004891,201362,P1006,85.84
9004892,207664,P1001,7.7
9004893,200038,P1004,216.87
9004894,207762,P1004,31.07
9004895,210135,P1004,85.78
9004896,201511,P1003,67.9
9004897,201211,P1005,97.88
9004898,204168,P1005,48.54
9004899,211713,P1002,56.93
9004900,211593,P1003,60.15
9004901,203678,P1002,177.8
9004902,202601,P1005,336.42
9004903,204391,P1002,95.6
9004904,201915,P1002,91.03
9004905,201073,P1005,157.38
9004906,206039,P1006,37.71
9004907,203935,P1005,97.13
9004908,204376,P1005,111.93
9004909,200790,P1006,171.14
9004910,206236,P1004,166.3
9004911,211053,P1005,94.46
9004912,200799,P1004,245.25
9004913,201976,P1001,121.32
9004914,208124,P1002,21.56
9004915,203220,P1001,85.01
9004916,204840,P1002,109.44
9004917,200887,P1002,186.51
9004918,201109,P1006,143.35
9004919,207684,P1004,74.54
9004920,206253,P1002,21.37
9004921,205131,P1001,202.39
9004922,207059,P1002,49.36
9004923,202360,P1001,65.11
9004924,203760,P1001,79.96
9004925,200377,P1003,165.41
9004926,202822,P1006,43.63
9004927,210186,P1005,67.96
9004928,210597,P1003,148.74
9004929,202927,P1003,67.56
9004930,207621,P1004,78.79
9004931,209286,P1006,81.29
9004932,203697,P1005,194.52
9004933,204812,P1002,149.89
9004934,209359,P1003,167.69
9004935,202381,P1006,64.36
9004936,204855,P1005,27.67
9004937,206576,P1004,218.82
9004938,205703,P1002,63.61
9004939,202175,P1003,12.44
9004940,201741,P1004,127.08
9004941,204820,P1006,49.56
9004942,203630,P1003,129.71
9004943,203276,P1002,45.86
9004944,204364,P1004,78.27
9004945,207003,P1001,144.6
9004946,209840,P1002,51.62
9004947,206331,P1002,205.81
9004948,202667,P1002,121.76
9004949,202128,P1003,147.72
9004950,206225,P1001,111.19
9004951,203932,P1003,154.6
9004952,202924,P1003,78.78
9004953,203662,P1002,64.82
9004954,208897,P1006,69.46
9004955,209470,P1002,121.11
9004956,201782,P1001,236.86
9004957,211447,P1003,277.75
9004958,205866,P1004,61.46
9004959,203894,P1004,222.64
9004960,203098,P1004,119.67
9004961,206222,P1002,61.7
9004962,208502,P1006,138.66
9004963,209972,P1006,179.22
9004964,210539,P1001,84.32
9004965,205132,P1003,19.13
9004966,211728,P1004,148.09
9004967,203490,P1002,58.77
9004968,208241,P1001,22.43
9004969,200897,P1003,120.31
9004970,200063,P1002,100.09
9004971,204282,P1001,157.68
9004972,208840,P1002,96.07
9004973,207463,P1001,16.82
9004974,208739,P1005,63.24
9004975,209840,P1006,112.6
9004976,209767,P1006,118.41
9004977,205086,P1005,169.26
9004978,208826,P1004,70.05
9004979,201018,P1003,71.18
9004980,201803,P1002,219.68
9004981,209418,P1002,108.7
9004982,211153,P1002,69.98
9004983,205380,P1003,55.46
9004984,203107,P1002,230.8
9004985,206737,P1006,121.5
9004986,209676,P1005,198.73
9004987,204403,P1001,48.08
9004988,201546,P1004,6.65
9004989,209526,P1004,213.98
9004990,200983,P1001,344.63
9004991,210277,P1001,398.08
9004992,203389,P1002,87.93
9004993,209074,P1003,111.26
9004994,201194,P1001,103.35
9004995,207142,P1003,43.65
9004996,203803,P1004,25.19
9004997,210558,P1002,86.57
9004998,201887,P1003,103.84
9004999,205757,P1004,299.94
9005000,210425,P1003,20.8
9005001,206366,P1002,155.82
9005002,209307,P1003,98.02
9005003,205103,P1002,52.45
9005004,210430,P1005,125.24
9005005,203490,P1002,22.1
9005006,206994,P1002,297.06
9005007,204701,P1001,144.24
9005008,202819,P1001,98.87
9005009,211323,P1002,71.3
9005010,200490,P1001,115.36
9005011,206469,P1006,231.91
9005012,201122,P1006,181.21
9005013,210398,P1002,64.14
9005014,203242,P1001,181.06
9005015,210694,P1002,99999.99
9005016,203309,P1004,32.88
9005017,203973,P1001,151.35
9005018,203456,P1002,85.55
9005019,206542,P1006,140.01
9005020,209975,P1005,21.92
9005021,200650,P1005,97.59
9005022,208653,P1006,13.94
9005023,204587,P1004,42.67
9005024,206845,P1004,72.98
9005025,209785,P1006,91.03
9005026,205110,P1003,33.43
9005027,201498,P1004,23.65
9005028,202876,P1002,78.27
9005029,207231,P1001,116
9005030,207118,P1005,79.88
9005031,208056,P1002,27.09
9005032,203158,P1006,72.06
9005033,202263,P1004,99.81
9005034,209678,P1006,58.22
9005035,204953,P1004,11.55
9005036,210976,P1004,95.98
9005037,209684,P1006,64.91
9005038,206480,P1004,148.95
9005039,210043,P1002,58.67
9005040,200486,P1005,51.09
9005041,202048,P1006,18.32
9005042,208194,P1005,79.87
9005043,203208,P1003,195.01
9005044,203778,P1001,163.43
9005045,201856,P1001,77.59
9005046,211090,P1005,99.74
9005047,204788,P1006,92.45
9005048,200930,P1003,171.96
9005049,204511,P1004,106.64
9005050,208472,P1001,28.9
9005051,210187,P1003,43.86
9005052,209010,P1005,137.33
9005053,209498,P1003,9.25
9005054,200520,P1002,184.25
9005055,203930,P1005,61.99
9005056,209978,P1005,94.34
9005057,210812,P1001,182.46
9005058,202761,P1006,92.16
9005059,205534,P1002,79.18
9005060,209371,P1006,68.98
9005061,201837,P1005,94.91
9005062,209898,P1005,203.58
9005063,206913,P1006,72.76
9005064,206632,P1006,177.63
9005065,211135,P1006,117.15
9005066,207190,P1002,56.79
9005067,210839,P1002,159.37
9005068,211158,P1001,48.13
9005069,205405,P1003,112.52
9005070,201882,P1002,128.75
9005071,205195,P1001,30.61
9005072,206188,P1006,124.21
9005073,208854,P1001,24.55
9005074,204442,P1006,156.53
9005075,206164,P1002,86.79
9005076,200242,P1004,35.39
9005077,208140,P1001,77.41
9005078,201221,P1006,12.65
9005079,208761,P1001,134.81
9005080,204112,P1005,17.72
9005081,210322,P1006,41.52
9005082,210237,P1002,206.83
9005083,208296,P1002,121.95
9005084,210177,P1001,24.21
9005085,207599,P1002,154.14
9005086,203779,P1003,73.23
9005087,203673,P1006,102.97
9005088,208635,P1002,42.58
9005089,209388,P1001,191.49
9005090,207012,P1004,80.41
9005091,211194,P1002,78.68
9005092,209936,P1006,198.14
9005093,207156,P1006,11.62
9005094,209211,P1002,71.99
9005095,210156,P1003,112.54
9005096,203802,P1006,35.04
9005097,204383,P1004,59.6
9005098,210421,P1003,122.14
9005099,203286,P1006,105.22
9005100,208183,P1002,34.48
9005101,211720,P1001,104.64
9005102,201472,P1006,13.1
9005103,210079,P1005,26.23
9005104,201035,P1004,73.42
9005105,207710,P1003,63.49
9005106,200740,P1004,6.81
9005107,209355,P1005,170.65
9005108,209561,P1003,148.74
9005109,206558,P1002,20.14
9005110,205980,P1004,78.18
9005111,207511,P1003,6.63
9005112,201150,P1004,129.96
9005113,211374,P1001,91.04
9005114,207719,P1002,49.03
9005115,202335,P1003,126.54
9005116,207869,P1005,164.74
9005117,203238,P1002,29.65
9005118,210515,P1004,20.99
9005119,206630,P1003,179.58
9005120,207462,P1004,260.86
9005121,211181,P1002,46.95
9005122,211954,P1006,118.61
9005123,206805,P1002,82.84
9005124,206604,P1005,104.17
9005125,210515,P1004,144.67
9005126,205478,P1004,141.9
9005127,206663,P1003,94.48
9005128,209731,P1006,50.04
9005129,200775,P1006,2.71
9005130,203159,P1005,27.68
9005131,202107,P1005,262.59
9005132,202957,P1002,29.72
9005133,205208,P1003,98.2
9005134,208654,P1006,13.28
9005135,205791,P1004,162.5
9005136,210032,P1005,327.46
9005137,203073,P1006,76.65
9005138,208146,P1001,68.49
9005139,202286,P1005,85.91
9005140,202598,P1001,66.53
9005141,210779,P1001,79.88
9005142,206677,P1003,149.6
9005143,204203,P1005,109.75
9005144,201041,P1006,169.17
9005145,204055,P1005,157.23
9005146,210276,P1001,114.4
9005147,200713,P1003,31.12
9005148,211588,P1004,192.26
9005149,211828,P1001,119.03
9005150,200222,P1003,58.42
9005151,210257,P1004,114.69
9005152,204667,P1006,59.5
9005153,207163,P1004,235.7
9005154,210329,P1005,200.7
9005155,200094,P1006,166.7
9005156,210152,P1002,50.11
9005157,209464,P1006,118.95
9005158,204381,P1003,194.76
9005159,202133,P1001,249.04
9005160,202883,P1005,89.35
9005161,202441,P1001,156.42
9005162,206890,P1006,86.86
9005163,202326,P1004,29.05
9005164,204619,P1002,10.02
9005165,200916,P1002,89.25
9005166,200180,P1006,137.31
9005167,210311,P1002,76.12
9005168,206164,P1004,86.32
9005169,209272,P1001,146.96
9005170,204440,P1001,239.61
9005171,206534,P1001,131.32
9005172,204467,P1001,94.89
9005173,203179,P1005,156.76
9005174,202074,P1002,57.75
9005175,203208,P1001,84.99
9005176,207156,P1006,41.82
9005177,211564,P1005,120.21
9005178,203114,P1006,72.62
9005179,200130,P1002,110.41
9005180,211896,P1001,310.36
9005181,205454,P1005,84.88
9005182,207604,P1005,46.1
9005183,208058,P1006,75.45
9005184,209426,P1001,41.86
9005185,208728,P1003,61.43
9005186,209637,P1004,71.44
9005187,210935,P1005,250.02
9005188,202376,P1003,126.12
9005189,205756,P1005,164.98
9005190,210427,P1004,179.31
9005191,204392,P1004,131.1
9005192,209686,P1006,68.03
9005193,210693,P1006,23.06
9005194,207122,P1006,157.84
9005195,203106,P1002,90.34
9005196,210230,P1005,73.69
9005197,201876,P1003,203.74
9005198,204891,P1003,54.94
9005199,205580,P1004,58.53
9005200,202951,P1006,135.01
9005201,203994,P1006,100.63
9005202,203747,P1002,46.75
9005203,205305,P1006,45.59
9005204,209422,P1005,38.96
9005205,205953,P1005,238.55
9005206,207261,P1004,18.85
9005207,203408,P1003,47.07
9005208,206178,P1004,18.71
9005209,201642,P1001,31.67
9005210,210114,P1004,74.34
9005211,204239,P1002,67.25
9005212,201207,P1004,174.05
9005213,201739,P1006,28.53
9005214,200315,P1001,53.39
9005215,211844,P1006,73.97
9005216,206997,P1006,104.25
9005217,203315,P1002,62.26
9005218,208292,P1005,169.19
9005219,203703,P1002,117.49
9005220,210168,P1002,31.99
9005221,210535,P1005,25.56
9005222,205602,P1003,204.37
9005223,201029,P1006,60.32
9005224,207851,P1006,149.31
9005225,207888,P1004,87.93
9005226,204340,P1003,98.39
9005227,201759,P1004,134.18
9005228,201682,P1003,144.01
9005229,209987,P1004,118.93
9005230,209934,P1006,149.25
9005231,200705,P1004,191.74
9005232,211224,P1002,130.46
9005233,209882,P1004,45.84
9005234,201617,P1004,54.74
9005235,207140,P1003,106.35
9005236,207394,P1006,98.56
9005237,207944,P1006,75.46
9005238,207730,P1001,15.26
9005239,207280,P1006,94.27
9005240,208275,P1002,14.37
9005241,206122,P1003,31.01
9005242,205285,P1003,39.4
9005243,207408,P1005,81.9
9005244,203929,P1001,232.43
9005245,203447,P1003,49.61
9005246,204605,P1005,49.57
9005247,208295,P1001,158.04
9005248,203352,P1002,42.07
9005249,204890,P1006,242.31
9005250,206907,P1005,66.91
9005251,204029,P1001,63.71
9005252,201536,P1003,73.33
9005253,201214,P1001,39.4
9005254,205787,P1006,123.4
9005255,210962,P1003,30.47
9005256,206687,P1004,32.22
9005257,202671,P1002,182.41
9005258,210584,P1006,214.57
9005259,200201,P1001,226.73
9005260,206408,P1002,88.44
9005261,201735,P1006,89.86
9005262,203935,P1001,273.75
9005263,205768,P1002,42.99
9005264,207294,P1005,181.6
9005265,211960,P1001,55.32
9005266,200665,P1004,96.07
9005267,208434,P1006,15.4
9005268,203669,P1005,71.66
9005269,206956,P1004,64.8
9005270,206258,P1003,19.05
9005271,209023,P1005,55.82
9005272,207398,P1006,36.39
9005273,204003,P1004,16.45
9005274,202499,P1006,71.85
9005275,211862,P1001,97.54
9005276,209555,P1001,99.49
9005277,209623,P1001,167.39
9005278,203533,P1002,50.46
9005279,202745,P1005,216.72
9005280,211785,P1004,83.42
9005281,206835,P1002,92.56
9005282,211369,P1005,215.2
9005283,202044,P1002,57.51
9005284,204394,P1006,32.31
9005285,207114,P1002,53.2
9005286,200371,P1004,15.99
9005287,209280,P1006,121.62
9005288,207225,P1005,26.11
9005289,209053,P1002,88.38
9005290,210353,P1003,31.7
9005291,209170,P1002,80.03
9005292,206207,P1001,43.19
9005293,210414,P1006,100.37
9005294,210502,P1002,94.15
9005295,209073,P1002,87.3
9005296,205259,P1004,107.02
9005297,202597,P1002,67.3
9005298,206439,P1002,30.69
9005299,202724,P1003,43.62
9005300,204815,P1003,73.88
9005301,202567,P1004,8.07
9005302,200987,P1002,85.9
9005303,210730,P1003,199.83
9005304,202460,P1004,98.38
9005305,207744,P1004,122.3
9005306,210400,P1003,29.82
9005307,205045,P1006,52.75
9005308,205875,P1006,91.81
9005309,201800,P1002,152.02
9005310,208443,P1003,15.08
9005311,210516,P1004,111.78
9005312,208158,P1001,108.02
9005313,202301,P1005,84.35
9005314,202111,P1006,141.41
9005315,210925,P1001,183.3
9005316,200491,P1003,276.81
9005317,206720,P1005,63.55
9005318,201783,P1003,17.73
9005319,206214,P1005,60.59
9005320,200280,P1003,43.42
9005321,205727,P1003,239.37
9005322,202770,P1003,79.46
9005323,206704,P1004,24.7
9005324,206747,P1002,54.72
9005325,210681,P1006,11.31
9005326,204632,P1006,55.86
9005327,204253,P1003,35.03
9005328,202610,P1006,111.18
9005329,211734,P1002,27.05
9005330,209442,P1002,131.89
9005331,210768,P1005,99.22
9005332,203306,P1005,34.48
9005333,211809,P1004,154.85
9005334,210844,P1004,116.36
9005335,200684,P1006,118.23
9005336,201803,P1004,36.08
9005337,201865,P1003,75.84
9005338,202493,P1004,64.6
9005339,207398,P1003,113.32
9005340,202439,P1003,141.56
9005341,203504,P1005,58.4
9005342,202219,P1002,49.08
9005343,204043,P1001,42.38
9005344,201641,P1005,175.87
9005345,209271,P1003,20
9005346,211697,P1005,29.35
9005347,204134,P1002,48.43
9005348,201484,P1003,15.95
9005349,200012,P1005,116.63
9005350,211074,P1006,114.01
9005351,201325,P1006,151.57
9005352,203639,P1003,75.44
9005353,204685,P1004,225.68
9005354,201309,P1006,23
9005355,200276,P1005,10.71
9005356,204280,P1005,30.82
9005357,205368,P1003,238.73
9005358,205805,P1004,104.25
9005359,209299,P1004,37.69
9005360,207787,P1003,108.65
9005361,207459,P1004,89.25
9005362,211665,P1002,79.95
9005363,204148,P1001,119.22
9005364,206366,P1006,62.59
9005365,202462,P1006,26.09
9005366,207280,P1001,33.31
9005367,203661,P1003,144.16
9005368,208216,P1002,95.69
9005369,200941,P1003,152.66
9005370,202253,P1006,105.15
9005371,202207,P1003,204.45
9005372,205212,P1004,76.88
9005373,211262,P1004,84.02
9005374,209161,P1001,107.9
9005375,202404,P1004,274.09
9005376,202181,P1001,62.65
9005377,200795,P1005,60.31
9005378,202013,P1006,41.9
9005379,203173,P1006,185.9
9005380,207948,P1006,77.4
9005381,206048,P1001,76.3
9005382,206716,P1001,128.26
9005383,211135,P1003,53.59
9005384,202623,P1001,147.76
9005385,210004,P1005,35.96
9005386,204032,P1005,82.45
9005387,210059,P1003,140.19
9005388,202276,P1002,147.01
9005389,204803,P1004,89.95
9005390,202031,P1003,70.81
9005391,210973,P1001,6.52
9005392,207342,P1002,60.37
9005393,206261,P1003,165.47
9005394,200757,P1006,27.28
9005395,211798,P1004,55.83
9005396,203822,P1003,154.09
9005397,202055,P1006,338.48
9005398,210022,P1005,87.15
9005399,211495,P1001,208.96
9005400,209709,P1005,180.7
9005401,201302,P1002,44.06
9005402,202560,P1004,74.47
9005403,205902,P1003,18.84
9005404,203179,P1006,79.8
9005405,206602,P1006,39.61
9005406,203275,P1006,160.71
9005407,205931,P1005,30.9
9005408,204866,P1004,60.75
9005409,208712,P1001,8.02
9005410,202465,P1006,38.09
9005411,207138,P1005,97.64
9005412,204553,P1002,28.86
9005413,207915,P1006,33.37
9005414,202551,P1005,307.97
9005415,211197,P1005,95.45
9005416,206820,P1006,22.86
9005417,202277,P1004,217.6
9005418,204796,P1006,61.12
9005419,211210,P1006,42.04
9005420,203727,P1005,28.21
9005421,210287,P1006,36.5
9005422,201231,P1001,219.69
9005423,200950,P1006,64.97
9005424,200916,P1002,44.55
9005425,205070,P1003,181.38
9005426,209044,P1001,65.96
9005427,211453,P1002,46.9
9005428,202998,P1003,17.89
9005429,210465,P1001,41.04
9005430,201492,P1005,116.44
9005431,200118,P1004,113.54
9005432,204245,P1003,17.77
9005433,204780,P1001,87.09
9005434,206894,P1003,54.12
9005435,200083,P1001,67.77
9005436,211667,P1003,13.31
9005437,205751,P1005,40.43
9005438,202846,P1006,141.59
9005439,205859,P1003,56.29
9005440,211739,P1001,32.2
9005441,203814,P1001,122.7
9005442,204759,P1003,74.81
9005443,204525,P1001,120.15
9005444,201193,P1005,198.84
9005445,202455,P1004,165.2
9005446,211283,P1004,294.72
9005447,206692,P1002,53.52
9005448,200919,P1002,150.16
9005449,203965,P1005,116.89
9005450,200855,P1002,100.2
9005451,208247,P1006,67.41
9005452,201943,P1002,65.09
9005453,208527,P1005,218.66
9005454,211467,P1005,40.97
9005455,200315,P1005,135.66
9005456,200995,P1002,173.75
9005457,208814,P1005,191.63
9005458,202206,P1005,43.22
9005459,207321,P1004,85.01
9005460,204436,P1001,135.98
9005461,203485,P1004,69.29
9005462,210934,P1003,21.54
9005463,203472,P1006,153.56
9005464,211198,P1002,267.1
9005465,206917,P1003,68.64
9005466,209205,P1006,194.65
9005467,206407,P1004,152.97
9005468,204683,P1003,196.89
9005469,201429,P1004,7.95
9005470,208902,P1006,163.28
9005471,211059,P1001,13.11
9005472,210885,P1004,104.1
9005473,210181,P1005,72.19
9005474,207874,P1001,120.56
9005475,208466,P1001,86.54
9005476,209688,P1003,113.46
9005477,210969,P1006,167.03
9005478,203990,P1006,150.06
9005479,205953,P1006,7.74
9005480,200546,P1002,37.81
9005481,202436,P1003,12.37
9005482,205372,P1002,89.75
9005483,206318,P1006,109.32
9005484,210294,P1006,120.85
9005485,207976,P1004,89.97
9005486,202147,P1001,162.1
9005487,209513,P1003,36.96
9005488,201546,P1003,90
9005489,206604,P1004,14.74
9005490,205365,P1002,30.35
9005491,203626,P1006,46.79
9005492,203627,P1005,221.45
9005493,200843,P1003,90.39
9005494,200062,P1001,87.3
9005495,210016,P1004,69.1
9005496,209538,P1005,92.47
9005497,210311,P1001,107.59
9005498,208636,P1003,81.29
9005499,211051,P1003,79.48
9005500,211568,P1006,23.81
9005501,208155,P1005,109.24
9005502,200264,P1006,386.77
9005503,206207,P1001,347.49
9005504,201449,P1001,57.01
9005505,203504,P1003,112.27
9005506,205084,P1003,126.89
9005507,203600,P1001,170.81
9005508,208770,P1003,197.05
9005509,208094,P1002,151.94
9005510,203199,P1002,48.36
9005511,207674,P1005,108.78
9005512,201378,P1001,94.5
9005513,205272,P1002,118.17
9005514,201461,P1006,32.65
9005515,209797,P1001,191.77
9005516,204556,P1006,96.9
9005517,209441,P1006,188.03
9005518,204210,P1003,143.87
9005519,200443,P1003,56.73
9005520,210945,P1001,167.55
9005521,208779,P1004,46.98
9005522,205384,P1001,109.81
9005523,200260,P1004,287.73
9005524,205468,P1003,89.35
9005525,205782,P1002,45.17
9005526,211306,P1004,76.84
9005527,211212,P1005,115.12
9005528,206433,P1004,83.07
9005529,209676,P1003,150.84
9005530,200748,P1005,79.75
9005531,209088,P1003,124.39
9005532,200361,P1005,67.25
9005533,204503,P1006,91.83
9005534,205199,P1003,193
9005535,204407,P1001,21.16
9005536,202811,P1004,85.45
9005537,201976,P1003,140.52
9005538,207709,P1006,40.8
9005539,200047,P1004,44.09
9005540,206576,P1004,27.72
9005541,207651,P1004,69.59
9005542,203359,P1006,201.45
9005543,208776,P1004,15.17
9005544,200391,P1004,79.8
9005545,204623,P1005,103.13
9005546,203596,P1006,38.14
9005547,200100,P1005,49.74
9005548,208346,P1001,222.49
9005549,201725,P1003,60.82
9005550,206716,P1004,23.86
9005551,201532,P1002,284.6
9005552,201554,P1006,61.35
9005553,206151,P1003,148.28
9005554,200801,P1003,70.16
9005555,206825,P1003,71.77
9005556,207584,P1003,126.53
9005557,206866,P1005,114.45
9005558,211809,P1002,107.37
9005559,205161,P1006,70.97
9005560,210792,P1004,94.97
9005561,204835,P1006,79.75
9005562,209262,P1006,65.45
9005563,201045,P1005,75.75
9005564,200402,P1006,29.4
9005565,200256,P1006,48.53
9005566,208742,P1001,196.8
9005567,204770,P1004,176.85
9005568,203243,P1004,44.55
9005569,202532,P1006,31.37
9005570,210832,P1006,143.75
9005571,208458,P1003,70.59
9005572,203977,P1004,106.67
9005573,209430,P1001,73.6
9005574,204480,P1001,32.22
9005575,207409,P1002,116.47
9005576,208363,P1001,83.83
9005577,204796,P1002,138.27
9005578,200782,P1006,89.12
9005579,211558,P1006,44.76
9005580,204956,P1006,42.38
9005581,201392,P1003,62.97
9005582,201937,P1002,225.3
9005583,200602,P1002,50.44
9005584,207656,P1006,115.17
9005585,208537,P1004,55.81
9005586,203131,P1003,45.55
9005587,204713,P1004,86.62
9005588,204685,P1001,87.61
9005589,200800,P1001,100.41
9005590,210303,P1002,155.74
9005591,200378,P1003,68.2
9005592,206398,P1004,109.62
9005593,202931,P1004,94.95
9005594,209788,P1002,84.3
9005595,204976,P1003,121.5
9005596,209157,P1002,13.56
9005597,203772,P1001,41.54
9005598,202958,P1004,46.99
9005599,208796,P1002,111.28
9005600,208916,P1005,69.38
9005601,201109,P1005,84.47
9005602,211130,P1004,110.92
9005603,211586,P1004,201.1
9005604,209170,P1002,49.73
9005605,206184,P1005,97.07
9005606,208677,P1003,39.01
9005607,208370,P1001,74.14
9005608,202012,P1002,78.37
9005609,205362,P1003,115.76
9005610,206145,P1004,151.99
9005611,207460,P1004,31.28
9005612,200927,P1006,138.24
9005613,201542,P1003,92.67
9005614,206052,P1003,89.14
9005615,204049,P1006,87
9005616,201078,P1006,246.13
9005617,202556,P1003,34.29
9005618,210137,P1005,51.54
9005619,210172,P1006,73.29
9005620,205557,P1001,88.14
9005621,207629,P1004,75.68
9005622,204873,P1003,19.75
9005623,201735,P1004,59
9005624,208843,P1006,221.3
9005625,204414,P1004,11.07
9005626,206808,P1001,104.37
9005627,205756,P1004,72.66
9005628,203260,P1005,80.83
9005629,210010,P1006,43.75
9005630,207724,P1005,19.73
9005631,202211,P1003,45.14
9005632,205993,P1006,82.65
9005633,204235,P1003,96.45
9005634,204565,P1004,46.5
9005635,210141,P1005,65.21
9005636,209751,P1003,170.34
9005637,200302,P1004,79.16
9005638,207689,P1001,11.58
9005639,201226,P1002,45.69
9005640,205711,P1001,151.74
9005641,208873,P1005,46.11
9005642,211823,P1004,65.93
9005643,205326,P1003,138.97
9005644,207352,P1003,176.97
9005645,205855,P1005,46.5
9005646,207440,P1004,53.69
9005647,206139,P1005,35.93
9005648,205427,P1004,182.77
9005649,201193,P1005,112.8
9005650,204544,P1004,106.42
9005651,206974,P1004,35.93
9005652,205213,P1002,132.95
9005653,206199,P1003,156.68
9005654,203286,P1006,23.73
9005655,210593,P1006,74.94
9005656,210672,P1004,126.28
9005657,204944,P1003,14.35
9005658,201156,P1002,58.26
9005659,200579,P1001,39.44
9005660,211365,P1002,96.2
9005661,209373,P1001,39.11
9005662,208343,P1004,99.68
9005663,208417,P1005,59.56
9005664,202303,P1003,195.86
9005665,207897,P1004,63.67
9005666,201460,P1003,164.34
9005667,207169,P1003,89.27
9005668,203888,P1004,14.72
9005669,201215,P1001,87.84
9005670,204834,P1004,217.29
9005671,200430,P1002,138.1
9005672,211243,P1001,299.51
9005673,209329,P1004,48.68
9005674,206451,P1003,220.85
9005675,203074,P1005,45.94
9005676,206265,P1005,90.57
9005677,207537,P1003,68.43
9005678,211436,P1004,116.52
9005679,205057,P1004,28.43
9005680,208183,P1006,101.15
9005681,204713,P1005,44.1
9005682,209141,P1006,133.96
9005683,210356,P1004,38.1
9005684,202979,P1004,296.56
9005685,206589,P1006,179.68
9005686,206619,P1004,91.74
9005687,203185,P1004,61.9
9005688,201686,P1004,107.89
9005689,211935,P1005,108.87
9005690,202432,P1004,6.43
9005691,207085,P1001,158.81
9005692,207624,P1004,80.38
9005693,202786,P1002,144.84
9005694,202239,P1001,98.59
9005695,207214,P1006,29.01
9005696,206423,P1002,203.65
9005697,210528,P1002,91.41
9005698,204478,P1001,46.22
9005699,208178,P1003,122.03
9005700,202386,P1004,62.19
9005701,210858,P1005,29.96
9005702,200091,P1001,212.09
9005703,203566,P1002,324.67
9005704,203748,P1005,111.06
9005705,200160,P1004,75.58
9005706,205229,P1006,23.95
9005707,210954,P1006,259.62
9005708,204583,P1004,127.3
9005709,209371,P1002,38.65
9005710,207195,P1001,139.79
9005711,207078,P1006,30.87
9005712,211771,P1002,46.59
9005713,203925,P1001,126.74
9005714,210179,P1006,80.37
9005715,207552,P1003,33.42
9005716,204792,P1003,187.79
9005717,204865,P1005,107.24
9005718,208653,P1001,57.23
9005719,206131,P1001,242.2
9005720,202514,P1006,108.47
9005721,201510,P1006,132.79
9005722,210519,P1004,114.58
9005723,208084,P1004,70.72
9005724,202043,P1006,54.47
9005725,200017,P1001,97.58
9005726,203771,P1003,24.23
9005727,203563,P1005,309.1
9005728,209674,P1001,70.83
9005729,203648,P1005,166.92
9005730,211661,P1003,67.81
9005731,203010,P1004,67.82
9005732,200019,P1001,179.65
9005733,207971,P1006,77.26
9005734,211347,P1004,105.29
9005735,207578,P1003,29.59
9005736,200863,P1003,193.32
9005737,206452,P1006,32.63
9005738,209001,P1005,112.81
9005739,204721,P1004,133.07
9005740,204394,P1005,133.9
9005741,200475,P1006,104.93
9005742,202771,P1003,55.91
9005743,211292,P1002,83.9
9005744,206790,P1005,164.94
9005745,201473,P1006,33.74
9005746,208687,P1006,123.72
9005747,200503,P1005,93.37
9005748,204272,P1006,82.88
9005749,208840,P1001,14.98
9005750,202905,P1001,241.46
9005751,202098,P1004,80.59
9005752,201616,P1003,20.37
9005753,211518,P1006,74.38
9005754,209203,P1002,58.41
9005755,205681,P1002,62.7
9005756,209697,P1004,41.44
9005757,203437,P1002,103.45
9005758,205334,P1001,199.17
9005759,209080,P1006,38.7
9005760,206019,P1006,73.13
9005761,205685,P1005,72.33
9005762,207099,P1004,58.85
9005763,206576,P1004,52.35
9005764,200991,P1001,217.71
9005765,203426,P1001,11.68
9005766,203480,P1005,200.31
9005767,206259,P1006,135.68
9005768,207205,P1001,73.61
9005769,211485,P1002,22.14
9005770,204196,P1003,48.61
9005771,211612,P1003,38.77
9005772,201391,P1005,22.43
9005773,209653,P1006,43.72
9005774,200173,P1003,10.56
9005775,204497,P1004,71.78
9005776,205865,P1002,35.14
9005777,200563,P1004,62.06
9005778,205425,P1006,71.02
9005779,207999,P1001,56.38
9005780,202957,P1005,61.48
9005781,200322,P1002,134.86
9005782,200482,P1005,104.58
9005783,207838,P1005,116.2
9005784,208399,P1005,266.82
9005785,202713,P1006,156.97
9005786,208660,P1004,29.72
9005787,203258,P1005,74.93
9005788,200444,P1001,145.72
9005789,205901,P1003,56.36
9005790,202787,P1005,40.73
9005791,200512,P1002,22.36
9005792,201760,P1003,45.49
9005793,210993,P1003,87.15
9005794,204946,P1001,69.96
9005795,210261,P1005,141.59
9005796,207139,P1002,25.89
9005797,207019,P1002,72.97
9005798,207610,P1004,36.5
9005799,207738,P1002,40.55
9005800,209110,P1003,87.77
9005801,202525,P1001,108.85
9005802,206513,P1006,40.61
9005803,200836,P1006,97.55
9005804,207936,P1002,166.99
9005805,204426,P1005,233.15
9005806,206023,P1005,61.95
9005807,200564,P1003,125.69
9005808,209795,P1002,248.24
9005809,206055,P1002,105.57
9005810,206365,P1006,87.9
9005811,208768,P1004,95.06
9005812,207041,P1004,37.8
9005813,208239,P1004,72.39
9005814,204007,P1003,190.17
9005815,209959,P1005,34.58
9005816,210934,P1004,43.31
9005817,210163,P1001,210.12
9005818,211260,P1005,169.31
9005819,206780,P1005,211.9
9005820,207948,P1006,99.49
9005821,206176,P1006,100.73
9005822,207921,P1006,137.14
9005823,200579,P1003,65.79
9005824,204903,P1004,55.98
9005825,208779,P1003,100.8
9005826,202758,P1006,77.08
9005827,207194,P1006,40.59
9005828,203910,P1003,112.61
9005829,200909,P1005,175.24
9005830,205757,P1006,1.51
9005831,202103,P1001,75.78
9005832,211214,P1004,178
9005833,206708,P1005,210.44
9005834,202430,P1003,116.71
9005835,200744,P1001,169.93
9005836,203448,P1004,21.7
9005837,203907,P1001,160.83
9005838,211209,P1002,114.08
9005839,203415,P1002,90.38
9005840,205482,P1006,49.16
9005841,203173,P1002,47.85
9005842,209294,P1003,95
9005843,205524,P1003,54.22
9005844,208580,P1004,314.13
9005845,201207,P1002,77.14
9005846,204315,P1004,144.52
9005847,206025,P1002,152.46
9005848,201324,P1001,166.58
9005849,203396,P1003,14.32
9005850,200871,P1002,94.93
9005851,202094,P1004,102.94
9005852,209667,P1001,47.29
9005853,207610,P1004,146.26
9005854,211015,P1001,33
9005855,208684,P1005,20.07
9005856,203344,P1005,220.2
9005857,201121,P1003,147.48
9005858,208489,P1003,276.42
9005859,207764,P1001,139.24
9005860,206073,P1003,45.57
9005861,208499,P1001,31.12
9005862,208121,P1005,87.06
9005863,210262,P1002,162.7
9005864,204858,P1001,284.75
9005865,203853,P1001,27.95
9005866,209033,P1004,285.59
9005867,202921,P1004,330.47
9005868,211878,P1005,22.73
9005869,204127,P1002,64.9
9005870,205995,P1003,154.62
9005871,208175,P1001,133.99
9005872,209623,P1006,160.12
9005873,200086,P1006,55.05
9005874,202943,P1004,30.86
9005875,208621,P1006,75.62
9005876,206473,P1004,28.09
9005877,200967,P1004,69.16
9005878,211061,P1004,44.16
9005879,205848,P1005,185.42
9005880,203240,P1001,34.72
9005881,203880,P1002,31.81
9005882,201227,P1006,52.42
9005883,207028,P1005,29.4
9005884,203567,P1006,86.83
9005885,200919,P1002,299.72
9005886,204049,P1005,145.24
9005887,201313,P1004,42.99
9005888,209177,P1005,187.2
9005889,204204,P1005,89.12
9005890,202212,P1004,36.05
9005891,200321,P1005,41.47
9005892,203194,P1006,123.12
9005893,202691,P1006,96.68
9005894,209373,P1002,145.75
9005895,208454,P1006,71.24
9005896,204816,P1003,132.95
9005897,211806,P1002,78.16
9005898,211920,P1001,42.24
9005899,205740,P1002,18.66
9005900,200367,P1001,136.49
9005901,206654,P1003,24.03
9005902,201576,P1003,67.42
9005903,201351,P1005,91.07
9005904,202548,P1001,76.62
9005905,205548,P1006,88.97
9005906,209792,P1005,193.38
9005907,208449,P1006,83.26
9005908,206625,P1003,146.53
9005909,205665,P1004,167.69
9005910,210290,P1006,135.86
9005911,210194,P1003,117.38
9005912,203948,P1005,79.91
9005913,209667,P1005,37.91
9005914,209869,P1002,34.09
9005915,204365,P1006,63.97
9005916,200532,P1006,65.97
9005917,211626,P1001,74
9005918,206262,P1005,69.75
9005919,206653,P1003,136.97
9005920,210950,P1001,150.7
9005921,211572,P1004,87.88
9005922,203197,P1004,105.42
9005923,206616,P1004,163.34
9005924,201705,P1003,125.6
9005925,201009,P1005,155.17
9005926,203809,P1001,54.9
9005927,206824,P1004,198.48
9005928,211644,P1006,107.76
9005929,208970,P1001,14.7
9005930,211527,P1001,58.38
9005931,205596,P1003,88.7
9005932,207957,P1006,95.83
9005933,201645,P1006,259.73
9005934,211666,P1005,182.99
9005935,203051,P1002,35.71
9005936,203408,P1001,42.64
9005937,208361,P1001,36.49
9005938,208432,P1006,97.65
9005939,207839,P1005,16.67
9005940,206572,P1002,87.53
9005941,201137,P1003,147.7
9005942,202670,P1002,192.81
9005943,209918,P1002,126.78
9005944,201747,P1001,127.94
9005945,202009,P1001,149.82
9005946,207639,P1002,47.77
9005947,208080,P1003,90.97
9005948,205517,P1006,32.59
9005949,209059,P1003,94.55
9005950,205232,P1005,20.07
9005951,204179,P1002,25.49
9005952,204271,P1003,69.08
9005953,208155,P1004,78.32
9005954,202521,P1006,190.8
9005955,211249,P1005,19.14
9005956,211244,P1002,194.99
9005957,210472,P1001,78.34
9005958,207140,P1006,95.08
9005959,204362,P1001,78.08
9005960,201509,P1004,34.46
9005961,210325,P1004,180.7
9005962,205794,P1006,105.81
9005963,206041,P1005,290.03
9005964,203674,P1003,108.45
9005965,206443,P1004,18.03
9005966,204650,P1001,304.63
9005967,202215,P1001,39.62
9005968,209607,P1003,149.58
9005969,209175,P1003,77.73
9005970,211627,P1004,119.5
9005971,202164,P1005,20.71
9005972,206168,P1002,57.36
9005973,202669,P1004,66.99
9005974,202061,P1003,24.5
9005975,211618,P1006,102.55
9005976,209060,P1002,30.1
9005977,200254,P1004,329.19
9005978,200271,P1001,33.74
9005979,207530,P1003,52.42
9005980,207588,P1006,91.61
9005981,208342,P1006,163.06
9005982,205296,P1005,41.48
9005983,200091,P1004,166.05
9005984,203985,P1003,27.27
9005985,202588,P1004,61.62
9005986,200586,P1004,39.12
9005987,202929,P1004,46.95
9005988,203333,P1006,279.92
9005989,208882,P1001,69.96
9005990,200939,P1005,123.11
9005991,211440,P1004,117.65
9005992,209333,P1003,39
9005993,209121,P1002,135.21
9005994,203792,P1002,174.02
9005995,205670,P1003,28.44
9005996,210678,P1001,232.77
9005997,204840,P1005,216.49
9005998,208904,P1001,54.54
9005999,211404,P1005,33.68
9006000,209272,P1006,171.89
9006001,209691,P1004,13.09
9006002,211883,P1004,99999.99
9006003,204849,P1003,97.07
9006004,211798,P1004,68.01
9006005,208254,P1004,16.74
9006006,207679,P1006,68.73
9006007,207773,P1006,92.49
9006008,206018,P1002,15.33
9006009,205563,P1001,65.9
9006010,205698,P1002,182.59
9006011,209130,P1006,30.3
9006012,207265,P1003,123.65
9006013,206818,P1002,202.62
9006014,205385,P1002,93.27
9006015,204984,P1004,120.24
9006016,203034,P1005,10.78
9006017,210305,P1001,164.3
9006018,205100,P1006,129.84
9006019,202632,P1003,7.93
9006020,210281,P1005,15.57
9006021,203994,P1004,42.65
9006022,202069,P1006,34.48
9006023,204732,P1002,51.89
9006024,200617,P1005,195.3
9006025,206699,P1002,43.91
9006026,211771,P1004,223.88
9006027,201972,P1001,36.23
9006028,208738,P1001,116.32
9006029,207773,P1001,28.98
9006030,207456,P1002,145.79
9006031,205267,P1006,37.86
9006032,203973,P1006,58.84
9006033,201207,P1006,26.89
9006034,204105,P1001,140.86
9006035,200464,P1001,69.08
9006036,204293,P1005,130.9
9006037,204050,P1004,32.1
9006038,200209,P1005,80.24
9006039,204892,P1003,130.15
9006040,208094,P1006,50.67
9006041,203555,P1003,134.28
9006042,202956,P1001,109.74
9006043,207120,P1003,173.1
9006044,210363,P1002,141.82
9006045,207001,P1003,121.25
9006046,211561,P1004,187.86
9006047,204665,P1004,117.25
9006048,206726,P1005,89.89
9006049,202671,P1001,14.84
9006050,203530,P1005,134.62
9006051,207090,P1001,102.22
9006052,208189,P1004,51.53
9006053,205848,P1004,95.97
9006054,202008,P1004,96.75
9006055,208146,P1003,105.24
9006056,209265,P1002,170.23
9006057,207666,P1006,38.54
9006058,209029,P1001,42.79
9006059,205617,P1004,149.18
9006060,210313,P1001,68.88
9006061,209575,P1005,205
9006062,200719,P1004,60.11
9006063,210261,P1004,67.54
9006064,205838,P1006,55.21
9006065,203151,P1001,147.12
9006066,210546,P1001,103.23
9006067,204445,P1002,51.22
9006068,205675,P1003,40.62
9006069,202450,P1003,37.15
9006070,205848,P1004,12.12
9006071,207009,,27.19
9006072,204449,P1006,123.07
9006073,200121,P1002,25.48
9006074,210517,P1002,111.79
9006075,202646,P1005,118.47
9006076,208958,P1006,150.44
9006077,203764,P1004,197.09
9006078,206431,P1001,112.04
9006079,209978,P1004,40.06
9006080,202765,P1004,90.27
9006081,205856,P1006,168.48
9006082,207201,P1002,68.04
9006083,211799,P1002,89.08
9006084,203612,P1003,219.89
9006085,205591,P1002,53.17
9006086,201820,P1004,108.95
9006087,203355,P1002,72.55
9006088,201285,P1006,80.13
9006089,205059,P1004,103.43
9006090,210631,P1002,137.96
9006091,202828,P1004,16.66
9006092,206415,P1005,104.28
9006093,204713,P1004,210.9
9006094,205439,P1002,58.87
9006095,207181,P1005,78.26
9006096,210380,P1005,132.28
9006097,207293,P1001,152.03
9006098,210461,P1003,14.52
9006099,208312,P1006,39.48
9006100,208205,P1005,115.43
9006101,205503,P1006,57.39
9006102,200457,P1002,47.09
9006103,201532,P1006,134.38
9006104,208500,P1004,71.34
9006105,207025,P1003,103.66
9006106,211735,P1004,77.81
9006107,202315,P1001,171.68
9006108,204047,P1004,81.77
9006109,200599,P1004,87.3
9006110,201516,P1001,331.36
9006111,208483,P1006,98.68
9006112,210829,P1001,23.63
9006113,210965,P1005,113.71
9006114,204133,P1002,177.66
9006115,201567,P1006,87.39
9006116,206258,P1003,242.85
9006117,202159,P1005,29.7
9006118,201065,P1005,213.08
9006119,200462,P1003,44.86
9006120,209320,P1001,110.79
9006121,206655,P1005,187.77
9006122,204737,P1005,100.21
9006123,206995,P1004,146.05
9006124,204929,P1004,62.02
9006125,203289,P1005,147.5
9006126,203774,P1002,83.47
9006127,200405,P1005,218.52
9006128,210949,P1006,87.28
9006129,200039,P1006,104.21
9006130,209858,P1003,64.43
9006131,206424,P1003,277.75
9006132,203777,P1004,191.34
9006133,203470,P1003,62.04
9006134,204162,P1005,270.66
9006135,204324,P1004,148.49
9006136,208730,P1002,96.04
9006137,204963,P1002,34.74
9006138,210079,P1005,47.33
9006139,203928,P1004,59.67
9006140,201661,P1003,36.04
9006141,211187,P1002,55.26
9006142,200006,P1002,17.79
9006143,207384,P1004,47.18
9006144,206878,P1001,195.37
9006145,202193,P1005,155.54
9006146,210148,P1005,153.95
9006147,209602,P1001,57.78
9006148,211877,P1004,64.14
9006149,203428,P1005,98.49
9006150,203895,P1001,293.74
9006151,207275,P1003,137.38
9006152,204982,P1003,289.8
9006153,206469,P1001,95.25
9006154,206079,P1003,136.71
9006155,206540,P1002,13.4
9006156,210849,P1004,136.8
9006157,200349,P1001,162.8
9006158,206966,P1006,100.97
9006159,208665,P1004,104.6
9006160,202854,P1003,100.06
9006161,209895,P1004,54.43
9006162,202544,P1006,46.51
9006163,204002,P1003,93.61
9006164,202746,P1001,68.8
9006165,201389,P1001,91.51
9006166,207531,P1006,30.22
9006167,208263,P1001,16.49
9006168,208481,P1004,76.06
9006169,202179,P1006,45.02
9006170,208739,P1002,38.48
9006171,211492,P1004,39.98
9006172,206789,P1002,111.69
9006173,202091,P1001,210.87
9006174,202914,P1001,165.38
9006175,205079,P1001,84.18
9006176,211496,P1002,217.88
9006177,203087,P1003,34.56
9006178,203167,P1002,60.46
9006179,200012,P1002,217.54
9006180,203688,P1001,46.48
9006181,208209,P1002,282.42
9006182,209191,P1005,215.02
9006183,201278,P1002,106.29
9006184,200945,P1003,196.21
9006185,208391,P1002,53.4
9006186,205923,P1001,110.59
9006187,200124,P1001,98.79
9006188,206155,P1004,106.49
9006189,208589,P1003,279.28
9006190,211486,P1004,14.78
9006191,201757,P1005,37.76
9006192,201109,P1003,55.8
9006193,209247,P1002,297.16
9006194,206876,P1004,136.41
9006195,211167,P1006,300.87
9006196,211677,P1005,144.48
9006197,202228,P1002,169.37
9006198,204141,P1003,51.72
9006199,200580,P1003,102.51
9006200,208490,P1003,164.49
9006201,206489,P1005,165.59
9006202,211723,P1004,19.12
9006203,205570,P1004,163.87
9006204,208879,P1001,257.65
9006205,208121,P1003,120
9006206,202178,P1004,87.41
9006207,204983,P1004,100.04
9006208,202937,P1006,45.66
9006209,203955,P1001,39.81
9006210,206862,P1005,29.66
9006211,204142,P1002,141.27
9006212,200186,P1006,119.44
9006213,201200,P1004,146.48
9006214,210671,P1006,141.47
9006215,204633,P1002,54.47
9006216,205122,P1006,162.21
9006217,201554,,378.88
9006218,210132,P1001,190.83
9006219,207822,P1006,60.9
9006220,201089,P1006,142.34
9006221,205988,P1002,98.6
9006222,209616,P1003,71.84
9006223,201072,P1006,63.33
9006224,205752,P1003,326.43
9006225,209920,P1005,43.27
9006226,202255,P1001,125.11
9006227,209475,P1005,46
9006228,208239,P1005,78.23
9006229,206509,P1001,123.65
9006230,206077,P1005,58.88
9006231,211778,P1006,153.77
9006232,207986,P1005,13.05
9006233,205661,P1002,42.36
9006234,204284,P1003,247.33
9006235,200042,P1001,30.27
9006236,205033,P1005,13.05
9006237,210671,P1004,231.5
9006238,208669,P1004,62.09
9006239,201059,P1001,331.43
9006240,206992,P1004,27.41
9006241,204100,P1005,104.77
9006242,203566,P1002,102.97
9006243,206334,P1002,38.3
9006244,207939,P1004,126.76
9006245,200897,P1004,46.4
9006246,207578,P1005,30.02
9006247,200208,P1005,127.83
9006248,201820,P1002,58.52
9006249,208092,P1006,264.81
9006250,206954,P1005,177.9
9006251,205347,P1006,45.51
9006252,200025,P1006,26.61
9006253,205760,P1006,125.75
9006254,211115,P1003,23.31
9006255,210026,P1006,55.49
9006256,209371,P1002,133.38
9006257,205100,P1001,416.38
9006258,207216,P1004,82.85
9006259,211540,P1004,64.47
9006260,211112,P1006,28.5
9006261,211213,P1003,98.83
9006262,201991,P1004,83.94
9006263,210948,P1001,79.87
9006264,209018,P1002,122.31
9006265,207494,P1004,108.44
9006266,203938,P1004,266.45
9006267,211786,P1001,50.32
9006268,206126,P1001,430.05
9006269,206380,P1005,23.84
9006270,210661,P1002,109.79
9006271,207081,P1004,108.13
9006272,202466,P1006,100.8
9006273,208541,P1004,65.47
9006274,203442,P1006,93.57
9006275,207976,P1006,89.32
9006276,204285,P1003,114.09
9006277,204348,P1001,51.97
9006278,207910,P1001,152.16
9006279,202612,P1001,113.28
9006280,205801,P1004,146.6
9006281,200179,P1003,81.46
9006282,208044,P1001,156.05
9006283,211409,P1001,45.08
9006284,204636,P1004,25.44
9006285,207121,P1004,21.79
9006286,211838,P1001,204.49
9006287,205965,P1002,58.7
9006288,201235,P1004,218.54
9006289,202389,P1006,24.23
9006290,205972,P1006,92.18
9006291,208119,P1006,34.11
9006292,200769,P1004,20.89
9006293,211075,P1003,187.63
9006294,205825,P1005,32.87
9006295,203867,P1004,133.18
9006296,207493,P1003,40.07
9006297,207327,P1001,224.4
9006298,203389,P1005,73.18
9006299,203670,P1003,9.45
9006300,203137,P1002,41.17
9006301,200614,P1005,80.39
9006302,200850,P1002,96.81
9006303,205801,P1006,276.35
9006304,208959,P1003,183.46
9006305,208005,P1002,46.48
9006306,207517,P1006,34.34
9006307,210806,P1005,176.34
9006308,204159,P1002,34.14
9006309,207766,P1006,56.9
9006310,200939,P1002,180.62
9006311,205944,P1004,14.41
9006312,210907,P1001,56.81
9006313,205540,P1002,107.49
9006314,205754,P1005,24.71
9006315,203198,P1003,118.23
9006316,210036,P1002,175.98
9006317,209924,P1002,105.35
9006318,209071,P1005,153.17
9006319,205181,P1006,75.98
9006320,209633,P1005,74.28
9006321,207024,P1005,22.75
9006322,203198,P1004,92.39
9006323,201631,P1006,37.22
9006324,208212,P1005,43.4
9006325,202825,P1002,10.04
9006326,209390,P1003,110.31
9006327,204907,P1005,67.59
9006328,205790,P1005,36.24
9006329,204035,P1001,65.34
9006330,207450,P1003,7.27
9006331,201356,P1002,127.68
9006332,206850,P1003,53.03
9006333,208040,P1004,150.76
9006334,203977,P1001,170.47
9006335,200066,P1005,94.76
9006336,208341,P1003,86.47
9006337,205010,P1001,38.92
9006338,201039,P1001,152.46
9006339,204093,P1005,173.42
9006340,207770,P1003,38.29
9006341,201174,P1001,46.28
9006342,204402,P1003,15.51
9006343,200816,P1003,60.77
9006344,204889,P1001,85.84
9006345,200370,P1004,193.72
9006346,206432,P1004,88.59
9006347,209601,P1003,59.04
9006348,201996,P1001,100.03
9006349,209291,P1001,170.71
9006350,200777,P1001,179.31
9006351,209839,P1003,60.29
9006352,204775,P1006,206.66
9006353,211847,P1006,83.14
9006354,206603,P1004,105.95
9006355,203537,P1002,151.77
9006356,207344,P1001,55.28
9006357,208846,P1004,168.42
9006358,210265,P1004,178.57
9006359,211906,P1004,46.61
9006360,201013,P1004,14.74
9006361,206967,P1002,92.1
9006362,202489,P1001,14.65
9006363,203786,P1006,251.82
9006364,202884,P1004,109.93
9006365,210895,P1001,210.2
9006366,210931,P1002,148.17
9006367,205473,P1003,6.31
9006368,203242,P1004,28.8
9006369,206762,P1005,33.98
9006370,206544,P1005,303.34
9006371,202128,P1003,190.88
9006372,205816,P1004,21.23
9006373,211659,P1002,164.14
9006374,204594,P1001,50.13
9006375,201149,P1002,84.89
9006376,206742,P1003,54.41
9006377,206884,P1003,33.85
9006378,210018,P1002,92.45
9006379,201680,P1006,72.13
9006380,203394,P1003,151.84
9006381,208769,P1004,16.3
9006382,203014,P1006,64.49
9006383,205247,P1003,120.59
9006384,209388,P1005,177.77
9006385,203891,P1002,32.24
9006386,203589,P1004,46.71
9006387,202448,P1004,153.14
9006388,205486,P1004,78.6
9006389,202788,P1003,124.97
9006390,203767,P1003,77.13
9006391,209441,P1005,67.72
9006392,204757,P1005,198.75
9006393,203046,P1002,13.24
9006394,210140,P1006,138.2
9006395,204214,P1005,58.63
9006396,208725,P1006,18.8
9006397,208137,P1005,52.18
9006398,204214,P1004,269.01
9006399,210919,P1004,33.7
9006400,201913,P1005,54.79
9006401,211520,P1006,41.82
9006402,211310,P1002,40.85
9006403,210942,P1002,132.74
9006404,201659,P1003,31.78
9006405,208396,P1004,28.44
9006406,207959,P1004,36.1
9006407,202057,P1004,173.01
9006408,209848,P1003,88.53
9006409,205760,P1002,110.95
9006410,204062,P1004,41.04
9006411,205334,P1005,128.93
9006412,207146,P1003,100.79
9006413,209046,P1003,109.65
9006414,211345,P1001,163.59
9006415,202302,P1005,74.04
9006416,209274,P1003,87
9006417,211199,P1001,113.93
9006418,204108,P1005,30.92
9006419,202566,P1005,110.88
9006420,211561,P1003,76.64
9006421,206857,P1005,156.46
9006422,203935,P1006,34.21
9006423,211880,P1003,149.57
9006424,200883,P1004,64.92
9006425,202881,P1005,135.13
9006426,206301,P1004,52.73
9006427,208956,P1006,216.22
9006428,208837,P1003,106
9006429,207005,P1001,96.3
9006430,202359,P1004,45.51
9006431,206018,P1006,239.15
9006432,200142,P1001,60.96
9006433,202213,P1002,4.53
9006434,210800,P1006,184.5
9006435,204809,P1003,80.38
9006436,209629,P1006,77.84
9006437,205561,P1006,205.57
9006438,208985,P1005,155.99
9006439,200425,P1002,62.9
9006440,209572,P1003,168.12
9006441,200275,P1006,80.11
9006442,203190,P1005,193.43
9006443,208072,P1006,125.08
9006444,209062,P1001,117.42
9006445,210527,P1004,77.77
9006446,202467,P1002,77.48
9006447,211791,P1003,62.04
9006448,201239,P1006,9.65
9006449,206140,P1004,114.16
9006450,201797,P1005,166.85
9006451,204310,P1006,44.76
9006452,207826,P1003,228.67
9006453,208846,P1001,148.18
9006454,210804,P1002,45.43
9006455,203655,P1003,60.54
9006456,210743,P1004,310.72
9006457,202516,P1001,137.38
9006458,205149,P1006,180.18
9006459,201376,P1002,6.09
9006460,201332,P1006,71.98
9006461,209183,P1004,80.88
9006462,205341,P1006,58.36
9006463,209814,P1003,51.44
9006464,203610,P1001,117.35
9006465,206457,P1006,180.59
9006466,202127,P1004,86.78
9006467,209506,P1005,234.91
9006468,210510,P1002,217.58
9006469,210837,P1002,117.19
9006470,200786,P1002,190
9006471,207492,P1006,58.15
9006472,203291,P1004,125.69
9006473,204485,P1002,150.54
9006474,201202,P1003,27.59
9006475,211568,P1001,46.1
9006476,200405,P1001,63.34
9006477,206867,P1003,64.46
9006478,200436,P1001,133.31
9006479,207051,P1003,35.65
9006480,211198,P1004,140.97
9006481,202250,P1004,117.1
9006482,205513,P1003,14.96
9006483,211234,P1002,93.36
9006484,203368,P1003,27.45
9006485,202167,P1002,9.84
9006486,209905,P1004,101.91
9006487,205325,P1003,21.94
9006488,210222,P1001,61.65
9006489,204813,P1005,37.77
9006490,200884,P1005,104.78
9006491,210516,P1005,102.4
9006492,201565,P1006,72.24
9006493,200867,P1001,135.97
9006494,209474,P1004,90.06
9006495,203800,P1002,122.56
9006496,208628,P1006,34.07
9006497,202853,P1002,63.96
9006498,210831,P1002,32.53
9006499,210440,P1004,42.7
9006500,209525,P1002,125.93
9006501,205890,P1005,250.56
9006502,208271,P1006,60.46
9006503,200669,P1002,305.4
9006504,202524,P1002,305.29
9006505,209589,P1003,51
9006506,201576,P1002,244.59
9006507,208529,P1001,103.3
9006508,203406,P1002,39.34
9006509,202108,P1003,114.32
9006510,200745,P1004,14.59
9006511,205910,P1002,47.49
9006512,203664,P1005,216.68
9006513,204945,P1005,80.71
9006514,202501,P1006,230.16
9006515,209967,P1003,36.03
9006516,211119,P1005,23.16
9006517,204578,P1006,148.41
9006518,202188,P1004,29.47
9006519,202947,P1004,43.33
9006520,210378,P1002,84.78
9006521,211202,P1004,171.08
9006522,210467,P1001,161.6
9006523,205587,P1006,43.46
9006524,209424,P1005,32.62
9006525,204904,P1004,133.47
9006526,209551,P1004,162.59
9006527,201262,P1002,107.09
9006528,206414,P1004,153.65
9006529,206474,P1005,199.14
9006530,208708,P1002,44.95
9006531,202172,P1004,152.12
9006532,201938,P1005,303.69
9006533,205170,P1006,166.8
9006534,200782,P1005,37.42
9006535,202066,P1002,5.51
9006536,205082,P1006,76.47
9006537,211817,P1004,115.28
9006538,210896,P1006,67.04
9006539,209593,P1001,41.75
9006540,205928,P1001,218.53
9006541,210140,P1004,31.8
9006542,205111,P1004,82.96
9006543,203392,P1003,155.12
9006544,208039,P1004,60.97
9006545,207060,P1003,106.07
9006546,209252,P1001,60.87
9006547,207071,P1002,56.73
9006548,203672,P1006,63.61
9006549,211350,P1005,79.39
9006550,204295,P1001,9.59
9006551,206706,P1003,40.81
9006552,203365,P1003,143.6
9006553,208984,P1005,101.15
9006554,210240,P1001,126.6
9006555,208339,P1004,82.32
9006556,205812,P1004,162.41
9006557,200396,P1002,9.6
9006558,200260,P1001,113.27
9006559,206607,P1002,177.33
9006560,208199,P1003,86.98
9006561,207178,P1006,152.07
9006562,204603,P1006,80.37
9006563,211863,P1006,71.74
9006564,202705,P1004,30.94
9006565,208125,P1002,48.13
9006566,210594,P1005,265.24
9006567,202252,P1003,110.74
9006568,202954,P1002,215.34
9006569,209334,P1002,160.16
9006570,211760,P1004,151.7
9006571,208846,P1003,84.28
9006572,208026,P1004,31.68
9006573,201304,P1002,139.06
9006574,210516,P1005,141.67
9006575,209721,P1006,199.61
9006576,209360,P1002,44.77
9006577,204930,P1005,161.54
9006578,200431,P1001,124.8
9006579,201019,P1002,152.18
9006580,211655,P1002,35.14
9006581,206540,P1002,102.96
9006582,205691,P1005,41.65
9006583,206349,P1004,46.25
9006584,201083,P1003,27.3
9006585,202769,P1001,17.95
9006586,202801,P1002,94.85
9006587,211277,P1004,174.27
9006588,202878,P1002,79.32
9006589,200986,P1006,83.46
9006590,204494,P1003,46.31
9006591,207827,P1005,29.49
9006592,209266,P1006,57.41
9006593,209356,P1004,48.92
9006594,211034,P1006,137.57
9006595,201019,P1001,126.19
9006596,204873,P1002,243.11
9006597,201230,P1003,39.57
9006598,203945,P1002,256.75
9006599,202270,P1005,32.67
9006600,202835,P1006,47.15
9006601,204798,P1004,228.93
9006602,208670,P1004,23.49
9006603,207003,P1006,42.86
9006604,203338,P1003,92.12
9006605,201272,P1005,154.3
9006606,208689,P1004,146.04
9006607,200773,P1001,73.15
9006608,208118,P1006,24.84
9006609,205707,P1003,58.93
9006610,206658,P1006,147.5
9006611,210707,P1003,149.63
9006612,204503,P1003,233.08
9006613,210191,P1003,87.74
9006614,203210,P1003,142.2
9006615,203006,P1001,108.99
9006616,205622,P1005,53.48
9006617,202653,P1006,63.16
9006618,204798,P1006,130.32
9006619,201060,P1003,75.01
9006620,206305,P1006,218.85
9006621,201698,P1003,57.19
9006622,210421,P1001,70.43
9006623,204287,P1003,22.63
9006624,205933,P1004,57.95
9006625,206090,P1003,77.17
9006626,200614,P1001,121.65
9006627,206619,P1005,84.59
9006628,205042,P1001,48.55
9006629,204219,P1001,105.53
9006630,206255,P1002,152.54
9006631,207608,P1003,96.78
9006632,210915,P1004,138.6
9006633,209119,P1005,88.29
9006634,207789,P1002,171.35
9006635,211248,P1005,20.37
9006636,206019,P1002,26.37
9006637,203538,P1004,26.76
9006638,205899,P1002,77.37
9006639,207301,P1006,81.51
9006640,201285,P1002,78.35
9006641,209525,P1001,169.14
9006642,201209,P1006,65.51
9006643,211379,P1005,72.81
9006644,210248,P1004,172.61
9006645,205946,P1003,10.97
9006646,205301,P1005,43.05
9006647,206644,P1003,74.39
9006648,203081,P1001,40.53
9006649,210419,P1002,191.27
9006650,208859,P1005,136.71
9006651,204492,P1004,28.12
9006652,204842,P1002,164.79
9006653,204950,P1001,180.42
9006654,203160,P1005,110.05
9006655,209028,P1003,64.78
9006656,208032,P1005,55.39
9006657,207596,P1001,37.78
9006658,202637,P1001,237.2
9006659,200525,P1002,4.51
9006660,208286,P1006,18.96
9006661,208739,P1004,20.33
9006662,202492,P1004,22.47
9006663,208260,P1004,71.23
9006664,207116,P1004,35.39
9006665,206048,P1005,138.14
9006666,208519,P1001,103.11
9006667,202291,P1003,107.08
9006668,205102,P1005,172.18
9006669,201035,P1006,151.16
9006670,206217,P1001,36.41
9006671,207467,P1006,116.87
9006672,211314,P1002,178.36
9006673,205574,P1004,28.9
9006674,205003,P1006,196.18
9006675,211947,P1006,22.12
9006676,206790,P1004,77.43
9006677,202497,P1004,105.48
9006678,211114,P1004,94.82
9006679,205116,P1003,89.73
9006680,201066,P1002,78.94
9006681,206812,P1003,148.95
9006682,203808,P1002,225.07
9006683,203255,P1006,53.71
9006684,201844,P1001,138.43
9006685,206374,P1003,186.72
9006686,208067,P1001,192.98
9006687,201847,P1001,53.73
9006688,202470,P1001,223.54
9006689,201603,P1004,182.73
9006690,206656,P1006,13.89
9006691,209196,P1001,9.79
9006692,208511,P1004,82.19
9006693,201686,P1005,95.88
9006694,210044,P1001,471.47
9006695,205300,P1006,40.77
9006696,206698,P1002,45.58
9006697,209082,P1005,123.1
9006698,207076,P1006,128.48
9006699,208077,P1006,41.3
9006700,203161,P1002,44.74
9006701,206481,P1004,52.17
9006702,204285,P1006,45.94
9006703,209172,P1005,117.92
9006704,202810,P1003,58.44
9006705,209438,P1001,110.91
9006706,205021,P1002,85.95
9006707,208132,P1001,29.53
9006708,206065,P1006,113.13
9006709,204400,P1006,454.19
9006710,203618,P1004,144.86
9006711,204409,P1006,40.8
9006712,205355,P1006,134.31
9006713,200108,P1003,25.49
9006714,200255,P1001,76.47
9006715,208632,P1006,210.88
9006716,201479,P1001,114.58
9006717,201645,P1001,63.67
9006718,206810,P1002,25.62
9006719,209242,P1006,102.49
9006720,204638,P1005,16.61
9006721,211369,P1002,45.15
9006722,205840,P1003,21.13
9006723,204942,P1005,84.58
9006724,207671,P1005,23.96
9006725,201600,P1001,42.26
9006726,206179,P1002,72.68
9006727,201381,P1001,65.4
9006728,205231,P1005,42.72
9006729,207609,P1004,48.15
9006730,200232,P1005,14.19
9006731,207029,P1006,34.09
9006732,209731,P1003,50.38
9006733,209124,P1001,153.61
9006734,206546,P1004,102.64
9006735,204207,P1003,123.65
9006736,201844,P1002,74.85
9006737,207514,P1002,176.13
9006738,202945,P1005,46.75
9006739,209969,P1004,111.35
9006740,211245,P1005,55.34
9006741,204902,P1004,61.46
9006742,208575,P1004,166.76
9006743,207994,P1003,38.24
9006744,209076,P1005,31.69
9006745,201780,P1001,6.71
9006746,205694,P1005,78.97
9006747,206246,P1002,37.78
9006748,203846,P1006,134.95
9006749,204457,P1006,15.12
9006750,207274,P1003,32.06
9006751,205809,P1003,51.74
9006752,201480,P1005,133.78
9006753,208846,P1006,101.18
9006754,210873,P1001,112.06
9006755,206698,P1006,105.87
9006756,209288,P1005,145.61
9006757,200748,P1006,87.91
9006758,205098,P1002,75.79
9006759,203119,P1006,223.01
9006760,206848,P1002,36.12
9006761,211285,P1002,79.58
9006762,203648,P1001,76.64
9006763,203036,P1005,356.28
9006764,211917,P1003,79.32
9006765,210844,P1001,26.11
9006766,205029,P1001,59.47
9006767,210472,P1006,236.94
9006768,207058,P1006,84.21
9006769,201078,P1005,72.94
9006770,205920,P1004,27.4
9006771,203143,P1004,54.61
9006772,203965,P1005,108.47
9006773,204758,P1004,34.21
9006774,207084,P1006,152.83
9006775,204101,P1004,46.85
9006776,200850,P1003,31.3
9006777,211871,P1002,145.82
9006778,209190,P1002,81.44
9006779,208768,P1003,202.55
9006780,201132,P1001,22.32
9006781,202146,P1006,111.72
9006782,205225,P1004,131.35
9006783,203727,P1004,64.6
9006784,211644,P1002,84.03
9006785,211224,P1004,87.62
9006786,206950,P1006,221.9
9006787,205398,P1004,54.78
9006788,210489,P1002,69.89
9006789,201940,P1001,96.29
9006790,201906,P1005,197.25
9006791,207189,P1005,5.6
9006792,200518,P1004,125.75
9006793,201169,P1004,6.47
9006794,209824,P1004,141.9
9006795,207658,P1001,74.8
9006796,211412,P1002,67
9006797,207888,P1004,161.43
9006798,207788,P1004,86.74
9006799,200378,P1006,61.03
9006800,208755,P1004,47.19
9006801,209160,P1002,82.75
9006802,208758,P1004,66.23
9006803,206951,P1005,46.8
9006804,208603,P1006,83.39
9006805,200166,P1002,64.84
9006806,206281,P1005,132.06
9006807,207367,P1003,102.32
9006808,204133,P1001,116.18
9006809,210521,P1001,75.29
9006810,204992,P1004,4.29
9006811,203860,P1002,42.73
9006812,209574,P1004,154.15
9006813,203099,P1001,62.37
9006814,208744,P1001,23.6
9006815,202833,P1002,128.04
9006816,200026,P1006,36.87
9006817,211540,P1005,58.73
9006818,204301,P1002,24.52
9006819,203671,P1002,165.46
9006820,204733,P1006,32.62
9006821,203991,P1005,74.19
9006822,204308,P1003,65.48
9006823,210594,P1002,68.07
9006824,201619,P1004,5.47
9006825,203692,P1003,183.8
9006826,203259,P1006,227.7
9006827,202887,P1005,100.48
9006828,206987,P1003,59.8
9006829,208513,P1001,132.77
9006830,202611,P1006,86.65
9006831,207383,P1005,280.13
9006832,201780,P1001,175.37
9006833,204325,P1006,82.1
9006834,201335,P1005,181.32
9006835,207372,P1003,262.04
9006836,210324,P1005,69.45
9006837,209549,P1006,41.4
9006838,207301,P1005,61.01
9006839,209999,P1006,119.08
9006840,205141,P1006,62.1
9006841,205155,P1004,68.09
9006842,204647,P1003,189.8
9006843,206822,P1001,76.54
9006844,208601,P1005,45.41
9006845,208058,P1005,182.08
9006846,202421,P1004,4.37
9006847,210646,P1001,146.78
9006848,205509,P1005,137.57
9006849,206957,P1006,149.84
9006850,205472,P1003,16.79
9006851,208321,P1005,84.5
9006852,203239,P1006,135.05
9006853,202108,P1006,105.49
9006854,202796,P1006,20.91
9006855,205413,P1005,100.88
9006856,208823,P1006,107.3
9006857,210968,P1001,178.15
9006858,209691,P1006,189.48
9006859,211068,P1004,59.52
9006860,209928,P1006,59.35
9006861,205540,P1005,10.51
9006862,201666,P1005,122.72
9006863,206755,P1002,46.51
9006864,205249,P1001,151.01
9006865,209477,P1004,94.58
9006866,200760,P1003,59.23
9006867,200975,P1005,28.79
9006868,201106,P1001,127.18
9006869,201230,P1002,160.2
9006870,202615,P1005,134.59
9006871,201146,P1001,86.89
9006872,207094,P1002,92.92
9006873,208629,P1002,189.67
9006874,200216,P1001,115.47
9006875,208236,P1002,62.11
9006876,211122,P1005,29.46
9006877,205419,P1003,268.86
9006878,200981,P1003,86.42
9006879,206594,P1001,282.6
9006880,211285,P1001,28.7
9006881,205683,P1004,24.97
9006882,207356,P1002,178.13
9006883,202521,P1005,26.28
9006884,200932,P1001,152.39
9006885,200074,P1004,38.83
9006886,209021,P1001,74.95
9006887,207991,P1003,73.16
9006888,204389,P1004,52
9006889,206632,P1003,119.34
9006890,209527,P1004,43.41
9006891,202326,P1006,99.25
9006892,207639,P1001,83.64
9006893,210666,P1006,123.76
9006894,206485,P1002,191.32
9006895,200588,P1004,115.92
9006896,206870,P1006,32.64
9006897,201553,P1001,2.52
9006898,211179,P1006,114.4
9006899,200924,P1003,67.57
9006900,207680,P1003,42.58
9006901,208302,P1002,51.2
9006902,206478,P1003,225.9
9006903,209051,P1005,74.44
9006904,211688,P1006,177.33
9006905,209609,P1006,134.68
9006906,211848,P1003,88.44
9006907,206333,P1004,42.64
9006908,202384,P1004,153.07
9006909,202498,P1005,296.06
9006910,206844,P1003,67.61
9006911,202938,P1003,73.94
9006912,211922,P1002,52.26
9006913,200169,P1005,63.29
9006914,208818,P1006,112.44
9006915,207803,P1006,171.56
9006916,201782,P1001,174.73
9006917,203428,P1004,205.78
9006918,207169,P1006,76.36
9006919,200343,P1001,97.23
9006920,209049,P1003,199.6
9006921,206191,P1002,30.1
9006922,209704,P1002,210.26
9006923,201611,P1005,30.08
9006924,200442,P1006,137.63
9006925,202837,P1005,111.81
9006926,200335,P1004,129.43
9006927,211361,P1002,43.83
9006928,202710,P1006,106.11
9006929,207280,P1002,58.11
9006930,204471,P1004,217.15
9006931,209633,P1003,92.02
9006932,204176,P1004,22.8
9006933,205846,P1001,15.81
9006934,208957,P1004,62.56
9006935,204892,P1003,96.5
9006936,204772,P1005,61.96
9006937,208150,P1005,145.82
9006938,206798,P1005,120.95
9006939,201479,P1003,42.79
9006940,209301,  ,107.77
9006941,202928,P1003,175.99
9006942,207519,P1001,17.77
9006943,202006,P1003,110.26
9006944,210465,P1006,63.15
9006945,200351,P1003,45.04
9006946,205975,P1004,74.26
9006947,211208,P1006,78.18
9006948,206207,P1001,53.02
9006949,210677,P1004,150.47
9006950,210991,P1002,121.06
9006951,210795,P1002,215.22
9006952,202806,P1004,96.3
9006953,205085,P1006,87.2
9006954,202985,P1004,151.06
9006955,201134,P1004,39.19
9006956,202931,P1002,96.88
9006957,204882,P1003,178.84
9006958,204223,P1003,96.78
9006959,211741,P1005,77.13
9006960,204024,P1001,141.96
9006961,208285,P1005,18.66
9006962,211720,P1005,45.39
9006963,210151,P1001,105.26
9006964,200302,P1005,217.33
9006965,206915,P1005,23.34
9006966,204477,P1002,106.6
9006967,211257,P1006,206.55
9006968,203323,P1002,101.96
9006969,202499,P1004,88.67
9006970,208043,P1003,128.99
9006971,202088,P1001,168.57
9006972,207476,P1004,267.93
9006973,209439,P1005,83.25
9006974,200466,P1004,8.37
9006975,204250,P1001,63.86
9006976,211601,P1005,86.78
9006977,203011,P1004,267.31
9006978,202573,P1003,28.27
9006979,209134,P1004,25.05
9006980,204627,P1002,18.79
9006981,204479,P1003,76.7
9006982,207157,P1006,62.81
9006983,209227,P1001,34.91
9006984,204303,P1005,152.96
9006985,200690,P1003,231.56
9006986,204732,P1001,181.4
9006987,204947,P1002,146.76
9006988,211086,P1002,74.84
9006989,201454,P1006,31.52
9006990,206749,P1002,137.18
9006991,207062,P1006,137.58
9006992,209585,P1003,82.28
9006993,206498,P1005,47.19
9006994,205220,P1001,35.71
9006995,207498,P1006,72.29
9006996,208969,P1001,7.84
9006997,207908,P1005,37.39
9006998,205258,P1006,290.94
9006999,204810,P1002,36.65
9007000,208449,P1003,30.09
9007001,204548,P1002,89
9007002,209093,P1005,248.16
9007003,201747,P1005,29.55
9007004,209095,P1005,30.94
9007005,205998,P1004,125.57
9007006,204631,P1001,30.45
9007007,206293,P1002,54.98
9007008,206852,P1004,12.17
9007009,203402,P1001,22.45
9007010,204255,P1003,41.84
9007011,202438,P1003,57.92
9007012,210676,P1005,122.39
9007013,210766,P1005,111.13
9007014,211892,P1001,47.04
9007015,211857,P1004,110.6
9007016,203446,P1004,217.94
9007017,206397,P1001,194.71
9007018,201889,P1004,47.34
9007019,210938,P1005,57.14
9007020,202271,P1002,113.39
9007021,209160,P1004,61.33
9007022,206355,P1004,39.27
9007023,209879,P1005,94.98
9007024,205156,P1004,93.12
9007025,200677,P1004,84.8
9007026,202194,P1006,55.88
9007027,201587,P1002,109.06
9007028,205983,P1004,100.69
9007029,205057,P1006,48.25
9007030,200416,P1005,230.73
9007031,203002,P1001,121.65
9007032,205385,P1002,40.9
9007033,200220,P1003,135.92
9007034,209584,P1006,313.88
9007035,205745,P1003,64.1
9007036,211041,P1006,97.78
9007037,207148,P1001,218.17
9007038,207931,P1002,144.99
9007039,206128,P1005,124.25
9007040,210766,P1006,217.96
9007041,201332,P1003,87.1
9007042,200915,P1002,27.56
9007043,209990,P1005,163.18
9007044,200372,P1003,50.54
9007045,206053,P1004,131.75
9007046,204464,P1005,25.86
9007047,211951,P1006,73.6
9007048,207792,P1004,31.34
9007049,205718,P1002,53.93
9007050,204510,P1003,79.81
9007051,204815,P1002,66.19
9007052,210393,P1004,142.02
9007053,208608,P1002,47.9
9007054,203727,P1001,50.78
9007055,210273,P1001,53.38
9007056,206758,P1002,81.18
9007057,211220,P1006,125.21
9007058,209328,P1002,79.69
9007059,203864,P1003,72.29
9007060,201985,P1002,36.46
9007061,201457,P1004,45.48
9007062,205453,P1005,86.74
9007063,206684,P1005,90.97
9007064,208968,P1003,125.2
9007065,204592,P1005,8.23
9007066,211560,P1002,21.17
9007067,203400,P1004,232.65
9007068,209355,P1004,187.47
9007069,201550,P1002,96.64
9007070,209909,P1005,133.38
9007071,204470,P1005,134.54
9007072,206579,P1006,140.41
9007073,200284,P1006,41.09
9007074,211381,P1003,78.47
9007075,211014,P1003,80.53
9007076,209098,P1005,32.42
9007077,210299,P1002,78.17
9007078,200731,P1005,41.13
9007079,201710,P1006,33.74
9007080,206855,P1005,80.12
9007081,203773,P1005,50.81
9007082,204935,P1003,73.98
9007083,205011,P1003,169.35
9007084,203362,P1001,79.61
9007085,209862,P1006,26.07
9007086,204150,P1002,19.11
9007087,206170,P1003,88.86
9007088,207374,P1001,171.97
9007089,211602,P1003,141.54
9007090,209174,P1006,158.51
9007091,210274,P1005,56.88
9007092,200300,P1004,118.75
9007093,206372,P1005,149.21
9007094,203061,P1005,103.7
9007095,204143,P1001,25.77
9007096,202884,P1004,79.68
9007097,211901,P1001,117.01
9007098,203813,P1006,175.22
9007099,201274,P1001,34.77
9007100,209241,P1005,152.85
9007101,208750,P1001,97.87
9007102,200188,P1003,107.57
9007103,200716,P1004,46.63
9007104,201867,P1005,42.53
9007105,207645,P1001,108.68
9007106,207551,P1003,243.36
9007107,209601,P1005,188.96
9007108,202403,P1003,37.2
9007109,206325,P1006,80.94
9007110,211673,P1001,42.07
9007111,210612,P1004,251.97
9007112,202596,P1005,46.95
9007113,201238,P1004,97.78
9007114,210746,P1002,132.33
9007115,206310,P1004,103.91
9007116,202411,P1002,105.94
9007117,208831,P1004,111.36
9007118,202333,P1003,173.14
9007119,204680,P1004,9.39
9007120,205467,P1005,41.57
9007121,201446,P1006,157.63
9007122,203409,P1005,162.41
9007123,210519,P1006,126.93
9007124,210309,P1005,59.97
9007125,200532,P1002,11.56
9007126,208097,P1003,94.73
9007127,205565,P1005,107.19
9007128,201931,P1003,77.17
9007129,209467,P1003,81.06
9007130,206654,P1001,86.37
9007131,205742,P1005,5.64
9007132,207297,P1004,46.13
9007133,208533,P1001,56.46
9007134,207906,P1001,56.31
9007135,204527,P1001,55.45
9007136,202403,P1001,10.15
9007137,207204,P1004,130.44
9007138,206296,P1001,149.59
9007139,202343,P1003,126.14
9007140,202028,P1004,78.78
9007141,209187,P1003,52.64
9007142,208902,P1003,99.63
9007143,203939,P1006,41.6
9007144,205764,P1001,19.12
9007145,206913,P1004,137.68
9007146,201957,P1003,45.59
9007147,209776,P1004,97.11
9007148,201001,P1004,54.88
9007149,202953,P1002,221.99
9007150,208587,P1001,55.73
9007151,210311,P1005,181.68
9007152,211188,P1003,68.15
9007153,211854,P1004,41.47
9007154,201623,P1003,67.35
9007155,210676,P1003,116.8
9007156,207650,P1002,50.73
9007157,204842,P1005,48.14
9007158,211189,,88.11
9007159,202204,P1001,107.29
9007160,208525,P1006,45.15
9007161,211000,P1001,52.5
9007162,201997,P1005,47.21
9007163,202859,P1005,56.25
9007164,209980,P1002,87.19
9007165,211269,P1004,142.67
9007166,207143,P1003,115.82
9007167,203716,P1001,189.29
9007168,205221,P1003,125.4
9007169,201743,P1003,77.64
9007170,210840,P1005,61.01
9007171,204259,P1001,38.68
9007172,203281,P1002,131.37
9007173,208796,P1004,106.75
9007174,211222,P1005,115.19
9007175,207667,P1003,134.1
9007176,206538,P1005,293.56
9007177,210329,P1001,218.87
9007178,211347,P1004,267.73
9007179,202577,P1004,199.83
9007180,206857,P1004,94.68
9007181,206823,P1001,305.71
9007182,208301,P1002,123.15
9007183,204174,P1004,60.78
9007184,201344,P1006,32.56
9007185,201638,P1005,100.11
9007186,206457,P1003,80.41
9007187,201671,P1003,51.35
9007188,205419,P1002,209.59
9007189,209222,P1003,134.4
9007190,207502,P1003,91.03
9007191,211143,P1001,66.92
9007192,202309,P1004,87.39
9007193,207243,P1001,60.65
9007194,210779,P1006,93.5
9007195,205909,P1004,207.88
9007196,207460,P1004,90.81
9007197,201222,P1003,76.31
9007198,204956,P1002,298.69
9007199,200038,P1006,73
9007200,203868,P1002,131.5
9007201,205770,P1002,18.34
9007202,203017,P1002,80.98
9007203,200328,P1005,78.77
9007204,211834,P1004,120.04
9007205,206510,P1005,80.87
9007206,210830,P1003,16.6
9007207,200300,P1001,68.38
9007208,210314,P1005,16
9007209,211513,P1001,54.02
9007210,204769,P1001,139.3
9007211,210385,P1005,40.02
9007212,210238,P1005,156.67
9007213,206378,P1005,55.78
9007214,205633,P1005,23.46
9007215,208936,P1006,139.06
9007216,209955,P1003,67.83
9007217,211868,P1004,158.73
9007218,210146,P1004,46.16
9007219,206601,  ,105.96
9007220,211059,P1004,219.97
9007221,210699,P1004,55.09
9007222,202848,P1004,138.17
9007223,200205,P1005,35.07
9007224,200985,P1001,136.99
9007225,208013,P1006,80.21
9007226,208497,P1005,223.01
9007227,206140,P1006,88.22
9007228,202710,P1001,64.19
9007229,204299,P1005,61.41
9007230,211009,P1006,95.14
9007231,204270,P1005,64.36
9007232,208747,P1002,23.23
9007233,203741,P1001,121.18
9007234,202842,P1005,42.4
9007235,208788,P1004,84.47
9007236,209455,P1001,188.09
9007237,204555,P1005,16.17
9007238,205959,P1003,100.24
9007239,209356,P1002,238.39
9007240,206697,P1003,58.7
9007241,201583,P1001,29.56
9007242,207104,P1002,137.28
9007243,210177,P1005,43.54
9007244,211578,P1001,88.71
9007245,211384,P1002,58.92
9007246,207130,P1002,140.91
9007247,202068,P1005,224.37
9007248,209227,P1006,91.77
9007249,210299,P1005,177.98
9007250,206065,P1006,106.06
9007251,207567,P1004,250.81
9007252,205823,P1006,155.01
9007253,203189,P1003,56.59
9007254,201984,P1003,8.51
9007255,207740,P1004,95.24
9007256,208162,P1005,127.12
9007257,202489,P1006,140.59
9007258,206566,P1004,91.1
9007259,200780,P1001,58.4
9007260,209938,P1005,148.99
9007261,204620,P1005,172.11
9007262,208233,P1001,93.29
9007263,210899,P1006,74.25
9007264,206734,P1005,80.31
9007265,205445,P1002,39.25
9007266,211277,P1006,45.64
9007267,205184,P1006,112.14
9007268,208746,P1005,186.59
9007269,211552,P1003,52.65
9007270,210849,P1006,105.47
9007271,207809,P1005,402.58
9007272,207462,P1006,16.11
9007273,206854,P1005,59.33
9007274,202423,P1006,140.17
9007275,210837,P1003,238.22
9007276,203542,P1001,62.2
9007277,201772,P1003,131.29
9007278,207976,P1005,98.54
9007279,204435,P1001,6.96
9007280,211072,P1005,65.03
9007281,204704,P1005,116.79
9007282,208483,P1001,140.68
9007283,210157,P1003,162.84
9007284,206990,P1003,7.67
9007285,200886,P1003,39.13
9007286,207491,P1003,66.32
9007287,206102,P1005,172.83
9007288,203624,P1002,52.76
9007289,200377,P1005,69.86
9007290,201572,P1006,102.86
9007291,203010,P1003,94.65
9007292,200769,P1003,18.98
9007293,211800,P1001,32.27
9007294,208781,P1005,51.26
9007295,204399,P1003,36.68
9007296,206394,P1003,89.23
9007297,204027,P1002,141.68
9007298,208575,P1005,104.13
9007299,205560,P1001,176.02
9007300,210356,P1003,101.23
9007301,201503,P1006,3.5
9007302,201479,P1003,46.7
9007303,202535,P1006,41.69
9007304,203733,P1004,89.14
9007305,201781,P1006,221.93
9007306,201963,P1003,150.7
9007307,204633,P1003,151.64
9007308,210024,P1002,139.17
9007309,200484,P1001,70.34
9007310,206821,P1003,86.38
9007311,206280,P1006,58.62
9007312,202981,P1005,111.43
9007313,208542,P1003,19.86
9007314,205451,P1005,194.4
9007315,204254,P1003,34.11
9007316,208453,P1004,11.8
9007317,200556,P1006,89.26
9007318,200689,P1002,161.17
9007319,200996,P1006,120.87
9007320,206023,P1001,19.77
9007321,204274,P1001,153.47
9007322,209645,P1003,29.26
9007323,207169,P1006,191.39
9007324,210590,P1002,58.73
9007325,202813,P1001,51.63
9007326,207058,P1003,45.66
9007327,210886,P1005,23.66
9007328,206260,P1003,69.93
9007329,202174,P1004,55.51
9007330,202685,P1003,53.67
9007331,201765,P1005,58.93
9007332,200220,P1004,57.75
9007333,206733,P1003,17.93
9007334,203503,P1006,156.99
9007335,205417,P1002,443.86
9007336,201236,P1002,79.27
9007337,209782,P1002,39.97
9007338,210270,P1004,97.41
9007339,208145,P1004,188.28
9007340,200294,P1005,270.2
9007341,211266,P1001,2.98
9007342,209855,P1005,84.59
9007343,209193,P1003,23.76
9007344,204504,P1005,65.11
9007345,209944,P1002,16.38
9007346,205471,P1002,147.51
9007347,209242,P1004,152.93
9007348,202226,P1002,144.68
9007349,201251,P1002,157.41
9007350,207142,P1002,29.26
9007351,206518,P1006,79.03
9007352,201544,P1002,143.65
9007353,205827,P1002,21.61
9007354,204998,P1001,10.48
9007355,206418,P1005,37.03
9007356,208721,P1006,165.33
9007357,203278,P1005,78.27
9007358,200486,P1001,88.64
9007359,207321,P1005,57.45
9007360,205994,P1001,46.18
9007361,200412,P1006,247.17
9007362,200060,P1004,45.03
9007363,200842,P1003,85.31
9007364,202896,P1004,141.03
9007365,204645,P1004,79.94
9007366,205346,P1004,126.45
9007367,206116,P1006,185.2
9007368,200989,P1004,18.78
9007369,207792,P1006,64.9
9007370,209658,P1004,78.83
9007371,211068,P1006,163.05
9007372,207393,P1001,99.2
9007373,200400,P1006,197.79
9007374,210116,P1005,130.94
9007375,208188,P1006,94.47
9007376,208406,P1006,118.79
9007377,211385,P1002,291.37
9007378,203388,P1003,75.84
9007379,204385,P1006,52.14
9007380,211795,P1001,59.85
9007381,205537,P1004,69.13
9007382,202893,P1005,270.32
9007383,210841,P1001,112.76
9007384,201850,P1006,16.63
9007385,204376,P1004,135.16
9007386,202713,P1001,83.6
9007387,210970,P1001,25.66
9007388,203604,P1002,29.82
9007389,207966,P1002,52.28
9007390,210298,P1006,79.28
9007391,209233,P1003,39.81
9007392,209365,P1006,102.57
9007393,202141,P1003,136.89
9007394,205104,P1004,139.94
9007395,208767,P1001,72.96
9007396,207009,P1001,80.58
9007397,204676,P1006,224.36
9007398,205328,P1005,62.4
9007399,206830,P1003,118.01
9007400,206952,P1004,10.01
9007401,200801,P1006,84.68
9007402,205993,P1001,136.59
9007403,207541,P1002,116.14
9007404,207246,P1004,41.2
9007405,202033,P1003,41.73
9007406,207281,P1003,188.69
9007407,202854,P1001,50.48
9007408,203456,P1005,82.19
9007409,205387,P1003,43.16
9007410,204266,P1002,36.55
9007411,202111,P1002,41.01
9007412,202700,P1003,46.67
9007413,209070,P1001,36.34
9007414,204570,P1001,71.05
9007415,201437,P1006,27.33
9007416,208407,P1001,22.66
9007417,202951,P1002,169.59
9007418,209609,P1003,202.93
9007419,209225,P1004,91.72
9007420,207419,P1006,132.19
9007421,201887,P1001,197.48
9007422,202888,P1005,120.42
9007423,202770,P1005,73.96
9007424,201312,P1002,105.99
9007425,205618,P1001,125.12
9007426,209993,P1002,215.06
9007427,207488,P1002,132.93
9007428,205944,P1005,167.9
9007429,207716,P1004,56.25
9007430,208939,P1006,90.37
9007431,203249,P1002,33.66
9007432,208067,P1002,17.98
9007433,203342,P1004,47.1
9007434,203676,P1005,40.1
9007435,201694,P1005,295.74
9007436,207504,P1002,51.65
9007437,209267,P1002,53.9
9007438,200597,P1003,77.42
9007439,208487,P1001,141.2
9007440,201693,P1006,55.28
9007441,207947,P1002,268.26
9007442,200530,P1002,48.94
9007443,200818,P1003,54.34
9007444,204657,P1003,137.57
9007445,208898,P1001,107.74
9007446,202424,P1004,37.55
9007447,205859,P1006,69.78
9007448,210554,P1006,93.62
9007449,202492,P1004,102.99
9007450,201847,P1001,126.76
9007451,210226,P1001,105.01
9007452,202436,P1002,164.66
9007453,211787,P1005,79.42
9007454,201893,P1006,82.88
9007455,208985,P1001,126.7
9007456,205859,P1003,253.21
9007457,208528,P1003,115.8
9007458,208291,P1001,180.71
9007459,207902,P1006,5.03
9007460,207344,P1002,36.87
9007461,210027,P1002,18.41
9007462,205531,P1001,118.3
9007463,200465,P1001,95.24
9007464,209929,P1002,229.04
9007465,202022,P1004,77.64
9007466,201633,P1002,335.1
9007467,206435,P1005,67.59
9007468,208324,P1002,94.17
9007469,200476,P1003,10.79
9007470,207916,P1002,106.38
9007471,200197,P1004,57.97
9007472,201409,P1002,42.53
9007473,201819,P1005,51.71
9007474,201661,P1002,63.3
9007475,201985,P1002,59.32
9007476,200532,P1005,99.43
9007477,211946,P1001,46.73
9007478,200946,P1003,50.54
9007479,203798,P1006,21.47
9007480,211432,P1002,159.76
9007481,210002,P1002,186.11
9007482,205389,P1004,57.7
9007483,210236,P1004,92.62
9007484,202716,P1001,147.52
9007485,206450,P1006,45.03
9007486,201243,P1004,36.03
9007487,211744,P1001,106.81
9007488,203787,P1003,76.27
9007489,206889,P1005,144.32
9007490,202713,P1005,102.8
9007491,202707,P1004,14.45
9007492,204663,P1002,198.46
9007493,205595,P1006,18.35
9007494,202217,P1004,122.72
9007495,200819,P1004,38.93
9007496,202747,P1003,206.75
9007497,211279,P1004,90.39
9007498,200553,P1006,39.65
9007499,205620,P1003,120.79
9007500,206059,P1005,116.58
9007501,209899,P1002,134.04
9007502,205520,P1001,22.65
9007503,200288,P1003,33.04
9007504,206289,P1006,207.73
9007505,206650,P1003,41.62
9007506,210401,P1003,117.89
9007507,205869,P1002,28.52
9007508,208198,P1005,63.68
9007509,203651,P1004,168.26
9007510,200810,P1006,175.9
9007511,210182,P1004,56.35
9007512,200379,P1001,231.43
9007513,207172,P1004,219.85
9007514,204779,P1001,240.03
9007515,208215,P1002,126.63
9007516,204984,P1001,140.04
9007517,202883,P1002,77.6
9007518,211332,P1005,52.75
9007519,203596,P1006,25.03
9007520,205038,P1004,53.67
9007521,208592,P1002,48.6
9007522,210361,P1003,120.01
9007523,207110,P1002,40.25
9007524,210630,P1002,11.11
9007525,209467,P1005,117.27
9007526,209942,P1002,100.36
9007527,200766,P1003,95.25
9007528,206119,P1005,62.67
9007529,203013,P1003,121.49
9007530,205999,P1003,136.47
9007531,203081,P1005,158.6
9007532,209649,P1005,51.31
9007533,206542,P1002,160.82
9007534,211604,P1005,44.99
9007535,200328,P1002,145.46
9007536,203867,P1001,146.34
9007537,206997,P1006,88.34
9007538,205629,P1001,24.1
9007539,209313,P1005,229.09
9007540,207419,P1002,32.56
9007541,207648,P1005,18.32
9007542,205007,P1005,270.66
9007543,209773,P1004,30.64
9007544,202222,P1004,49.29
9007545,203142,P1003,183.64
9007546,201572,P1004,54.28
9007547,209865,P1006,133.35
9007548,205079,P1002,119.68
9007549,207806,P1002,90.8
9007550,206230,P1001,53.77
9007551,208627,P1001,218.59
9007552,210654,P1003,93.39
9007553,207554,P1002,68.79
9007554,202732,P1005,68.79
9007555,208765,P1005,76.27
9007556,207445,P1006,46.74
9007557,200222,P1005,33.18
9007558,201943,P1001,67.79
9007559,207187,P1001,131.76
9007560,207942,P1006,43.41
9007561,201206,P1005,115.66
9007562,210104,P1001,161.36
9007563,202474,P1003,161.82
9007564,209067,P1004,38.33
9007565,206171,P1003,101.63
9007566,206397,P1002,72.42
9007567,211790,P1001,79.49
9007568,209836,P1001,260.93
9007569,203813,P1003,78.18
9007570,209640,P1002,99.71
9007571,205120,P1001,217.81
9007572,206849,P1004,70.28
9007573,208512,P1006,111.42
9007574,208896,P1006,73.24
9007575,206448,P1001,209.55
9007576,205123,P1002,57.62
9007577,211804,P1005,150.66
9007578,210630,P1003,63.69
9007579,208836,P1004,19.64
9007580,207630,P1001,90.01
9007581,206601,P1006,39.44
9007582,207094,P1006,74.78
9007583,201261,P1006,75.92
9007584,208252,P1001,252.36
9007585,208672,P1001,245.84
9007586,203676,P1001,149.13
9007587,210254,P1003,75.13
9007588,207558,P1005,102.98
9007589,205052,P1003,56.94
9007590,203739,P1003,134.77
9007591,208667,P1005,32.59
9007592,210482,P1006,130.97
9007593,207954,P1003,38.23
9007594,201382,P1004,183.66
9007595,208565,P1006,13.18
9007596,205225,P1004,49.99
9007597,203143,P1004,15.88
9007598,206704,P1001,68.08
9007599,202070,P1005,135.52
9007600,208312,P1002,250.01
9007601,203333,P1001,113.01
9007602,202944,P1002,33.37
9007603,208575,P1002,63.63
9007604,200068,P1001,18.97
9007605,204626,P1002,247.73
9007606,210122,P1003,33.43
9007607,203555,P1004,26.78
9007608,200015,P1006,15.8
9007609,207824,P1004,136.23
9007610,203160,P1003,179.06
9007611,200175,P1006,139.49
9007612,208087,P1003,33.9
9007613,203634,P1006,221.91
9007614,200816,P1003,121.06
9007615,206561,P1001,93.7
9007616,200906,P1006,78.98
9007617,200388,P1004,70.45
9007618,207421,P1002,56.13
9007619,204920,P1003,56.89
9007620,206321,P1003,105.83
9007621,209886,P1006,237.59
9007622,200908,P1006,115.23
9007623,210380,P1002,318.65
9007624,201096,P1003,119.05
9007625,210338,P1002,41.15
9007626,202864,P1005,21.26
9007627,206114,P1002,125.47
9007628,200522,P1002,91.54
9007629,210116,P1005,59.1
9007630,204723,P1005,136.64
9007631,202809,P1005,166.35
9007632,207682,P1001,191.74
9007633,207499,P1001,130.71
9007634,210796,P1001,83.83
9007635,205173,P1001,129.07
9007636,204313,P1005,126.87
9007637,208895,P1001,150.13
9007638,210163,P1002,197.09
9007639,202420,P1006,31.94
9007640,200732,P1003,28.8
9007641,204688,P1005,114.57
9007642,210113,P1001,150.77
9007643,204965,P1003,182.67
9007644,200376,P1004,150.82
9007645,203157,P1004,12.13
9007646,209187,P1004,63.39
9007647,201279,P1004,47.98
9007648,207801,P1005,180.93
9007649,208299,P1004,82.07
9007650,202408,P1005,215.55
9007651,208488,P1001,91.35
9007652,202450,P1001,82.39
9007653,207252,P1001,84.36
9007654,211711,P1003,125.7
9007655,208745,P1006,117.73
9007656,206021,P1002,61.24
9007657,203369,P1006,276.25
9007658,208975,P1001,99.76
9007659,210460,P1006,48.72
9007660,201664,P1002,23.62
9007661,206762,P1003,21.9
9007662,206622,P1002,37.66
9007663,207187,P1003,96.65
9007664,206423,P1003,41.9
9007665,208552,P1001,16.54
9007666,201573,P1005,51.22
9007667,207867,P1005,83.24
9007668,205637,P1002,100.21
9007669,205053,P1006,119.36
9007670,208034,P1003,74.43
9007671,211440,P1001,54.21
9007672,203633,P1001,48.52
9007673,202813,P1002,41.92
9007674,211044,P1003,145.12
9007675,203092,P1003,243.27
9007676,209419,P1003,57.8
9007677,201640,P1003,84.22
9007678,209576,P1001,154.76
9007679,206061,P1005,34.88
9007680,201719,P1006,1.97
9007681,204202,P1004,142.75
9007682,207112,P1002,12.4
9007683,209856,P1004,38.72
9007684,206746,P1006,103.96
9007685,210618,P1002,90.73
9007686,207959,P1002,90.28
9007687,206656,P1003,120.69
9007688,211852,P1005,120.37
9007689,207214,P1001,143.44
9007690,204634,P1003,30.01
9007691,200785,P1004,38.11
9007692,203330,P1001,108.81
9007693,204219,P1004,102.2
9007694,203503,P1003,27.7
9007695,204052,P1006,28.43
9007696,200046,P1002,297.08
9007697,207716,P1001,195.22
9007698,206742,P1003,103.81
9007699,211465,P1003,57.1
9007700,200126,P1002,22.32
9007701,209666,P1004,39.52
9007702,206650,P1005,177.77
9007703,211741,P1001,559.62
9007704,202622,P1006,122.86
9007705,208439,P1003,27.79
9007706,211277,P1005,44.61
9007707,210658,P1002,51.2
9007708,210118,P1004,172.13
9007709,208177,P1004,77.64
9007710,210398,P1002,25.59
9007711,203820,P1004,44.88
9007712,200408,P1003,303.7
9007713,206268,P1001,228.77
9007714,207065,P1006,20.24
9007715,209453,P1006,39.72
9007716,206491,P1006,7.81
9007717,203786,P1003,37.53
9007718,205856,P1003,167.03
9007719,201185,P1001,60.61
9007720,208854,P1001,52.32
9007721,203981,P1004,20.52
9007722,204970,P1003,136
9007723,207631,P1005,102.19
9007724,210767,P1001,186.29
9007725,202698,P1005,93.73
9007726,204599,P1006,97.19
9007727,207399,P1001,41.94
9007728,203170,P1002,46.46
9007729,206136,P1003,8.21
9007730,201605,P1004,119.15
9007731,205124,P1001,41.62
9007732,206371,P1003,92.68
9007733,210319,P1005,130.14
9007734,201920,P1001,58.57
9007735,206064,P1003,40.33
9007736,211161,P1002,41.55
9007737,203199,P1005,105.71
9007738,206800,P1006,138.63
9007739,205396,P1001,91.62
9007740,206665,P1004,203.66
9007741,203132,P1006,114.27
9007742,209221,P1004,25.64
9007743,208046,P1001,262.86
9007744,207456,P1005,55.7
9007745,209483,P1003,113.36
9007746,200809,P1003,31.27
9007747,202826,P1005,72.5
9007748,206686,P1006,125.97
9007749,203101,P1003,52.28
9007750,208822,P1004,77.92
9007751,209890,P1003,100.08
9007752,201276,P1002,42.9
9007753,209618,P1006,61.39
9007754,209221,P1002,135.71
9007755,205688,P1001,52.61
9007756,203307,P1002,41.25
9007757,204160,P1005,54.63
9007758,211455,P1001,228.95
9007759,201679,P1004,111.69
9007760,201610,P1003,57.65
9007761,204539,P1002,10.48
9007762,200438,P1003,33.29
9007763,203239,P1006,102.19
9007764,202979,P1006,188.21
9007765,204691,P1003,9.22
9007766,207023,P1001,36.56
9007767,204665,P1006,259.27
9007768,201562,P1004,113.2
9007769,203208,P1004,103.1
9007770,203422,P1001,110.62
9007771,201016,P1002,259.29
9007772,205689,P1005,137.7
9007773,200106,P1004,128.63
9007774,209776,P1001,156.08
9007775,200496,P1006,97.91
9007776,209865,P1006,132.71
9007777,201431,P1002,132.11
9007778,211543,P1006,94.29
9007779,200600,P1006,177.13
9007780,208337,P1005,135.05
9007781,203916,P1003,246.55
9007782,206189,P1004,40.51
9007783,211824,P1003,44.77
9007784,204687,P1005,50.71
9007785,206872,P1002,103.75
9007786,204470,P1006,134.74
9007787,202002,P1006,79.64
9007788,201268,P1005,31.65
9007789,204800,P1001,46.61
9007790,210126,P1006,203.42
9007791,206007,P1006,119.95
9007792,202612,P1003,44.98
9007793,202294,P1003,84.3
9007794,207250,P1001,86.27
9007795,208186,P1005,158.73
9007796,204221,P1005,49.53
9007797,203028,P1004,146.31
9007798,209035,P1002,202.02
9007799,204018,P1004,39.93
9007800,205859,P1003,155.32
9007801,211123,P1001,31.31
9007802,210316,P1003,104.66
9007803,210351,P1005,133.86
9007804,209307,P1005,47.88
9007805,211668,P1003,114.92
9007806,206817,P1006,104.5
9007807,200315,P1002,44
9007808,209053,P1002,0.09
9007809,209857,P1003,120.23
9007810,204348,P1002,198.37
9007811,211335,P1001,21.94
9007812,203818,P1006,124.51
9007813,208541,P1002,121.84
9007814,202660,P1006,163.78
9007815,200408,P1004,154.23
9007816,203825,P1001,13.31
9007817,207754,P1002,134.47
9007818,211312,P1003,50
9007819,201174,P1001,19.8
9007820,205365,P1003,152.6
9007821,209385,P1003,168.13
9007822,200676,P1006,128.33
9007823,207871,P1003,16.67
9007824,204098,P1001,46.91
9007825,205391,P1006,190.57
9007826,211800,P1005,157.59
9007827,201686,P1003,121.38
9007828,205581,P1005,103.37
9007829,205693,P1002,20.83
9007830,207177,P1001,66.66
9007831,203783,P1001,61.37
9007832,202636,P1004,68.79
9007833,208801,P1003,22.36
9007834,202694,P1001,186.16
9007835,211098,P1002,71.29
9007836,209462,P1002,74.12
9007837,204081,P1006,129.63
9007838,200267,P1001,192.48
9007839,209412,P1001,25.3
9007840,207629,P1002,20.49
9007841,208245,P1005,25.87
9007842,211590,P1004,54.12
9007843,200819,P1001,104.4
9007844,206483,P1002,105.57
9007845,209853,P1004,113.14
9007846,203075,P1003,94.34
9007847,201370,P1004,90.95
9007848,207951,P1001,213.16
9007849,211073,P1004,24.84
9007850,200752,P1006,128.5
9007851,210310,P1005,51.65
9007852,200833,P1002,20.77
9007853,201849,P1004,160.26
9007854,206199,P1004,51.5
9007855,203160,P1006,14.87
9007856,202714,P1006,35.8
9007857,208688,P1005,60.87
9007858,207141,P1004,80.55
9007859,202616,P1005,17.61
9007860,200250,P1001,93.48
9007861,208229,P1004,74.09
9007862,202148,P1003,55.61
9007863,200841,P1003,123.37
9007864,200761,P1003,28.09
9007865,205842,P1002,74.81
9007866,208941,P1004,55.08
9007867,200496,P1006,70.1
9007868,209504,P1004,131.83
9007869,210805,P1005,21.45
9007870,208284,P1002,97.24
9007871,205096,P1004,86.49
9007872,209021,P1002,69.57
9007873,205021,P1001,78.22
9007874,210248,P1003,103.8
9007875,201795,P1005,27.32
9007876,200917,P1004,144.95
9007877,206432,P1002,87.63
9007878,211306,P1006,20.14
9007879,210062,P1003,120.82
9007880,200803,P1004,36.92
9007881,210693,P1006,143.71
9007882,206780,P1002,26.35
9007883,201067,P1006,13.3
9007884,208656,P1002,33.07
9007885,205981,P1006,164.03
9007886,206744,P1001,79.14
9007887,201563,P1006,36.69
9007888,205990,P1005,235.75
9007889,201247,P1006,240.55
9007890,200719,P1004,58.83
9007891,205278,P1006,44.04
9007892,201306,P1005,250.8
9007893,211733,P1004,257.79
9007894,206742,P1003,63.53
9007895,211681,P1001,17.6
9007896,209316,P1001,56.51
9007897,201007,P1006,27.46
9007898,210634,P1004,100.76
9007899,201382,P1003,97.87
9007900,209988,P1004,17.83
9007901,205342,P1006,132.55
9007902,210254,P1001,28.8
9007903,206218,P1001,53.23
9007904,203111,P1002,174.17
9007905,211596,P1002,158.14
9007906,200989,P1003,24.9
9007907,211144,P1003,42.45
9007908,204368,P1002,11.32
9007909,206340,P1002,101.84
9007910,205865,P1003,85.44
9007911,207188,P1005,197.34
9007912,202574,P1001,38.35
9007913,205439,P1006,116.75
9007914,202879,P1001,33.47
9007915,202088,P1001,64.64
9007916,204393,P1003,67.51
9007917,201970,P1001,221.72
9007918,210860,P1006,55.99
9007919,203805,P1001,50.75
9007920,206902,P1001,28.55
9007921,201522,P1005,34.61
9007922,202814,P1001,136.44
9007923,201750,P1004,108.27
9007924,210672,P1002,45.45
9007925,208539,P1005,74.29
9007926,204065,P1005,55.69
9007927,205226,P1005,279.33
9007928,205067,P1003,147.44
9007929,207296,P1001,128.48
9007930,208874,P1001,66.66
9007931,203958,P1004,52.92
9007932,210344,P1005,53.25
9007933,211873,P1001,82.56
9007934,202338,P1006,41.19
9007935,209078,P1002,180.83
9007936,201507,P1003,162.29
9007937,203646,P1004,14.98
9007938,208778,P1006,184.85
9007939,204482,P1006,242.27
9007940,201006,P1003,13.86
9007941,203513,P1003,386.6
9007942,205166,P1004,89.44
9007943,207133,P1005,36.91
9007944,205282,P1001,42.11
9007945,206697,P1001,25.77
9007946,205744,P1006,129.11
9007947,209980,P1004,58.53
9007948,209942,P1006,62
9007949,203233,P1004,47.35
9007950,207818,P1005,54.92
9007951,208236,P1004,221.78
9007952,201881,P1005,140.21
9007953,205345,P1001,12.86
9007954,210825,P1004,21.43
9007955,201461,P1002,19.66
9007956,208139,P1002,104.43
9007957,204216,P1002,162.15
9007958,207408,P1006,67.53
9007959,207494,P1006,147.32
9007960,211278,P1003,116.85
9007961,204970,P1001,50.82
9007962,205080,P1004,238.36
9007963,206631,P1006,46.39
9007964,202804,P1003,206.37
9007965,206678,P1002,87.54
9007966,208158,P1001,80.6
9007967,206683,P1003,53.14
9007968,203408,P1003,186.8
9007969,209649,P1003,181.96
9007970,205087,P1002,95.57
9007971,203391,P1002,104.73
9007972,211467,P1003,129.6
9007973,206782,P1004,121.94
9007974,201611,P1001,57.47
9007975,205432,P1006,170.71
9007976,211300,P1003,205.17
9007977,209383,P1005,121.33
9007978,202969,P1001,294.11
9007979,208131,P1006,18.67
9007980,205836,P1002,88.62
9007981,207575,P1006,17.81
9007982,201065,P1005,88.4
9007983,200369,P1002,208.36
9007984,208304,P1006,25.85
9007985,204513,P1002,91.24
9007986,205272,P1002,57.52
9007987,200495,P1002,124.39
9007988,206506,P1002,39.35
9007989,211425,P1001,119.01
9007990,204313,P1006,153.26
9007991,209469,P1006,220.78
9007992,202274,P1005,87.26
9007993,202978,P1002,86.98
9007994,205307,P1006,84.26
9007995,205865,P1003,124.83
9007996,209733,P1002,131.31
9007997,206106,P1002,100.54
9007998,208929,P1002,23.75
9007999,208410,P1004,178.24
9008000,209547,P1005,250.79
9008001,203081,P1006,96.32
9008002,209070,P1006,78.54
9008003,203588,P1005,137.24
9008004,201535,P1001,326.78
9008005,208772,P1001,53.48
9008006,206714,P1001,75.97
9008007,204589,P1005,13.32
9008008,200243,P1002,75.38
9008009,200156,P1002,27.96
9008010,209417,P1004,160.92
9008011,208032,P1001,122.4
9008012,202662,P1003,50.87
9008013,209452,P1002,128.84
9008014,210868,P1004,140.05
9008015,207721,P1001,194.36
9008016,208992,P1003,39.47
9008017,200426,P1005,123.92
9008018,201686,P1003,253.43
9008019,205177,P1001,47.46
9008020,209843,P1002,47.49
9008021,207294,P1006,114.37
9008022,205942,P1001,33.37
9008023,200134,P1001,73.69
9008024,211708,P1001,257.89
9008025,202609,P1003,327.13
9008026,211521,P1002,69.89
9008027,203882,P1001,14.83
9008028,206871,P1006,44.46
9008029,207259,P1002,156.61
9008030,205945,P1002,96.58
9008031,210373,P1006,152.72
9008032,207806,P1005,149.4
9008033,205811,P1002,214.32
9008034,206734,P1002,19.65
9008035,210288,P1006,56.57
9008036,206966,P1001,25.12
9008037,201137,P1006,95.02
9008038,209132,P1006,118.34
9008039,200064,P1004,187.16
9008040,208048,P1005,138.62
9008041,205092,P1001,134.44
9008042,211480,P1006,236.39
9008043,208773,P1003,332.08
9008044,207587,P1004,158.86
9008045,202627,P1005,84.38
9008046,200393,P1002,76.72
9008047,203452,P1002,126.52
9008048,209417,P1005,108.86
9008049,211663,P1004,26.13
9008050,205052,P1004,103.21
9008051,211491,P1006,38.39
9008052,210384,P1001,117.06
9008053,210135,P1006,72.79
9008054,206426,P1004,117.41
9008055,202884,P1003,64.09
9008056,204942,P1005,297.58
9008057,203296,P1001,130.79
9008058,209813,P1004,15.87
9008059,204551,P1006,55.53
9008060,204775,P1005,41.46
9008061,208438,P1006,51.25
9008062,201857,P1002,53.95
9008063,208678,P1005,158.12
9008064,210588,P1006,54.08
9008065,203668,P1001,84.65
9008066,202835,P1002,105.88
9008067,206579,P1006,109.32
9008068,211944,P1001,84.81
9008069,211672,P1001,110.67
9008070,201637,P1006,157.46
9008071,203668,P1002,156.18
9008072,200383,P1001,130.67
9008073,200570,P1005,44.69
9008074,210150,P1004,50.89
9008075,210216,P1002,30.69
9008076,210235,P1004,81.46
9008077,208009,P1001,86.76
9008078,203306,P1004,101.11
9008079,202740,P1003,175.97
9008080,209507,P1003,90.54
9008081,210246,P1002,54.18
9008082,201196,P1004,281.59
9008083,206426,P1006,197.66
9008084,205257,P1004,230.58
9008085,200782,P1005,2.59
9008086,209808,P1003,65.06
9008087,210787,P1003,58.58
9008088,201952,P1004,6.13
9008089,206277,P1006,81.01
9008090,201282,P1005,29.1
9008091,203911,P1002,87.49
9008092,210521,P1004,193.81
9008093,210093,P1005,85.59
9008094,210199,P1001,74.17
9008095,209797,P1003,80.56
9008096,204070,P1006,65.16
9008097,207526,P1005,49.63
9008098,201330,P1002,82.61
9008099,205586,P1001,11.88
9008100,203584,P1004,85.54
9008101,202579,P1006,15.89
9008102,207377,P1002,58.54
9008103,209042,P1005,25.63
9008104,203944,P1002,31.86
9008105,200456,P1006,29.29
9008106,207612,P1002,51.37
9008107,210956,P1003,149
9008108,211019,P1001,166.59
9008109,207964,P1003,148.27
9008110,204979,P1005,60.37
9008111,202584,P1001,66.06
9008112,211037,P1003,126.56
9008113,209696,P1003,106.02
9008114,209323,P1004,300
9008115,202265,P1005,53.07
9008116,207104,P1004,145.28
9008117,205258,P1005,72.54
9008118,203250,P1003,11.94
9008119,205432,P1002,102.57
9008120,208634,P1004,54.27
9008121,206091,P1003,89.96
9008122,210113,P1001,110.01
9008123,204999,P1004,131.26
9008124,201775,P1005,41.02
9008125,204143,P1002,98.64
9008126,207996,P1001,61.02
9008127,203217,P1006,181.82
9008128,205292,P1005,189.64
9008129,205263,P1003,43.99
9008130,209154,P1003,89.49
9008131,203624,P1005,126.01
9008132,200864,P1004,140.55
9008133,204331,P1006,150.53
9008134,208668,P1002,36.28
9008135,205098,P1005,90.75
9008136,209693,P1001,72.39
9008137,208409,P1004,145.53
9008138,203285,P1003,149.18
9008139,204808,P1004,110.37
9008140,201245,P1003,100.31
9008141,207296,P1003,81.53
9008142,204265,P1005,15.5
9008143,205753,P1002,61.92
9008144,210579,P1001,133.94
9008145,208961,P1003,36.52
9008146,208513,P1001,119.88
9008147,207631,P1003,197.17
9008148,210915,P1002,218.54
9008149,210756,P1005,126.77
9008150,202153,P1002,19.63
9008151,205010,P1003,171.63
9008152,204749,P1001,13.21
9008153,211169,P1002,155.73
9008154,211320,P1005,67.1
9008155,207163,P1004,76.62
9008156,201438,P1002,89.87
9008157,204552,P1005,92.41
9008158,203945,P1004,112.52
9008159,205052,P1001,76.37
9008160,208709,P1001,106.17
9008161,208523,P1006,52.13
9008162,203468,P1001,55.26
9008163,210341,P1004,58.34
9008164,210131,P1005,114.99
9008165,209541,P1004,92.71
9008166,211211,P1004,71.51
9008167,204480,P1002,89.29
9008168,200850,P1003,42.35
9008169,204246,P1005,138.23
9008170,202604,P1004,242.53
9008171,203112,P1006,37.07
9008172,206372,P1004,264.22
9008173,202902,P1002,25.39
9008174,208852,P1001,232.34
9008175,203770,P1006,147.5
9008176,203780,P1005,119.61
9008177,206510,P1002,144.83
9008178,203929,P1001,267.59
9008179,200022,P1003,195.7
9008180,202231,P1005,109.29
9008181,207554,P1004,63.02
9008182,210205,P1003,44.6
9008183,209966,P1006,57.76
9008184,210786,P1006,21.93
9008185,211415,P1006,69.23
9008186,201759,P1001,121.71
9008187,200360,P1005,151.99
9008188,205526,P1004,174.99
9008189,211697,P1004,71.72
9008190,202368,P1001,101.46
9008191,210551,P1006,34.19
9008192,203539,P1003,115.22
9008193,207726,P1003,67.65
9008194,204410,P1005,72.29
9008195,205948,P1004,83.77
9008196,207543,P1005,32.58
9008197,204198,P1004,135.24
9008198,201145,P1003,81.87
9008199,200565,P1005,80.92
9008200,211098,P1001,41.05
9008201,206601,P1006,96.42
9008202,209285,P1005,35.56
9008203,203561,P1006,144.24
9008204,200525,P1002,69.07
9008205,211689,P1002,9.21
9008206,200190,P1004,371.83
9008207,206186,P1001,95.54
9008208,207992,P1005,189.26
9008209,207764,P1002,67.69
9008210,206968,P1004,48.82
9008211,210468,P1005,120.35
9008212,205862,P1003,22.46
9008213,206480,P1006,95.42
9008214,207776,P1006,59.53
9008215,206552,P1005,55.08
9008216,208869,P1001,66.15
9008217,200391,P1004,29.53
9008218,208638,P1001,31.59
9008219,209809,P1001,81.05
9008220,211213,P1001,167.62
9008221,208379,P1003,28.07
9008222,204885,P1006,132.65
9008223,204965,P1003,58.22
9008224,204906,P1002,57.84
9008225,211775,P1001,177.14
9008226,202526,P1006,40.85
9008227,210339,P1003,186.75
9008228,200209,P1006,22.3
9008229,207991,P1006,99.45
9008230,210624,P1004,70.36
9008231,208813,P1002,5.91
9008232,203714,P1003,65.78
9008233,208059,P1006,84.78
9008234,204819,P1004,150.9
9008235,204701,P1006,61.29
9008236,208512,P1005,154.96
9008237,210729,P1005,17.14
9008238,203299,P1002,213.85
9008239,203076,P1003,76.16
9008240,203648,P1002,38.18
9008241,204560,P1002,55.63
9008242,206965,P1001,29.64
9008243,202767,P1003,137.47
9008244,208382,P1004,116.67
9008245,201718,P1002,134.22
9008246,208496,P1001,94.44
9008247,207970,P1005,42.58
9008248,204924,P1002,63.53
9008249,204661,P1003,61.17
9008250,206851,P1002,143.1
9008251,203561,P1005,94.36
9008252,200384,P1006,79.82
9008253,201994,P1006,13.07
9008254,209786,P1001,36.04
9008255,205998,P1003,41.24
9008256,203491,P1006,74.21
9008257,210879,P1002,63.02
9008258,200473,P1003,158.69
9008259,210051,P1001,27.89
9008260,203970,P1004,95.66
9008261,202049,P1002,108.88
9008262,201822,P1005,128.85
9008263,211787,P1002,279.7
9008264,202586,P1004,111.45
9008265,201638,P1006,76.12
9008266,211054,P1003,78.13
9008267,204781,P1002,23.06
9008268,208394,P1002,228.73
9008269,203342,P1001,65.02
9008270,205163,P1001,14.39
9008271,201195,P1006,132.91
9008272,207617,P1001,87.87
9008273,203298,P1001,229.57
9008274,206996,P1001,119.14
9008275,206749,P1002,16.56
9008276,203249,P1002,112.48
9008277,211305,P1004,23.64
9008278,206089,P1006,75.62
9008279,206022,P1003,61.2
9008280,203503,P1002,121.03
9008281,201494,P1001,132.84
9008282,200291,P1002,43.7
9008283,210453,P1004,38.14
9008284,211438,P1003,111.37
9008285,204615,P1004,265.22
9008286,206295,P1003,17.81
9008287,203608,P1006,173.05
9008288,202446,P1001,103.15
9008289,206784,P1005,7.51
9008290,206465,P1003,252.49
9008291,204610,P1001,64.14
9008292,207937,P1002,40.47
9008293,207099,P1006,19.09
9008294,202912,P1003,222.97
9008295,210867,P1004,47.22
9008296,205119,P1001,87.57
9008297,208535,P1002,98.87
9008298,200937,P1005,130.72
9008299,206261,P1001,64.07
9008300,203341,P1006,105.29
9008301,203844,P1006,33.41
9008302,205624,P1001,45.1
9008303,210751,P1002,86.24
9008304,210869,P1002,14.55
9008305,208075,P1003,4.44
9008306,211815,P1002,40.46
9008307,211220,P1003,119.26
9008308,203925,P1001,70.78
9008309,201343,P1001,86.17
9008310,203631,P1003,21.14
9008311,203284,P1004,215
9008312,200303,P1006,23.58
9008313,200536,P1006,14.45
9008314,200006,P1003,23.46
9008315,204370,P1001,123.77
9008316,207194,P1001,49.81
9008317,202615,P1005,210.13
9008318,210529,P1004,174.53
9008319,200142,P1003,81.5
9008320,205917,P1004,54.14
9008321,211024,P1003,73.66
9008322,207611,P1003,95.11
9008323,207933,P1005,154.69
9008324,205324,P1002,86.47
9008325,202419,P1003,36.99
9008326,201995,P1004,206.07
9008327,206311,P1005,97.89
9008328,211826,P1003,97.4
9008329,200773,P1005,15.79
9008330,211671,P1004,50.64
9008331,205933,P1002,14.84
9008332,204438,P1004,118.01
9008333,209338,P1002,147.74
9008334,203156,P1004,95.11
9008335,211063,P1004,88.55
9008336,207785,P1002,69.45
9008337,204892,P1005,76.04
9008338,203606,P1001,142.78
9008339,203939,P1003,293.71
9008340,209836,P1001,49.07
9008341,207999,P1004,188.6
9008342,203082,P1005,74.82
9008343,206294,P1006,108.82
9008344,203012,P1004,172.14
9008345,200913,P1004,218.92
9008346,202690,P1005,105.6
9008347,208634,P1004,164.18
9008348,201375,P1003,95.52
9008349,208542,P1005,39.26
9008350,206218,P1001,1.91
9008351,209678,P1006,78.37
9008352,210451,P1006,165.32
9008353,203189,P1002,155.03
9008354,204015,P1005,52.9
9008355,202928,P1001,309.29
9008356,200552,P1003,140.89
9008357,208120,P1005,51.44
9008358,201052,P1003,60.79
9008359,204511,P1005,61.9
9008360,206657,P1002,50.44
9008361,201872,P1005,133.76
9008362,202791,P1006,59.72
9008363,201663,P1001,50.88
9008364,201751,P1006,103.43
9008365,209133,P1005,98.69
9008366,201570,P1003,44.81
9008367,204241,P1002,75.93
9008368,202730,P1001,122.11
9008369,202042,P1001,85.59
9008370,201278,P1003,27.1
9008371,211101,P1003,42.86
9008372,211579,P1006,83.74
9008373,204449,P1006,122.4
9008374,200671,P1005,92.08
9008375,202203,P1005,73.36
9008376,210843,P1005,80.75
9008377,200080,P1001,193.34
9008378,208978,P1003,172.36
9008379,209478,P1001,35.78
9008380,202255,P1002,153.03
9008381,210036,P1002,284.57
9008382,207201,P1004,51.4
9008383,203194,P1001,113.04
9008384,204053,P1005,58.73
9008385,204229,P1002,21.92
9008386,204678,P1006,44.92
9008387,205431,P1001,87.89
9008388,204351,P1006,53.51
9008389,203479,P1001,21.98
9008390,209032,P1005,45.77
9008391,204924,P1001,70.31
9008392,202012,P1002,71.24
9008393,206660,P1004,150.76
9008394,208769,P1001,82.44
9008395,200683,P1003,110.9
9008396,202432,P1001,28.23
9008397,206072,P1002,52.32
9008398,206040,P1001,247.57
9008399,208757,P1006,18.63
9008400,211637,P1004,227.71
9008401,203997,P1004,17.03
9008402,206085,P1004,62.27
9008403,204676,P1002,35.07
9008404,200629,P1006,36.38
9008405,202045,P1006,25.72
9008406,203763,P1001,72.2
9008407,204738,P1004,81.75
9008408,206813,P1006,45.31
9008409,207960,P1004,137.87
9008410,201953,P1004,111.06
9008411,206899,P1001,211.26
9008412,208116,P1003,33.06
9008413,205726,P1002,113.52
9008414,208841,P1006,181.76
9008415,205682,P1002,147.71
9008416,209646,P1001,47.28
9008417,205808,P1005,71.67
9008418,208779,P1002,54.37
9008419,208435,P1001,53.23
9008420,200671,P1004,39.14
9008421,201942,P1005,86.63
9008422,204520,P1001,136.68
9008423,211798,P1001,78.45
9008424,207602,P1001,28.91
9008425,208851,P1004,95.1
9008426,209765,P1006,94.54
9008427,203838,P1005,62.48
9008428,202667,P1003,41.29
9008429,205692,P1004,77.83
9008430,211847,P1005,91.1
9008431,200375,P1002,82.92
9008432,207859,P1001,125.26
9008433,203993,P1002,124.96
9008434,211730,P1002,111.26
9008435,200873,P1005,132.94
9008436,205990,P1004,37.1
9008437,210650,P1004,114.48
9008438,210528,P1006,26.94
9008439,201535,P1002,31.72
9008440,207914,P1006,65.44
9008441,205510,P1006,50.38
9008442,206045,P1002,23.48
9008443,209455,P1004,160.3
9008444,207896,P1003,211.28
9008445,205201,P1001,72.66
9008446,203148,P1006,212.32
9008447,210723,P1003,205.03
9008448,205400,P1002,78.55
9008449,201800,P1005,27.13
9008450,210542,P1005,26.86
9008451,207033,P1006,76.14
9008452,202195,P1005,44.84
9008453,200445,P1005,303.48
9008454,206594,P1002,54.58
9008455,207143,P1006,35.88
9008456,201269,P1002,126.65
9008457,205254,P1006,46.99
9008458,204398,P1006,28.47
9008459,201452,P1004,56.2
9008460,210997,P1004,86.33
9008461,203656,P1002,51.2
9008462,211478,P1001,18.1
9008463,200251,P1006,67.96
9008464,207713,P1002,80.93
9008465,201604,P1004,94.72
9008466,201992,P1003,230.52
9008467,205852,P1004,134.15
9008468,205965,P1006,163.21
9008469,209547,P1006,168
9008470,200336,P1004,48.56
9008471,210568,P1005,173.63
9008472,210386,P1001,135.02
9008473,205407,P1004,103.64
9008474,207021,P1002,10.32
9008475,208300,P1006,26.6
9008476,209801,P1001,125.57
9008477,211930,P1002,50.68
9008478,203931,P1005,68.9
9008479,200255,P1006,18.97
9008480,209377,P1004,156.97
9008481,210743,P1004,53.34
9008482,200573,P1006,72.26
9008483,200927,P1004,114.8
9008484,200381,P1004,107.14
9008485,206633,P1002,28.61
9008486,207836,P1001,48.02
9008487,211688,P1006,195.92
9008488,207219,P1002,185.23
9008489,210986,P1006,68.04
9008490,210201,P1001,128.77
9008491,208622,P1002,54.02
9008492,207797,P1001,48.52
9008493,209246,P1005,362.73
9008494,202949,P1003,142.26
9008495,205679,P1005,140
9008496,210899,P1006,57.19
9008497,201677,P1001,55.67
9008498,209740,P1005,33.47
9008499,200156,P1005,112.9
9008500,204748,P1001,59.91
9008501,204718,P1005,114.14
9008502,210597,P1001,68.5
9008503,206856,P1001,82.81
9008504,209744,P1001,38.98
9008505,205174,P1002,117.33
9008506,200704,P1001,69.27
9008507,200196,P1004,146.1
9008508,202349,P1002,47.04
9008509,201426,P1006,64.53
9008510,207471,P1002,150.83
9008511,200229,P1002,116.66
9008512,204030,P1006,53.31
9008513,205859,P1005,56.26
9008514,206330,P1004,57.2
9008515,205735,P1003,96.89
9008516,204398,P1003,124.34
9008517,206457,P1002,67.98
9008518,208974,P1005,160.02
9008519,201452,P1005,111.84
9008520,209955,P1003,37.39
9008521,209698,P1005,85.45
9008522,207876,P1006,19.18
9008523,208468,P1003,49.51
9008524,204857,P1001,123.65
9008525,205632,P1005,34.78
9008526,211469,P1003,336.62
9008527,200367,P1002,137.53
9008528,201584,P1001,81.23
9008529,202650,P1003,60.79
9008530,201852,P1005,89.84
9008531,206084,P1004,205.08
9008532,200979,P1001,148.41
9008533,210997,P1003,61.62
9008534,209916,P1003,138.53
9008535,210447,P1003,396.12
9008536,201715,P1003,204
9008537,205169,P1004,26.57
9008538,209452,P1004,61.67
9008539,204945,P1003,192.63
9008540,208552,P1006,104.96
9008541,209602,P1001,44.6
9008542,208287,P1003,170.27
9008543,209692,P1001,226.03
9008544,204533,P1004,49.03
9008545,211226,P1005,34.4
9008546,203928,P1001,125.18
9008547,206793,P1006,41.6
9008548,209118,P1006,95.4
9008549,202228,P1004,47.36
9008550,202771,P1003,48.23
9008551,204576,P1004,64.75
9008552,205094,P1004,122.67
9008553,203319,P1002,189.11
9008554,203490,P1003,352.73
9008555,211530,P1003,128.15
9008556,204033,P1003,276.81
9008557,203409,P1004,127.52
9008558,210229,P1004,111.25
9008559,200010,P1006,100.06
9008560,205612,P1001,207.76
9008561,209683,P1001,13.74
9008562,206090,P1006,130.15
9008563,202676,P1006,137.11
9008564,208742,P1002,74.37
9008565,204910,P1002,104.11
9008566,200654,P1001,28.04
9008567,200820,P1001,149.32
9008568,203219,P1002,57.43
9008569,201221,P1003,225.69
9008570,210011,P1006,109
9008571,207913,P1005,150.33
9008572,205164,P1006,35.44
9008573,211117,P1004,59.86
9008574,202357,P1002,93.19
9008575,209171,P1006,97.51
9008576,200722,P1002,156.99
9008577,206699,P1004,187.55
9008578,205563,P1001,36.09
9008579,201104,P1004,74.74
9008580,201251,P1005,79.55
9008581,210704,P1002,46.84
9008582,208288,P1005,93.04
9008583,202075,P1006,67.45
9008584,205416,P1004,234.82
9008585,211044,P1006,161.76
9008586,206999,P1001,103.14
9008587,209601,P1002,125.37
9008588,210536,P1003,43.44
9008589,210268,P1006,70.99
9008590,201539,P1002,224.83
9008591,200787,P1004,34.77
9008592,208803,P1001,143.55
9008593,204849,P1005,132.84
9008594,205575,P1002,96.71
9008595,208212,P1002,60.2
9008596,200759,P1001,47.17
9008597,203606,P1004,75.57
9008598,208656,P1003,143.97
9008599,201577,P1001,128.18
9008600,204039,P1004,36.84
9008601,209044,P1005,48.48
9008602,209325,P1005,124.11
9008603,200928,P1005,44.86
9008604,211372,P1004,127.99
9008605,202820,P1001,85.57
9008606,200256,P1002,137.42
9008607,203477,P1003,177.68
9008608,200402,P1002,120.44
9008609,204323,P1006,34.34
9008610,206955,P1005,107.39
9008611,202391,P1005,101.91
9008612,207344,P1006,140.66
9008613,202204,P1002,73.27
9008614,205776,P1003,30.27
9008615,200810,P1005,154.5
9008616,209992,P1004,133.81
9008617,210902,P1001,48.94
9008618,208281,P1001,137.03
9008619,203177,P1001,25.05
9008620,207751,P1001,35.05
9008621,204383,P1002,68.21
9008622,205029,P1001,86.97
9008623,210816,P1003,68.62
9008624,209109,P1001,118.09
9008625,200374,P1005,339.68
9008626,208594,P1003,84.68
9008627,209573,P1001,158.88
9008628,201716,P1001,123.73
9008629,210540,P1006,46.18
9008630,202345,P1005,31.47
9008631,207389,P1002,235.69
9008632,207576,P1004,77.27
9008633,204520,P1006,158.13
9008634,209216,P1003,33.59
9008635,206424,P1006,128.65
9008636,210611,P1006,174.38
9008637,204744,P1006,27.09
9008638,203003,P1005,204.62
9008639,203884,P1002,53.02
9008640,208392,P1004,54.3
9008641,200107,P1004,403.88
9008642,205062,P1001,69.62
9008643,207344,P1004,5
9008644,203824,P1005,51.31
9008645,204906,P1002,76.76
9008646,204272,P1003,72.46
9008647,202093,P1005,189.16
9008648,209512,P1001,170.57
9008649,203210,P1004,220.68
9008650,205417,P1002,45.5
9008651,209998,P1003,94.51
9008652,208998,P1002,49.28
9008653,207071,P1001,303.1
9008654,200192,P1006,83.26
9008655,210814,P1005,41.28
9008656,207935,P1002,113.25
9008657,208767,P1001,159.06
9008658,210848,P1001,53.27
9008659,202693,P1001,124.6
9008660,211942,P1005,59.69
9008661,208218,P1005,58.02
9008662,208830,P1002,274.47
9008663,202506,P1004,229.16
9008664,211347,P1002,58.02
9008665,208099,P1005,96.3
9008666,206774,P1005,62.23
9008667,200398,P1004,126.15
9008668,207502,P1001,25.89
9008669,206876,P1006,81.52
9008670,210933,P1003,181.16
9008671,204537,P1005,85.95
9008672,209105,P1001,62
9008673,211093,P1005,171.2
9008674,211399,P1002,149.2
9008675,202946,P1005,126.31
9008676,207258,P1005,176.6
9008677,207173,P1005,166.8
9008678,211830,P1001,122.66
9008679,208469,P1006,53.35
9008680,200472,P1005,159.35
9008681,200441,P1001,37.84
9008682,206730,P1002,5.69
9008683,201109,P1001,179.42
9008684,204262,P1002,222.76
9008685,207893,P1005,22.62
9008686,200641,P1006,259.5
9008687,200095,P1001,128.24
9008688,202550,P1005,156.48
9008689,209399,P1001,86.81
9008690,207390,P1001,106.17
9008691,210437,P1001,234.55
9008692,200380,P1006,172.06
9008693,208527,P1002,52.02
9008694,205892,P1002,59.89
9008695,209040,P1002,240.77
9008696,203732,P1006,16.76
9008697,209789,P1002,30.59
9008698,207360,P1004,98.8
9008699,209425,P1005,54.15
9008700,202987,P1004,27.6
9008701,205008,P1003,225.8
9008702,202353,P1002,221.95
9008703,210034,P1002,16.7
9008704,202942,P1006,133.38
9008705,209375,P1002,149.48
9008706,210842,P1004,58.97
9008707,203458,P1002,39.03
9008708,202150,P1003,45.81
9008709,208430,P1003,127.29
9008710,205616,P1001,79.58
9008711,200796,P1003,11.19
9008712,201897,P1004,170.53
9008713,208381,P1004,200.38
9008714,208238,P1006,90.12
9008715,210475,P1003,59.17
9008716,211137,P1002,108.37
9008717,202537,P1002,240.91
9008718,202004,P1002,136.31
9008719,209334,P1003,77.72
9008720,203992,P1002,36.49
9008721,204532,P1001,38.04
9008722,202967,P1002,102.59
9008723,207624,P1004,225.25
9008724,206464,P1003,6.76
9008725,208561,P1003,4.07
9008726,200795,P1001,58.72
9008727,207002,P1006,33.9
9008728,209498,P1006,131.23
9008729,211438,P1003,38.85
9008730,209647,P1001,111.99
9008731,207114,P1006,88.4
9008732,207616,P1006,135.19
9008733,211106,P1001,56.29
9008734,206422,P1003,90.47
9008735,204376,P1006,111.66
9008736,202211,P1004,59.4
9008737,209657,P1003,126.51
9008738,204473,P1003,76.2
9008739,204408,P1004,111.41
9008740,207128,P1006,30.38
9008741,204589,P1004,223.34
9008742,207163,P1006,148.65
9008743,201694,P1002,215.8
9008744,203565,P1005,51.42
9008745,208004,P1006,195.57
9008746,206529,P1003,108.23
9008747,204354,P1001,51.33
9008748,205868,P1006,57.55
9008749,204716,P1002,31.02
9008750,211932,P1003,38.27
9008751,204383,P1004,131.46
9008752,208851,P1005,25.34
9008753,201777,P1001,40.7
9008754,203645,P1005,88.1
9008755,202921,P1003,159.09
9008756,202073,P1003,188.5
9008757,208427,P1006,94.94
9008758,202713,P1005,42.87
9008759,204754,P1006,45.77
9008760,209852,P1004,100.13
9008761,202384,P1003,29.9
9008762,211180,P1006,31.99
9008763,211594,P1002,35.31
9008764,202516,P1006,37.91
9008765,208120,P1004,80.17
9008766,205772,P1003,71.22
9008767,203096,P1001,44.76
9008768,201621,P1003,92.6
9008769,211771,P1004,92.71
9008770,207532,P1005,195.91
9008771,204825,P1001,174.99
9008772,202589,P1004,94.43
9008773,202475,P1002,133.95
9008774,205062,P1002,20.59
9008775,206423,P1006,139.68
9008776,204132,P1001,179.55
9008777,206617,P1005,134.34
9008778,209055,P1005,154.32
9008779,209339,P1004,225.76
9008780,201605,P1002,5.06
9008781,202470,P1006,200.34
9008782,206126,P1006,28.35
9008783,204579,P1005,72.86
9008784,208224,P1002,68.03
9008785,205467,P1004,16.54
9008786,204603,P1005,40.66
9008787,205116,P1005,172.45
9008788,204079,P1004,49.84
9008789,205447,P1006,52.12
9008790,200241,P1006,173.03
9008791,204123,P1004,223.05
9008792,201282,P1005,56.69
9008793,206820,P1001,92.51
9008794,201992,P1004,143.47
9008795,204629,P1001,160.52
9008796,201924,P1001,388.8
9008797,203522,P1002,81.9
9008798,206974,P1001,63.14
9008799,201434,P1003,400.41
9008800,207210,P1005,83.67
9008801,201339,P1006,124.54
9008802,205279,P1002,58.12
9008803,201311,P1002,132
9008804,204812,P1002,202.08
9008805,200662,P1001,135.98
9008806,211546,P1002,5.28
9008807,211432,P1001,177.84
9008808,208436,P1004,41.07
9008809,204761,P1005,74.41
9008810,210532,P1006,199.22
9008811,210819,P1002,104.46
9008812,206696,P1004,109.76
9008813,208706,P1003,44.92
9008814,204971,P1006,52.72
9008815,207722,P1002,74.45
9008816,209580,P1004,119.98
9008817,211173,P1005,231.66
9008818,207285,P1006,51.24
9008819,206059,P1004,230.36
9008820,200309,P1002,76.18
9008821,207152,P1005,144.43
9008822,211676,P1006,65.38
9008823,205487,P1005,227.01
9008824,205448,P1003,53.51
9008825,201176,P1001,34.01
9008826,207267,P1006,123.32
9008827,204302,P1001,94.1
9008828,205585,P1004,68.2
9008829,205573,P1004,21.96
9008830,206404,P1004,210.2
9008831,211058,P1002,48.96
9008832,204492,P1003,164.72
9008833,204139,P1001,69.79
9008834,204133,P1002,77.33
9008835,203020,P1001,63.07
9008836,209661,P1002,65.74
9008837,207387,P1005,38.33
9008838,208711,P1002,109.7
9008839,203989,P1005,62.88
9008840,209321,P1002,89.58
9008841,201129,P1003,70.88
9008842,203290,P1002,225.28
9008843,208180,P1005,49.55
9008844,208822,P1006,91.65
9008845,201205,P1003,172.22
9008846,209074,P1001,60.77
9008847,211504,P1006,86.76
9008848,211846,P1003,55.46
9008849,203905,P1002,31.18
9008850,209267,P1001,82.47
9008851,208310,P1002,173.75
9008852,204915,P1006,56
9008853,209114,P1006,143.21
9008854,206085,P1001,34.48
9008855,201821,P1006,24.62
9008856,203877,P1002,67.25
9008857,201816,P1002,200.33
9008858,200315,P1005,80.77
9008859,202489,P1004,162.32
9008860,202047,P1002,58.39
9008861,203335,P1003,15.11
9008862,207500,P1002,225.44
9008863,209107,P1006,90.48
9008864,206365,P1004,76.78
9008865,203663,P1004,141.66
9008866,204039,P1004,111.51
9008867,209767,P1002,39.33
9008868,207286,P1004,171.46
9008869,203178,P1002,137.31
9008870,205567,P1004,34.88
9008871,204739,P1001,73.24
9008872,204508,P1002,68.39
9008873,210314,P1001,89.09
9008874,205893,P1005,77.73
9008875,210997,P1003,49.43
9008876,202931,P1006,49.71
9008877,201943,P1002,88.48
9008878,205557,P1005,25.67
9008879,203751,P1003,37.47
9008880,206401,P1003,117
9008881,202220,P1004,62.15
9008882,201633,P1003,193.65
9008883,211561,P1006,78.2
9008884,203377,P1006,97.27
9008885,201148,P1005,90.42
9008886,210541,P1006,26.07
9008887,209517,P1002,46.25
9008888,207075,P1003,185.97
9008889,202231,P1004,25.96
9008890,204119,P1003,130.15
9008891,200403,P1001,40.59
9008892,200317,P1002,21.82
9008893,211317,P1003,25.51
9008894,203291,P1006,56.09
9008895,209025,P1005,71.89
9008896,201318,P1004,44.71
9008897,207205,P1004,53.71
9008898,211314,P1001,72.39
9008899,208748,P1001,62.53
9008900,206112,P1006,32.47
9008901,208115,P1006,235.27
9008902,200565,P1001,197.45
9008903,203939,P1004,112.3
9008904,206855,P1005,76.18
9008905,204485,P1002,45.5
9008906,206757,P1006,156.73
9008907,203393,P1006,127.38
9008908,204817,P1006,18.6
9008909,211262,P1005,26.1
9008910,207215,P1003,124.64
9008911,200417,P1002,280.13
9008912,210299,P1001,93.79
9008913,211857,P1004,93.99
9008914,202098,P1005,56.58
9008915,205187,P1005,106.88
9008916,201540,P1004,136.21
9008917,202778,P1006,80.41
9008918,207527,P1001,100.41
9008919,204754,P1005,196
9008920,206621,P1005,60.19
9008921,208752,P1003,83.86
9008922,209411,P1001,58.57
9008923,206284,P1001,58.63
9008924,208696,P1002,44.69
9008925,200535,P1003,195.34
9008926,210433,P1003,100.93
9008927,203211,P1004,113.39
9008928,210805,P1001,173.98
9008929,210610,P1003,109.32
9008930,208369,P1004,76.37
9008931,210777,P1002,21.36
9008932,204434,P1006,78.69
9008933,202727,P1003,86.65
9008934,203649,P1004,88.8
9008935,208007,P1005,138.75
9008936,201328,P1005,161.89
9008937,206204,P1005,138.68
9008938,201667,P1002,102.05
9008939,206702,P1006,15
9008940,210659,P1001,65.47
9008941,202162,P1003,54.41
9008942,200131,P1005,39.25
9008943,210298,P1004,15.69
9008944,209119,P1003,47.08
9008945,200069,P1001,111.04
9008946,206962,P1002,106.28
9008947,209113,P1001,110.55
9008948,202988,P1005,82.05
9008949,209587,P1006,68.01
9008950,200744,P1006,222.57
9008951,203115,P1006,108.2
9008952,205527,P1005,131.36
9008953,210055,P1006,87.17
9008954,209250,P1002,130.62
9008955,207691,P1003,151.55
9008956,203543,P1005,114.33
9008957,204464,P1003,153.11
9008958,200469,P1001,46.6
9008959,207329,P1003,42.73
9008960,204869,P1001,66.05
9008961,207251,P1004,42.62
9008962,209348,P1001,69.1
9008963,201862,P1002,34.97
9008964,206497,P1006,95.2
9008965,200822,P1005,62.29
9008966,210853,P1003,41.1
9008967,204143,P1003,23.05
9008968,204975,P1004,133.97
9008969,204376,P1005,126.43
9008970,205554,P1005,94.04
9008971,203708,P1006,301.85
9008972,211870,P1006,68
9008973,208290,P1004,61.77
9008974,208429,P1003,70.18
9008975,211152,P1006,188.76
9008976,203253,P1004,133.49
9008977,201288,P1001,38.17
9008978,211355,P1004,108.91
9008979,200642,P1004,139.44
9008980,203105,P1004,121.91
9008981,209856,P1002,170.87
9008982,200121,P1001,64.75
9008983,203262,P1005,82.78
9008984,206698,P1002,178.59
9008985,205476,P1003,54.58
9008986,203477,P1006,196.54
9008987,210209,P1004,30.53
9008988,205723,P1003,27.32
9008989,210164,P1001,24.54
9008990,203079,P1001,222.39
9008991,203993,P1006,23.76
9008992,207805,P1005,97.57
9008993,201944,P1001,127.61
9008994,205958,P1005,81.62
9008995,211568,P1002,49.51
9008996,204117,P1002,71.57
9008997,205816,P1003,130.91
9008998,206887,P1003,119.89
9008999,205082,P1005,24.23
9009000,207645,P1005,67.44
9009001,206500,P1004,47.11
9009002,209868,P1003,80.65
9009003,207943,P1003,104.26
9009004,206695,P1001,338.01
9009005,200941,P1005,34.44
9009006,200852,P1001,157.6
9009007,207638,P1002,83.9
9009008,206889,P1001,79.37
9009009,210065,P1003,63.79
9009010,200631,P1004,66.67
9009011,201616,P1001,74.73
9009012,205477,P1006,50.2
9009013,206579,P1005,129.56
9009014,208855,P1002,28.81
9009015,206831,P1006,103.62
9009016,202325,P1003,70.09
9009017,206586,P1003,19.11
9009018,204015,P1002,70.48
9009019,211096,P1002,201.46
9009020,210270,P1003,13.05
9009021,204877,P1006,43.42
9009022,202702,P1002,197.12
9009023,205931,P1006,184.94
9009024,201736,P1003,48.85
9009025,210759,P1005,134.48
9009026,208406,P1003,9.88
9009027,207517,P1003,112.63
9009028,206184,P1004,407.66
9009029,207719,P1005,74.43
9009030,204359,P1005,121.18
9009031,202123,P1002,101.9
9009032,205728,P1005,263.98
9009033,207711,P1004,30.02
9009034,204416,P1006,83.96
9009035,209984,P1003,70.69
9009036,202757,P1002,148.46
9009037,208822,P1002,125.82
9009038,206668,P1003,46.12
9009039,207091,P1005,111.52
9009040,200206,P1003,70.67
9009041,203361,P1005,55.53
9009042,206579,P1005,103.2
9009043,206138,P1004,70.37
9009044,203023,P1005,39.21
9009045,210536,P1006,188.72
9009046,201837,P1006,25.12
9009047,200388,P1004,29.58
9009048,207464,P1001,53.04
9009049,201347,P1005,80.69
9009050,204449,P1005,89.95
9009051,209338,P1006,42.52
9009052,203023,P1006,75.58
9009053,209540,P1005,49.38
9009054,209435,P1003,93.38
9009055,204194,P1002,39.07
9009056,204728,P1004,342.89
9009057,204545,P1004,17.84
9009058,201238,P1002,53.43
9009059,201968,P1004,181.73
9009060,201689,P1004,153.63
9009061,204563,P1004,146.96
9009062,203355,P1003,94.43
9009063,205583,P1006,57.26
9009064,205465,P1006,29.93
9009065,208152,P1001,18.04
9009066,208412,P1004,65.75
9009067,201876,P1005,77
9009068,208335,P1006,122.82
9009069,206837,P1006,40.59
9009070,203620,P1004,58.15
9009071,208813,P1003,52.98
9009072,203132,P1001,125.45
9009073,207963,P1005,50.22
9009074,210897,P1004,100.85
9009075,205226,P1001,182.28
9009076,205077,P1003,107.44
9009077,208347,P1006,64.42
9009078,203940,P1004,22.93
9009079,206760,P1004,42.5
9009080,208083,P1001,79.39
9009081,205742,P1004,79.01
9009082,202081,P1004,215.47
9009083,209514,P1002,59.34
9009084,200529,P1005,49.81
9009085,204583,P1002,58.84
9009086,201220,P1001,56.89
9009087,209612,P1002,121.44
9009088,200141,P1003,149.42
9009089,200352,P1002,124.69
9009090,207532,P1006,97.43
9009091,206045,P1005,220.42
9009092,211689,P1006,116.61
9009093,201584,P1004,34.81
9009094,204717,P1003,119.74
9009095,209794,P1005,112.87
9009096,209277,P1001,11
9009097,208599,P1002,182.01
9009098,206655,P1006,183.42
9009099,208901,P1006,84.8
9009100,205806,P1003,276.55
9009101,204319,P1003,63.53
9009102,209642,P1002,230.26
9009103,208912,P1004,339.38
9009104,200669,P1005,71.14
9009105,203874,P1005,63.98
9009106,202726,P1006,281.1
9009107,210492,P1004,116.6
9009108,200640,P1004,53.03
9009109,204791,P1004,213.08
9009110,200208,P1006,118.03
9009111,200506,P1006,48.39
9009112,205263,P1002,29.71
9009113,209516,P1002,38.77
9009114,206711,P1002,138.04
9009115,201796,P1001,104.91
9009116,210464,P1005,150.87
9009117,201010,P1005,59.9
9009118,202071,P1006,8.13
9009119,207870,P1002,79.59
9009120,206655,P1005,24.32
9009121,211102,P1002,48.41
9009122,206238,P1002,108.79
9009123,206162,P1003,115.7
9009124,208355,P1004,47.54
9009125,206008,P1005,207.93
9009126,210481,P1004,114.21
9009127,210143,P1005,125.33
9009128,207858,P1002,73.91
9009129,206398,P1002,60.13
9009130,204838,P1006,37.05
9009131,207792,P1002,124.1
9009132,207115,P1006,147.32
9009133,209822,P1002,109.58
9009134,209731,P1006,31.55
9009135,211683,P1002,44.39
9009136,201003,P1005,92.51
9009137,201279,P1002,24.28
9009138,207526,P1004,306.9
9009139,200192,P1006,279.48
9009140,203412,P1006,55.58
9009141,209980,P1001,56.63
9009142,206449,P1006,26.21
9009143,203956,P1004,122.85
9009144,206394,P1003,65.53
9009145,207512,P1006,40.04
9009146,207719,P1002,74.62
9009147,201191,P1004,143.28
9009148,204546,P1005,185.43
9009149,201822,P1006,183.74
9009150,202336,P1002,108.9
9009151,201237,P1002,30.56
9009152,201358,P1003,66.12
9009153,202237,P1005,36.67
9009154,204324,P1001,155.87
9009155,200386,P1004,99.15
9009156,211753,P1003,200.39
9009157,210148,P1005,109.3
9009158,211310,P1003,216.19
9009159,207730,P1006,59.23
9009160,211379,P1005,47.58
9009161,208783,P1003,48.62
9009162,207397,P1002,24.17
9009163,209185,P1001,174.72
9009164,204352,P1001,210.69
9009165,201094,P1005,38.74
9009166,208250,P1006,111.86
9009167,211736,P1004,113.25
9009168,205673,P1003,17.58
9009169,211772,P1004,141.86
9009170,200844,P1003,95.45
9009171,209938,P1004,115.27
9009172,200836,P1003,28.12
9009173,208772,P1001,61.37
9009174,202427,P1003,28.65
9009175,203292,P1004,194.99
9009176,200092,P1002,71.77
9009177,202111,P1004,96.19
9009178,205915,P1001,109
9009179,208512,P1002,31.06
9009180,205175,P1006,84.51
9009181,204082,P1004,106.82
9009182,210921,P1003,116.06
9009183,207470,P1003,141.15
9009184,204392,P1005,40.46
9009185,208109,P1001,18.85
9009186,202512,P1004,78.85
9009187,207368,P1004,15.27
9009188,209028,P1002,63.92
9009189,201660,P1006,129.09
9009190,202716,P1001,68.96
9009191,200309,P1006,90.8
9009192,205173,P1001,50.89
9009193,208211,P1004,21.74
9009194,208513,P1004,122.52
9009195,209252,P1005,47.36
9009196,208507,P1003,38.7
9009197,207610,P1001,36.12
9009198,201144,P1004,169.56
9009199,210443,P1003,24.05
9009200,200372,P1006,39.86
9009201,202722,P1005,279.57
9009202,201493,P1005,10.17
9009203,202388,P1005,108.85
9009204,202506,P1002,4.88
9009205,210392,P1005,73.67
9009206,210184,P1002,27.11
9009207,211319,P1003,90.23
9009208,206089,P1006,110.41
9009209,211897,P1002,65.61
9009210,209893,P1001,10.49
9009211,206723,P1003,34.53
9009212,205724,P1006,49.43
9009213,208929,P1002,98.76
9009214,206767,P1005,54.18
9009215,207221,P1002,125.22
9009216,202869,P1005,89.92
9009217,208655,P1003,96.54
9009218,205615,P1004,264.66
9009219,210310,P1006,131.24
9009220,204471,P1005,85.61
9009221,200447,P1002,81.73
9009222,211132,P1005,124.24
9009223,208280,P1006,155.7
9009224,210721,P1006,72.5
9009225,204380,P1003,22.92
9009226,204625,P1001,95.57
9009227,209451,P1001,108.9
9009228,209604,P1004,301.87
9009229,210056,P1002,119.12
9009230,202763,P1001,134.1
9009231,209167,P1005,46.73
9009232,205954,P1003,125.5
9009233,205134,P1004,27.55
9009234,211110,P1001,90.36
9009235,211623,P1004,91.88
9009236,211057,P1005,110.86
9009237,211144,P1006,154.33
9009238,203311,P1004,56.31
9009239,205096,P1004,17.53
9009240,207848,P1006,98.74
9009241,204467,P1004,343.79
9009242,202557,P1002,89.99
9009243,205238,P1001,113.21
9009244,210016,P1004,116.35
9009245,202720,P1002,67.29
9009246,207571,P1004,143.63
9009247,201396,P1001,58.09
9009248,209832,P1004,75.45
9009249,207152,P1004,197.7
9009250,210833,P1006,28.09
9009251,206492,P1001,115.96
9009252,206178,P1006,99.74
9009253,205704,P1002,66.27
9009254,200480,P1004,36.66
9009255,207748,P1006,49.12
9009256,210341,P1001,79.61
9009257,201649,P1003,93.62
9009258,211690,P1003,167.63
9009259,201033,P1001,31.59
9009260,210703,P1005,107.06
9009261,206149,P1005,80.75
9009262,204325,P1005,183.72
9009263,207804,P1005,62
9009264,205107,P1005,64.99
9009265,211209,  ,129.93
9009266,209616,P1001,87.54
9009267,207589,P1004,9.01
9009268,207379,P1006,48.49
9009269,204739,P1005,102.53
9009270,207126,P1001,31.13
9009271,207388,P1005,266.85
9009272,206448,P1004,32.33
9009273,209962,P1004,70.72
9009274,202364,P1003,97.38
9009275,201496,P1006,78.13
9009276,202924,P1005,62.12
9009277,204641,P1005,117.7
9009278,208936,P1001,187.89
9009279,201182,P1003,107.82
9009280,209281,P1002,111.34
9009281,202485,P1003,47.06
9009282,204047,P1003,73.47
9009283,210776,P1004,23.02
9009284,204863,P1006,7.84
9009285,203950,P1005,129.84
9009286,209173,P1003,100.15
9009287,204539,P1005,125.49
9009288,211319,P1006,87.09
9009289,204158,P1003,184.49
9009290,206993,P1005,65.04
9009291,210531,P1003,51.28
9009292,200398,P1006,59.63
9009293,201090,P1006,70.78
9009294,208533,P1004,81.52
9009295,202067,P1002,192.07
9009296,201846,P1005,85.12
9009297,209271,P1005,239.66
9009298,206975,P1004,77.11
9009299,209675,P1006,28.92
9009300,202150,P1003,136.64
9009301,207415,P1001,91
9009302,201493,P1006,74.87
9009303,205163,P1004,100.06
9009304,203773,P1006,122.85
9009305,202749,P1005,45.73
9009306,211710,P1005,85.15
9009307,207559,P1004,65.15
9009308,201377,P1002,162.23
9009309,202611,P1001,133.95
9009310,209629,P1002,45.49
9009311,204424,P1001,20.33
9009312,211876,P1003,451.37
9009313,210782,P1002,356.79
9009314,210911,P1002,53.61
9009315,208898,P1002,131.57
9009316,211606,P1001,111.44
9009317,207083,P1001,47.83
9009318,201163,P1003,117.36
9009319,207927,P1001,35.17
9009320,211382,P1004,137.72
9009321,207742,P1003,61.6
9009322,210349,P1003,109.37
9009323,210835,P1004,8.21
9009324,201434,P1001,137.85
9009325,210638,P1003,28.39
9009326,209560,P1001,143.19
9009327,204490,P1005,64.63
9009328,206251,P1003,110.44
9009329,211674,P1002,29.96
9009330,203524,P1005,35.92
9009331,202310,P1002,58.44
9009332,209879,P1001,84.04
9009333,202578,P1001,15.46
9009334,208327,P1004,111.34
9009335,204137,P1001,19.54
9009336,208414,P1005,120.55
9009337,211109,P1003,21.52
9009338,210337,P1004,100.71
9009339,208708,P1003,146.1
9009340,211323,P1001,112.71
9009341,207262,P1006,100.17
9009342,208556,P1004,14.44
9009343,203098,P1002,110.24
9009344,202645,P1001,56.24
9009345,209559,P1005,113.93
9009346,207195,P1003,162.04
9009347,201608,P1001,153.47
9009348,210116,P1003,46.62
9009349,205858,P1005,105.99
9009350,202717,P1005,53.32
9009351,205987,P1002,50.69
9009352,204628,P1005,103.53
9009353,208866,P1004,104.69
9009354,200029,P1003,98.92
9009355,211013,P1005,236.01
9009356,204259,P1002,73.17
9009357,208060,P1003,201.12
9009358,200130,P1001,17.05
9009359,210115,P1004,23.85
9009360,211940,P1003,72.33
9009361,203381,P1001,55.79
9009362,205085,P1005,113.73
9009363,208169,P1004,16.34
9009364,203352,P1004,133.49
9009365,209625,P1002,78.93
9009366,205477,P1003,81.39
9009367,203549,P1001,18.1
9009368,207396,P1005,144.56
9009369,203627,P1001,37.36
9009370,205107,P1003,56.92
9009371,204136,P1002,146.14
9009372,210790,P1005,118.98
9009373,206894,P1005,102.83
9009374,210094,P1006,190.53
9009375,200187,P1001,126.15
9009376,211624,P1003,63.53
9009377,210906,P1003,93.87
9009378,203474,P1004,100.94
9009379,206594,P1003,38.38
9009380,203231,P1005,65.93
9009381,205279,P1005,140.1
9009382,208771,P1005,67.6
9009383,210816,P1005,166.86
9009384,205291,P1002,34.8
9009385,202894,P1001,54.64
9009386,204028,P1005,223.38
9009387,209281,P1004,52.28
9009388,208431,P1004,56.5
9009389,206749,P1003,31.17
9009390,203416,P1001,59.75
9009391,208962,P1001,67.14
9009392,208027,P1003,77.5
9009393,211132,P1003,75.3
9009394,206996,P1002,185.79
9009395,210135,P1006,65.92
9009396,205159,P1002,1.88
9009397,201622,P1004,51.68
9009398,204113,P1006,21.23
9009399,205605,P1002,90.57
9009400,202777,P1004,70.09
9009401,201846,P1003,72.21
9009402,200311,P1004,197.98
9009403,211885,P1001,195.65
9009404,200503,P1004,45.26
9009405,206767,P1002,175.37
9009406,200443,P1003,58.1
9009407,203825,P1005,39.19
9009408,210315,P1004,67.74
9009409,203893,P1006,113.4
9009410,208920,P1003,34.57
9009411,200429,P1001,146.28
9009412,200284,P1003,54.77
9009413,202498,P1006,137.56
9009414,201985,P1003,113.4
9009415,209124,P1004,74.19
9009416,201878,P1003,83.87
9009417,201602,P1006,80.2
9009418,209642,P1005,43.99
9009419,207329,P1001,22.19
9009420,201456,P1006,118.33
9009421,208298,P1002,105.35
9009422,201152,P1002,41.65
9009423,206782,P1004,99.88
9009424,204936,P1001,41.04
9009425,206770,P1004,66.86
9009426,208090,P1005,232.37
9009427,204938,P1003,123.74
9009428,207449,P1005,23.81
9009429,206709,P1005,78.54
9009430,209598,P1005,107.09
9009431,201191,P1001,23.14
9009432,210274,P1004,29.65
9009433,208609,P1004,74.03
9009434,203824,P1006,59.5
9009435,202037,P1003,23.64
9009436,208978,P1004,10
9009437,204963,P1004,38.27
9009438,211564,P1003,44.19
9009439,208780,P1002,74.99
9009440,208473,P1004,28.61
9009441,208544,P1002,387.64
9009442,209980,P1006,88
9009443,210333,P1005,129.57
9009444,210230,P1004,80.66
9009445,201753,P1006,262.62
9009446,200428,P1003,48.11
9009447,208371,P1001,56.65
9009448,209402,P1006,76.9
9009449,202224,P1001,73.45
9009450,202911,P1006,37.19
9009451,208644,P1005,96.5
9009452,201982,P1002,124.27
9009453,200423,P1003,10.77
9009454,201398,P1005,49.2
9009455,210556,P1001,81.21
9009456,205966,P1004,266.36
9009457,210228,P1004,85.37
9009458,206989,P1003,108.19
9009459,206589,P1006,108.45
9009460,211744,P1005,172.18
9009461,202177,P1001,156.47
9009462,211187,P1001,34.45
9009463,200211,P1001,212.41
9009464,203251,P1005,88.51
9009465,204758,P1001,87.9
9009466,208453,P1005,84.15
9009467,201960,P1005,128.37
9009468,207547,P1002,84.34
9009469,201080,P1006,277.85
9009470,200185,P1001,50.02
9009471,210309,P1004,50.89
9009472,210988,P1003,130.4
9009473,200405,P1002,25.78
9009474,203635,P1006,126.37
9009475,202929,P1003,23.71
9009476,203235,P1001,53.42
9009477,211833,P1006,148.56
9009478,211790,P1002,152.37
9009479,206614,P1006,80.22
9009480,211451,P1002,80.67
9009481,211032,P1005,139.74
9009482,208772,P1006,91.92
9009483,210822,P1006,38.34
9009484,203683,P1002,47.85
9009485,204889,P1005,224.41
9009486,202329,P1004,114.28
9009487,206373,P1003,61.33
9009488,200002,P1006,64.81
9009489,206210,P1004,270.03
9009490,206428,P1005,104.28
9009491,210011,P1003,50.15
9009492,210468,P1003,33.22
9009493,204185,P1001,17.56
9009494,205279,P1004,85.08
9009495,210091,P1001,40.42
9009496,211489,P1003,72.95
9009497,202734,P1003,78.91
9009498,200225,P1005,379.75
9009499,202383,P1006,188.4
9009500,206488,P1003,83.89
9009501,207094,P1004,159.55
9009502,202896,P1002,48.99
9009503,202280,P1006,71.86
9009504,203455,P1001,8.88
9009505,209509,P1004,55.06
9009506,211123,P1004,131.69
9009507,205297,P1006,199.42
9009508,208180,P1001,68.85
9009509,210224,P1003,268.03
9009510,208979,P1003,164.55
9009511,200467,P1006,183.35
9009512,201964,P1001,153.65
9009513,200762,P1005,21.04
9009514,200598,P1003,121.81
9009515,206463,,31.28
9009516,202695,P1006,123.49
9009517,203018,P1001,90.8
9009518,205865,P1006,25.55
9009519,205420,P1003,54.77
9009520,202895,P1002,144.66
9009521,207838,P1002,153.16
9009522,207126,P1006,166.33
9009523,200415,P1006,16.37
9009524,205956,P1003,123.65
9009525,210272,P1003,78.79
9009526,211784,P1003,168.72
9009527,201954,P1005,188.61
9009528,209538,P1003,103.59
9009529,209387,P1004,147.16
9009530,205482,P1003,349.25
9009531,205183,P1001,60.04
9009532,204021,P1001,18.67
9009533,210072,P1005,28.91
9009534,202465,P1002,90.04
9009535,201239,P1003,73.02
9009536,209711,P1004,104.93
9009537,206260,P1004,120.74
9009538,206684,P1002,82.9
9009539,204570,P1005,44.04
9009540,210041,P1004,41.19
9009541,209134,P1001,75.61
9009542,200963,P1002,58.6
9009543,202116,P1003,184.21
9009544,208757,P1005,74.23
9009545,210099,P1005,172.01
9009546,201521,P1006,18.2
9009547,207984,P1001,63.94
9009548,202896,P1003,89.76
9009549,204615,P1005,45.2
9009550,206028,P1003,107.54
9009551,208186,P1001,56.04
9009552,200559,P1001,187.87
9009553,210129,P1002,71.9
9009554,207359,P1001,146.86
9009555,208593,P1004,59.79
9009556,207147,P1005,46.14
9009557,208856,P1001,86.3
9009558,202045,P1006,15.08
9009559,201818,P1004,33.21
9009560,202241,P1005,116.39
9009561,211747,P1003,149.59
9009562,209654,P1001,20.91
9009563,204849,P1003,80.04
9009564,211158,P1004,135.98
9009565,210731,P1001,39.93
9009566,210498,P1006,134.64
9009567,201488,P1002,55.99
9009568,207654,P1001,101.65
9009569,204360,P1006,236.61
9009570,207871,P1001,28.06
9009571,208266,P1005,104.79
9009572,210719,P1004,85.58
9009573,205150,P1006,79.09
9009574,207501,P1003,63.44
9009575,208437,P1004,459.89
9009576,206725,P1003,115.47
9009577,211294,P1003,27.22
9009578,201639,P1002,82.82
9009579,203906,P1005,96.36
9009580,201690,P1002,103.9
9009581,203792,P1006,16.76
9009582,200964,P1003,106.56
9009583,205937,P1001,50.26
9009584,202826,P1006,61.71
9009585,210526,P1005,213.37
9009586,207878,P1003,26.54
9009587,208670,P1003,160.99
9009588,208129,P1005,112.9
9009589,201363,P1003,72.97
9009590,203906,P1001,126.56
9009591,209026,P1003,111.92
9009592,205220,P1004,140.4
9009593,209197,P1006,57.84
9009594,200580,P1006,88.13
9009595,206680,P1004,4.6
9009596,201672,P1001,68.33
9009597,201694,P1003,251.75
9009598,206572,P1002,81.01
9009599,209290,P1004,79.24
9009600,200943,P1006,32.4
9009601,208339,P1003,92.87
9009602,208596,P1006,47.91
9009603,205945,P1003,58.83
9009604,205424,P1004,105.67
9009605,209774,P1001,28.92
9009606,201462,P1001,26.37
9009607,200110,P1002,187.76
9009608,207455,P1002,243.19
9009609,210431,P1005,51.86
9009610,208070,P1004,104.99
9009611,202409,P1004,51.66
9009612,203403,P1005,91.24
9009613,201000,P1006,94.68
9009614,206658,P1001,135.27
9009615,203072,P1003,151.27
9009616,208297,P1001,147.95
9009617,200035,P1005,101.33
9009618,201405,P1001,45.06
9009619,206315,P1003,226.21
9009620,211035,P1006,21.72
9009621,201913,P1003,144.13
9009622,204883,P1002,59.76
9009623,207224,P1003,186.45
9009624,207101,P1005,117.64
9009625,200793,P1004,186.43
9009626,204164,P1001,81.25
9009627,206263,P1005,58.46
9009628,202181,P1003,190.27
9009629,206035,P1003,31.4
9009630,203079,P1006,66.38
9009631,207027,P1001,235.16
9009632,209247,P1003,148.97
9009633,200215,P1005,78.26
9009634,209159,P1003,131.74
9009635,208892,P1001,27.81
9009636,200654,P1001,154.3
9009637,207624,P1006,8.89
9009638,204263,P1002,144.87
9009639,201383,P1002,150.74
9009640,203448,P1002,120.16
9009641,205181,P1006,57.99
9009642,203359,P1003,101.67
9009643,205356,P1006,37.72
9009644,205311,P1002,40.52
9009645,201674,P1001,69.38
9009646,205331,P1004,110.51
9009647,209568,P1001,93.18
9009648,200358,P1002,84.47
9009649,201834,P1003,100.86
9009650,208159,P1005,71.66
9009651,208343,P1006,417.59
9009652,201451,P1005,50.4
9009653,210931,P1006,20.9
9009654,210367,P1004,86.15
9009655,200712,P1002,114.26
9009656,200697,P1006,56.18
9009657,209344,P1005,46.72
9009658,211134,P1006,81.59
9009659,208579,P1003,132.84
9009660,200952,P1004,60.5
9009661,202262,P1002,97.29
9009662,201649,P1002,68.31
9009663,208511,P1005,27.06
9009664,209555,P1006,59.01
9009665,211643,P1004,138.33
9009666,203412,P1001,87.24
9009667,203275,P1001,105.07
9009668,208758,P1002,94.53
9009669,202891,P1003,103.81
9009670,211577,P1002,63.87
9009671,205850,P1006,84.51
9009672,210569,P1005,157.9
9009673,200605,P1005,54.66
9009674,202507,P1006,83.13
9009675,209393,P1004,164.83
9009676,202010,P1003,38.66
9009677,207252,P1001,239.29
9009678,204783,P1001,147.13
9009679,203014,P1001,27.33
9009680,204752,P1004,27.27
9009681,207970,P1004,93.31
9009682,202569,P1002,101.31
9009683,202732,P1005,20.37
9009684,200725,P1001,174.89
9009685,203666,P1006,62.96
9009686,210354,P1006,109.84
9009687,207653,P1004,116.97
9009688,208733,P1006,53.48
9009689,201226,P1004,93.51
9009690,202724,P1002,17.98
9009691,210068,P1006,106.18
9009692,205224,P1002,22.93
9009693,210211,P1003,49.48
9009694,200024,P1002,57.15
9009695,211796,P1004,113.13
9009696,209209,P1001,97.63
9009697,202039,P1002,66.89
9009698,201694,P1005,156.2
9009699,211670,P1006,114.43
9009700,205955,P1005,75.39
9009701,204031,P1001,31.83
9009702,211728,P1005,53.23
9009703,210611,P1006,67.28
9009704,205322,P1003,188.28
9009705,209346,P1005,203.91
9009706,205301,P1006,36.18
9009707,207429,P1006,162.44
9009708,202709,P1004,92.5
9009709,210026,P1004,98.27
9009710,203440,P1006,37.16
9009711,208123,P1006,31.26
9009712,206427,P1001,89.16
9009713,202541,P1001,81.31
9009714,208025,P1001,87.68
9009715,201667,P1002,157.83
9009716,200066,P1001,162.23
9009717,202302,P1006,70.06
9009718,200759,P1002,150.3
9009719,203605,P1001,168.66
9009720,210932,P1001,48.3
9009721,208371,P1003,23.6
9009722,210242,P1005,51.41
9009723,208631,P1003,169.17
9009724,207992,P1006,60.23
9009725,207334,P1005,22.3
9009726,211774,P1003,72.64
9009727,205667,P1005,165.12
9009728,204268,P1006,109.04
9009729,208572,P1004,71.14
9009730,203201,P1001,91.62
9009731,208389,P1003,80.51
9009732,206612,P1005,23.16
9009733,208728,P1002,114.89
9009734,202556,P1006,33.29
9009735,203656,P1006,80.68
9009736,209850,P1003,67.42
9009737,204253,P1006,86.13
9009738,204434,P1002,53.35
9009739,210693,P1003,36.41
9009740,206991,P1002,203.11
9009741,209225,P1004,78.58
9009742,208657,P1001,74.39
9009743,210685,P1006,67.59
9009744,200030,P1002,40.26
9009745,201714,P1005,35.34
9009746,203099,P1006,19.58
9009747,202677,P1003,74.48
9009748,209056,P1001,58.63
9009749,211061,P1004,214.87
9009750,209737,P1002,33.14
9009751,200400,P1001,43.47
9009752,206731,P1005,136.24
9009753,203483,P1005,57.35
9009754,210886,P1004,50.16
9009755,201706,P1005,87.89
9009756,210174,P1002,79.98
9009757,202497,P1001,80.07
9009758,203011,P1006,267.85
9009759,207158,P1003,144.26
9009760,201537,P1006,116.97
9009761,201143,P1003,12.61
9009762,202525,P1005,87.65
9009763,203797,P1003,187
9009764,204866,P1001,101.98
9009765,204145,P1002,42.92
9009766,206683,P1005,102.48
9009767,202064,P1006,77.15
9009768,210839,P1001,153.75
9009769,202757,P1004,21.06
9009770,210189,P1005,52.14
9009771,210724,P1002,147.31
9009772,201338,P1004,47.08
9009773,208369,P1002,364.98
9009774,210194,P1003,173.23
9009775,203973,P1002,275.74
9009776,211539,P1005,56.45
9009777,207801,P1006,88.86
9009778,211270,P1002,62.37
9009779,206990,P1002,132.08
9009780,203830,P1006,155.17
9009781,207150,P1003,96.69
9009782,207429,P1004,221.08
9009783,208678,P1002,133.56
9009784,203111,P1004,155.13
9009785,203522,P1002,226.76
9009786,202228,P1005,64.63
9009787,203348,P1001,138.47
9009788,210543,P1001,139.71
9009789,203514,P1006,37.27
9009790,210418,P1004,21.82
9009791,204920,P1001,153.33
9009792,200716,P1001,97.06
9009793,210348,P1005,176.38
9009794,201631,P1002,240.97
9009795,210385,P1004,96.45
9009796,202019,P1002,59.84
9009797,210443,P1006,185.36
9009798,206188,P1003,73.58
9009799,204243,P1005,59.38
9009800,201300,P1004,26.38
9009801,202293,P1004,184.6
9009802,207574,P1002,217.97
9009803,211928,P1004,22.64
9009804,203459,P1002,131.71
9009805,202707,P1001,232.77
9009806,201584,P1001,24.01
9009807,207568,P1003,342.92
9009808,203975,P1004,25.24
9009809,211724,P1005,127.92
9009810,201556,P1003,35.56
9009811,204912,P1002,210.68
9009812,207821,P1003,36.76
9009813,201678,P1002,141.16
9009814,209597,P1006,110.32
9009815,204768,P1005,89.68
9009816,202706,P1006,85.95
9009817,200462,P1002,73.71
9009818,207314,P1002,45.57
9009819,206936,P1004,81.26
9009820,200100,P1006,91.53
9009821,201002,P1001,36.91
9009822,203081,P1004,49.67
9009823,211168,P1003,26.28
9009824,203234,P1001,132.53
9009825,211149,P1006,39.43
9009826,203521,P1004,92.35
9009827,204725,P1006,47.13
9009828,206183,P1002,32.9
9009829,202401,P1003,61.94
9009830,208486,P1005,100.55
9009831,205074,P1004,170.11
9009832,210378,P1003,54.62
9009833,201644,P1003,58.56
9009834,205380,P1006,59.36
9009835,206605,P1005,44.04
9009836,204421,P1005,438.32
9009837,205908,P1002,203.92
9009838,201608,P1005,73.61
9009839,207960,P1004,106.91
9009840,203002,P1003,56.96
9009841,207001,P1005,28.75
9009842,207079,P1006,291.82
9009843,206961,P1003,4.89
9009844,211166,P1005,42.8
9009845,200071,P1006,173.35
9009846,205301,P1004,117.03
9009847,207113,P1006,74.46
9009848,211547,P1002,117.03
9009849,207429,P1002,36.14
9009850,201725,P1004,141.31
9009851,200251,P1002,30.38
9009852,200287,P1006,99
9009853,203372,P1006,36.74
9009854,204181,P1006,53.15
9009855,204204,P1004,50.34
9009856,209447,P1001,25.35
9009857,203403,P1006,49.16
9009858,205432,P1004,123.15
9009859,211501,P1002,220.96
9009860,206564,P1003,70.84
9009861,207137,P1003,74.75
9009862,204731,P1002,200.24
9009863,201220,P1005,74.85
9009864,204379,P1004,88.53
9009865,206485,P1001,32.39
9009866,200927,P1002,81.2
9009867,205066,P1004,145.01
9009868,202851,P1003,127.9
9009869,210641,P1005,133.79
9009870,209313,P1006,96.03
9009871,209616,P1006,19.55
9009872,208485,P1006,39.67
9009873,206764,P1002,106.69
9009874,205854,P1004,83.05
9009875,203216,P1004,60.15
9009876,210771,P1006,59.18
9009877,202812,P1003,3.55
9009878,208163,P1002,125.2
9009879,203858,P1005,66.93
9009880,201315,P1006,61.86
9009881,204884,P1004,76.13
9009882,206917,P1001,81.09
9009883,206159,P1005,123.73
9009884,204694,P1005,68.2
9009885,203266,P1006,120.61
9009886,204421,P1006,209.41
9009887,205565,P1006,97.87
9009888,201272,P1003,35.5
9009889,206060,P1003,83.44
9009890,205529,P1002,240.84
9009891,202731,P1006,106.01
9009892,204284,P1004,99.54
9009893,210502,P1002,123.13
9009894,205755,P1003,166.94
9009895,201726,P1004,153.63
9009896,210548,P1006,166.91
9009897,202286,P1003,105.86
9009898,207162,P1006,184.97
9009899,208465,P1002,125.26
9009900,208904,P1006,48.87
9009901,207094,P1001,71.5
9009902,209554,P1002,94.75
9009903,203038,P1001,30.06
9009904,200411,P1004,16.09
9009905,205934,P1005,58.24
9009906,211720,P1002,95.97
9009907,211822,P1001,81.1
9009908,211562,P1004,29.22
9009909,202816,P1001,163.98
9009910,203414,P1002,87.44
9009911,206232,P1001,35.95
9009912,206697,P1001,196.99
9009913,205658,P1004,40.76
9009914,202873,P1004,231.83
9009915,205814,P1006,76.87
9009916,204086,P1002,93.07
9009917,201779,P1001,88.23
9009918,207962,P1004,40.82
9009919,210309,P1004,26.88
9009920,208270,P1001,57.56
9009921,209131,P1004,45.49
9009922,210955,P1003,156.03
9009923,206360,P1004,48.89
9009924,201750,P1002,53.77
9009925,205450,P1004,2.08
9009926,204683,P1002,83.43
9009927,206858,P1001,103.38
9009928,205582,P1006,73.65
9009929,210233,P1004,162.44
9009930,208861,P1005,147.42
9009931,208853,P1003,88.59
9009932,200019,P1004,312.04
9009933,202649,P1006,82.05
9009934,202921,P1002,46.8
9009935,208727,P1005,189.44
9009936,209037,P1002,79.19
9009937,209998,P1001,12.65
9009938,209562,P1002,84.71
9009939,203487,P1005,139.41
9009940,203225,P1004,104.35
9009941,200067,P1003,94.13
9009942,204798,P1005,15
9009943,200901,P1003,234.73
9009944,209067,P1001,131.83
9009945,206152,P1005,113.51
9009946,208947,P1006,26.66
9009947,203014,P1002,109.47
9009948,204984,P1004,19.49
9009949,201841,P1003,286.11
9009950,204955,P1005,71.42
9009951,211696,P1001,64.02
9009952,201945,P1005,321.84
9009953,206522,P1002,128.04
9009954,210938,,59.44
9009955,205701,P1002,78.29
9009956,207921,P1006,43
9009957,207247,,85.63
9009958,209931,P1004,130.22
9009959,207017,P1005,208.4
9009960,201822,P1004,47.16
9009961,202371,P1003,16.13
9009962,203532,P1005,48.98
9009963,211401,P1003,31.68
9009964,209633,P1006,113.98
9009965,201189,P1003,84.66
9009966,204869,P1002,44.14
9009967,200695,P1006,68.57
9009968,205200,P1003,101.06
9009969,210250,P1006,129.05
9009970,200540,P1005,116.69
9009971,200637,P1001,45.98
9009972,208672,P1001,45.48
9009973,204355,P1004,36.1
9009974,208447,P1004,70.12
9009975,200506,P1004,156.6
9009976,203140,P1004,68.27
9009977,211481,P1001,296.11
9009978,205669,P1002,48.38
9009979,204972,P1001,73.88
9009980,207598,P1006,331.61
9009981,208937,P1005,87.56
9009982,205024,P1004,47.57
9009983,206233,P1004,174.63
9009984,207546,P1002,168.83
9009985,211121,P1003,37.88
9009986,200838,P1004,53.14
9009987,208378,P1004,16.31
9009988,203870,P1004,77.09
9009989,210840,P1005,134.74
9009990,206162,P1002,35.88
9009991,205824,P1001,138.15
9009992,207637,P1004,203.71
9009993,202965,P1003,35.01
9009994,209605,P1005,5.94
9009995,201421,P1002,32.27
9009996,208167,P1006,135.85
9009997,203229,P1003,70.23
9009998,207512,P1003,39.67
9009999,205689,P1005,30.09
9010000,200811,P1001,83.67
9010001,200925,P1003,188.75
9010002,204292,P1002,78.88
9010003,209259,P1005,105.23
9010004,206003,P1006,181.05
9010005,200920,P1004,50.41
9010006,207390,P1003,87.59
9010007,206184,P1005,52.16
9010008,211549,P1001,177.32
9010009,211948,P1003,56.73
9010010,208626,P1006,167.06
9010011,210396,P1002,51.53
9010012,204682,P1002,137.32
9010013,200926,P1001,55.17
9010014,204364,P1003,219.97
9010015,208938,P1001,50.72
9010016,201161,P1002,28.74
9010017,208324,P1003,108.65
9010018,200082,P1003,94.58
9010019,204640,P1004,201.14
9010020,208023,P1001,24.02
9010021,204156,P1005,136.8
9010022,209364,P1003,119.28
9010023,201121,P1004,212.1
9010024,211004,P1001,97.15
9010025,204040,P1005,116.56
9010026,204457,P1006,68.82
9010027,205635,P1002,174.22
9010028,200122,P1005,46.46
9010029,200036,P1004,141.27
9010030,210660,P1001,67.25
9010031,204735,P1004,98.31
9010032,205363,P1006,17.19
9010033,202291,P1004,73.86
9010034,205069,P1004,189.13
9010035,211323,P1003,55.87
9010036,200195,P1003,49.54
9010037,204482,P1005,164.01
9010038,209764,P1003,111.44
9010039,203986,P1003,194.11
9010040,204963,P1004,153.48
9010041,205539,P1005,28.41
9010042,207040,P1001,80.88
9010043,202626,P1001,46.3
9010044,209944,P1004,111.41
9010045,201120,P1004,249.61
9010046,208820,P1005,179.03
9010047,207153,P1002,34.33
9010048,211236,P1005,110.95
9010049,200341,P1002,127.62
9010050,202875,P1001,116.26
9010051,202514,P1003,81.63
9010052,210923,P1006,31.32
9010053,201893,P1004,167.59
9010054,201076,P1003,67.92
9010055,207235,P1001,68.32
9010056,208238,P1001,262.47
9010057,201144,P1006,85.91
9010058,208996,P1003,36.75
9010059,200009,P1006,83.43
9010060,206356,P1003,11.09
9010061,209042,P1001,248.02
9010062,202997,P1003,36.9
9010063,210202,P1005,88.02
9010064,205986,P1001,14.05
9010065,210527,P1006,276.08
9010066,204413,P1003,129.76
9010067,211598,P1001,50.56
9010068,209645,P1004,38.2
9010069,209215,P1002,160.46
9010070,201946,P1003,73.93
9010071,209501,P1003,19.53
9010072,203061,P1002,43.92
9010073,205544,P1005,105.23
9010074,208287,P1001,46.36
9010075,203604,P1002,84.64
9010076,204549,P1001,34.23
9010077,207771,P1002,133.48
9010078,209929,P1001,183.77
9010079,201817,,72.83
9010080,206808,P1004,73.52
9010081,211417,P1006,58.82
9010082,201927,P1004,92.76
9010083,207379,P1005,107.11
9010084,203148,P1001,108.91
9010085,203519,P1002,52.32
9010086,208091,P1005,40.9
9010087,203881,P1005,127.95
9010088,200229,P1006,282.83
9010089,201092,P1004,179.16
9010090,204197,P1005,32.25
9010091,203041,P1002,77.96
9010092,202917,P1004,135.17
9010093,202870,P1001,81.78
9010094,211397,P1005,25.35
9010095,202477,P1001,30.33
9010096,201135,P1001,130.07
9010097,203447,P1003,68.11
9010098,208752,P1006,101.41
9010099,202601,P1005,50.25
9010100,201495,P1001,144.45
9010101,201950,P1003,83.62
9010102,202732,P1002,85.17
9010103,203322,P1002,85.82
9010104,210641,P1002,108.95
9010105,207106,P1002,140.81
9010106,201994,P1002,141
9010107,208427,P1005,146.2
9010108,206904,P1004,44.32
9010109,205739,P1006,146.16
9010110,206103,P1003,60.73
9010111,202107,P1001,55.61
9010112,207031,P1003,106.38
9010113,209202,P1005,102.29
9010114,207421,P1001,77.07
9010115,203138,P1005,63.12
9010116,202091,P1003,21.5
9010117,200901,P1001,105.63
9010118,208131,P1003,57.56
9010119,210153,P1004,94.25
9010120,211335,P1001,40.46
9010121,206389,P1003,16.27
9010122,209917,P1005,153.79
9010123,205611,P1003,327.87
9010124,200145,P1006,19.74
9010125,207147,P1004,55.27
9010126,208105,P1006,109.66
9010127,210033,P1006,201.52
9010128,200677,P1004,327.35
9010129,208372,P1002,38.69
9010130,206266,P1002,12.25
9010131,202051,P1005,47.97
9010132,208706,P1001,75.22
9010133,202315,P1003,96.92
9010134,201154,P1006,101.39
9010135,208594,P1002,79.46
9010136,209868,P1003,27.9
9010137,203686,P1006,190.32
9010138,210543,P1003,54.03
9010139,203264,P1004,83.87
9010140,206849,P1002,104.31
9010141,200835,P1003,50.91
9010142,202746,P1001,65.12
9010143,211236,P1001,84.57
9010144,202548,P1003,88.21
9010145,207348,P1004,104.9
9010146,203420,P1001,24.62
9010147,204543,P1006,290.02
9010148,202071,P1002,100.65
9010149,200270,P1001,43.76
9010150,211350,P1006,260.61
9010151,209091,P1005,94.37
9010152,202960,P1003,23.32
9010153,202552,P1004,144.49
9010154,207563,P1003,220.27
9010155,203665,P1005,332.57
9010156,202680,P1003,83.07
9010157,201754,P1004,26.44
9010158,200197,P1005,336.23
9010159,210187,P1001,76
9010160,203256,P1001,143.84
9010161,205359,P1004,23.94
9010162,206969,P1002,15.89
9010163,207274,P1004,58.53
9010164,208986,P1001,112.3
9010165,211070,P1003,125.41
9010166,205785,P1001,129.39
9010167,210566,P1003,35.22
9010168,201504,P1002,311.26
9010169,200007,P1006,42.53
9010170,201344,P1003,306.9
9010171,209274,P1006,225.05
9010172,206834,P1006,78.15
9010173,200683,P1005,33.07
9010174,203067,P1001,132.65
9010175,200907,P1005,67.86
9010176,206328,P1002,134.01
9010177,203611,P1006,46.86
9010178,202390,P1005,76.43
9010179,208000,P1003,236.99
9010180,205700,P1001,205.06
9010181,200238,P1001,20.58
9010182,204858,P1002,21.45
9010183,204323,P1001,239.72
9010184,200562,P1001,137.16
9010185,205173,P1006,373.03
9010186,202247,P1005,178.44
9010187,206478,P1003,272.33
9010188,208764,P1002,58.56
9010189,206367,P1003,119.1
9010190,204995,P1001,36.89
9010191,202707,P1006,148.82
9010192,204589,P1004,71.84
9010193,209733,,27.05
9010194,207983,P1005,115.33
9010195,201014,P1005,72.81
9010196,203244,P1003,63.1
9010197,205331,P1005,69.34
9010198,208608,P1002,98.26
9010199,203046,P1001,51.73
9010200,200235,P1005,95.02
9010201,201771,P1004,202.92
9010202,202192,P1004,36.34
9010203,202358,P1001,18.58
9010204,210111,P1001,24.73
9010205,209343,P1001,88.54
9010206,207725,P1001,46.25
9010207,206805,P1003,124.27
9010208,206588,P1001,31.94
9010209,209528,P1006,33.97
9010210,200209,P1001,65.99
9010211,208531,P1006,121.54
9010212,208441,P1004,33.45
9010213,202597,P1006,258.07
9010214,204566,P1002,38.79
9010215,204069,P1004,43.59
9010216,200397,P1004,24.2
9010217,202756,P1003,120.96
9010218,200620,P1001,65.61
9010219,205837,P1004,94.88
9010220,200164,P1003,70.38
9010221,203682,P1001,32.11
9010222,204373,P1004,26.13
9010223,207664,P1006,32.99
9010224,206829,P1006,70.79
9010225,205746,P1002,30.65
9010226,205632,P1004,120.46
9010227,201036,P1002,209.4
9010228,206248,P1005,52.86
9010229,210974,P1001,160.33
9010230,207477,P1004,56.91
9010231,206964,P1001,135.36
9010232,203649,P1001,119.32
9010233,208856,P1003,79.14
9010234,207156,P1001,58.76
9010235,207349,P1003,75.87
9010236,203732,P1002,130.99
9010237,203166,P1001,181.97
9010238,203076,P1003,210.75
9010239,206062,P1006,38.75
9010240,201457,P1002,23.82
9010241,202775,P1005,83.21
9010242,201177,P1001,38.68
9010243,204677,P1004,116.16
9010244,206452,P1002,50.55
9010245,209075,P1003,55.27
9010246,207900,P1006,198.86
9010247,203948,P1003,233.52
9010248,202255,P1005,43.69
9010249,206217,P1003,112.52
9010250,205405,P1004,5.48
9010251,203000,P1006,120.22
9010252,208736,P1001,96.99
9010253,208479,P1003,4.03
9010254,204598,P1006,98.43
9010255,201518,P1003,36.95
9010256,207698,P1001,71.69
9010257,211564,P1002,170.5
9010258,208436,P1004,3.89
9010259,202818,P1006,183.49
9010260,201260,P1002,141.35
9010261,204398,P1006,55.33
9010262,211631,P1001,245.01
9010263,204454,P1003,113.91
9010264,209203,P1002,167.46
9010265,208952,P1001,62.79
9010266,210337,P1005,75.64
9010267,209741,P1005,150.47
9010268,201596,P1001,165.57
9010269,204784,P1002,90.96
9010270,205183,P1006,76.42
9010271,200210,P1003,143.67
9010272,208261,P1002,60.85
9010273,200405,P1002,156.7
9010274,203079,P1003,29
9010275,211815,P1003,164.54
9010276,201400,P1006,16.67
9010277,210145,P1001,108.09
9010278,209344,P1006,226.8
9010279,210656,P1001,71.56
9010280,211112,P1003,75.35
9010281,207006,P1006,87.96
9010282,201354,P1004,171.38
9010283,210574,P1001,223.13
9010284,211005,P1002,49.38
9010285,203405,P1006,110.49
9010286,207741,P1006,46.99
9010287,205835,P1005,110.07
9010288,202426,P1001,75.74
9010289,210202,P1006,126.24
9010290,203235,P1004,95.33
9010291,208672,P1006,36.44
9010292,209775,P1003,35.61
9010293,201168,P1003,51.75
9010294,208462,P1002,163.25
9010295,204683,P1003,71.43
9010296,201836,P1003,82.06
9010297,204735,P1001,224.97
9010298,207339,P1004,81.25
9010299,207530,P1005,13.67
9010300,201880,P1005,23.46
9010301,200668,P1003,211.84
9010302,206310,P1003,31.45
9010303,203517,P1001,196.3
9010304,204950,P1003,153.48
9010305,201199,P1002,223.19
9010306,204261,P1003,163.24
9010307,206999,P1006,150.93
9010308,202570,P1006,47.83
9010309,207219,P1005,31.21
9010310,206513,P1005,14.66
9010311,204971,P1003,195.68
9010312,211581,P1003,168.39
9010313,208787,P1006,177.23
9010314,206786,P1003,110.53
9010315,210724,P1005,87.05
9010316,204064,P1004,31.11
9010317,208659,P1005,24.55
9010318,201276,P1003,363.02
9010319,205265,P1002,43.08
9010320,210511,P1004,74.88
9010321,202528,P1001,131.91
9010322,201003,P1004,36.55
9010323,209236,P1006,44.43
9010324,204624,P1005,54.69
9010325,202040,P1006,23.65
9010326,205618,P1002,161.8
9010327,206662,P1004,173.27
9010328,200810,P1005,262.32
9010329,209321,P1002,46.54
9010330,204438,P1004,286.59
9010331,209391,P1003,121.67
9010332,208338,P1003,302.13
9010333,203094,P1002,77.13
9010334,200848,P1006,59.33
9010335,200932,P1006,150.6
9010336,204561,P1005,142.66
9010337,211467,P1004,104.66
9010338,200053,P1006,83.56
9010339,201372,P1003,100.67
9010340,204751,P1001,64.92
9010341,203612,P1005,33.79
9010342,204243,P1006,142.81
9010343,202306,P1006,195.33
9010344,210999,P1004,81.52
9010345,200902,P1006,48.78
9010346,200132,P1006,82.78
9010347,208147,P1002,196.14
9010348,206088,P1004,56.71
9010349,205230,P1003,6.51
9010350,206704,P1006,73.52
9010351,205223,P1001,57.83
9010352,206271,P1002,184.09
9010353,205068,P1006,29.66
9010354,211304,P1006,61.79
9010355,209976,P1004,57.19
9010356,208569,P1003,39.81
9010357,207258,P1003,79.06
9010358,207732,P1005,72.18
9010359,206006,P1002,156.66
9010360,200680,,178.38
9010361,204231,P1003,132.73
9010362,201826,P1001,126.37
9010363,207114,P1005,117.23
9010364,208585,P1001,43.4
9010365,203196,P1002,43.94
9010366,210605,P1005,183.97
9010367,200133,P1005,23.82
9010368,202201,P1004,20.24
9010369,208656,P1005,25.23
9010370,207314,P1003,171.83
9010371,202414,P1004,404.66
9010372,211121,P1001,94.35
9010373,210610,P1002,99.94
9010374,203143,P1006,191.5
9010375,200594,P1006,124.02
9010376,200202,P1003,16.11
9010377,211397,P1002,59.41
9010378,205446,P1005,46.74
9010379,202849,P1002,68.83
9010380,203691,P1001,23.82
9010381,209740,P1001,30.51
9010382,204269,P1004,126.99
9010383,206585,P1006,88.88
9010384,201477,P1002,258.96
9010385,211283,P1002,45.98
9010386,208872,P1005,156.53
9010387,202314,P1004,93.05
9010388,201066,P1003,18.39
9010389,201287,P1001,64.93
9010390,209635,P1004,65.45
9010391,203728,P1003,68.08
9010392,206940,P1005,97.32
9010393,207144,P1001,117.79
9010394,202197,P1001,110.67
9010395,211763,P1003,16.37
9010396,207981,P1004,28.52
9010397,205425,P1004,83.7
9010398,200140,P1002,61.58
9010399,200536,P1005,53.59
9010400,211263,P1004,134
9010401,207893,P1002,139.3
9010402,209830,P1001,82.25
9010403,208970,P1004,43.9
9010404,211412,P1004,88
9010405,201692,P1004,99.13
9010406,200193,P1004,134.92
9010407,202596,P1006,70.11
9010408,202149,P1004,72.56
9010409,200247,P1006,123.99
9010410,210931,P1005,206.12
9010411,200814,P1002,9.79
9010412,202195,P1003,127.05
9010413,202402,P1001,97.99
9010414,205491,P1002,62.26
9010415,211048,P1006,146.72
9010416,201505,P1005,23.26
9010417,210851,P1003,67.41
9010418,210901,P1003,36.34
9010419,204664,P1005,198.56
9010420,204022,P1001,45.21
9010421,206650,P1004,88.48
9010422,207562,P1006,189.99
9010423,205788,P1001,42.63
9010424,200398,P1006,86.2
9010425,206514,P1002,128.44
9010426,206079,P1003,151.58
9010427,200309,P1002,172.69
9010428,209459,P1004,90
9010429,204346,P1003,14.4
9010430,202772,P1006,164.65
9010431,206010,P1004,49.71
9010432,203685,P1006,130.38
9010433,203102,P1004,94.81
9010434,201918,P1004,54.8
9010435,205971,P1002,34.11
9010436,206079,P1006,161.48
9010437,205914,P1002,79.92
9010438,201195,P1001,162.71
9010439,201067,P1001,173.9
9010440,211486,P1002,65.54
9010441,207571,P1006,40.4
9010442,203408,P1003,112.28
9010443,207894,P1002,108.03
9010444,205293,P1005,160.8
9010445,205299,P1003,9.97
9010446,203346,P1003,39.08
9010447,206996,P1005,77.73
9010448,205315,P1002,94.61
9010449,200465,P1006,89.68
9010450,203531,P1006,129.86
9010451,201407,P1005,273.09
9010452,211764,P1005,112.88
9010453,204394,P1003,74.32
9010454,203317,P1005,47.76
9010455,206851,P1003,21.91
9010456,203283,P1002,130.23
9010457,206417,P1005,83.02
9010458,210924,P1001,107.87
9010459,207043,P1003,209.1
9010460,209956,P1004,149.48
9010461,200463,P1001,77.88
9010462,202471,P1002,132.15
9010463,203576,P1003,273.67
9010464,209106,P1002,104.63
9010465,204588,P1002,50.48
9010466,202076,P1005,58.14
9010467,203438,P1004,14.65
9010468,200141,P1002,212.34
9010469,209251,P1004,37.6
9010470,209769,P1006,21.67
9010471,201074,P1003,35.58
9010472,209608,P1006,152.53
9010473,202130,P1005,135.92
9010474,205508,P1002,199.79
9010475,202843,P1004,123.66
9010476,208472,P1003,57.48
9010477,206313,P1003,202.12
9010478,204352,P1002,45.05
9010479,205602,P1006,141.24
9010480,200665,P1004,48.02
9010481,210235,P1003,27.09
9010482,204977,P1006,106.8
9010483,206093,P1003,135.6
9010484,208241,P1006,91.57
9010485,204754,P1004,101.19
9010486,209266,P1002,84.31
9010487,209262,P1006,109.85
9010488,204862,P1006,206.42
9010489,205801,P1004,43.09
9010490,211620,P1006,216.81
9010491,205269,P1006,84.12
9010492,206046,P1006,77.21
9010493,210609,P1001,56.03
9010494,202390,P1004,59.52
9010495,207415,P1006,225.74
9010496,200823,P1001,186.81
9010497,203440,P1003,83.82
9010498,200192,P1001,23.16
9010499,207889,P1001,83.14
9010500,207481,P1006,154.16
9010501,200712,P1003,166.68
9010502,201669,P1002,280.52
9010503,207933,P1001,25.13
9010504,206085,P1006,23.53
9010505,201952,P1005,63.23
9010506,204244,P1002,55.25
9010507,200020,P1006,123.16
9010508,206280,P1005,115.77
9010509,203337,P1001,15.35
9010510,210443,P1006,32.63
9010511,208347,P1004,75.65
9010512,209398,P1005,21.44
9010513,208256,P1005,35.72
9010514,202789,P1002,85.92
9010515,210421,P1004,153.55
9010516,204924,P1004,72.22
9010517,208769,P1002,78.64
9010518,207439,P1001,119.35
9010519,211128,P1001,132.47
9010520,206683,P1001,26.85
9010521,208842,P1001,10.17
9010522,204433,P1002,140.13
9010523,206639,P1005,119.49
9010524,204049,P1004,114.5
9010525,201211,P1003,33.05
9010526,208461,P1001,41.73
9010527,203610,P1005,155.83
9010528,207233,P1005,191.79
9010529,207875,P1006,185.98
9010530,200723,P1001,48.13
9010531,210596,P1004,30.44
9010532,200120,P1005,60.06
9010533,202930,P1003,63
9010534,207035,P1001,147.29
9010535,200358,P1006,83.6
9010536,203688,P1002,101.64
9010537,202547,P1005,196.94
9010538,203841,P1001,76.25
9010539,211666,P1005,8.91
9010540,208905,P1001,46.93
9010541,207921,P1002,170.19
9010542,211373,P1002,64.89
9010543,211662,P1006,58.82
9010544,205487,P1003,29.52
9010545,200198,P1006,76.24
9010546,209842,P1004,79.23
9010547,210389,P1006,110.82
9010548,211039,P1004,44.58
9010549,204016,P1002,45.27
9010550,208317,P1002,55
9010551,210696,P1003,99.53
9010552,211427,P1001,472.39
9010553,207550,P1004,124.36
9010554,203028,P1001,165.71
9010555,210135,P1002,3.96
9010556,211273,P1003,112.73
9010557,210713,P1004,192.3
9010558,206066,P1004,75.42
9010559,200586,P1006,40.44
9010560,203554,P1003,163.24
9010561,205305,P1006,88.73
9010562,200385,P1006,23.32
9010563,205657,P1002,117.92
9010564,203252,P1001,37.6
9010565,202099,P1006,91.67
9010566,209976,P1006,14.17
9010567,205508,P1004,129.79
9010568,202872,P1005,6.75
9010569,202848,P1006,61.22
9010570,201601,P1003,185.11
9010571,206081,P1001,206
9010572,201035,P1005,290.8
9010573,206001,P1002,21.04
9010574,200853,P1005,174.27
9010575,200155,P1001,30.2
9010576,200383,P1005,75.05
9010577,209332,P1006,19.46
9010578,209124,P1005,90.47
9010579,209964,P1005,53.36
9010580,202168,P1006,81.45
9010581,204930,P1004,133.96
9010582,203130,P1003,51.91
9010583,203734,P1006,37.62
9010584,211876,P1006,133.06
9010585,211344,P1003,57.95
9010586,204921,P1004,151
9010587,201652,P1003,22.42
9010588,205954,P1006,103.89
9010589,204917,P1002,95.83
9010590,204813,P1006,36.34
9010591,202244,P1005,69.19
9010592,205423,P1004,16.95
9010593,204107,P1003,41.47
9010594,208358,P1004,117.3
9010595,201106,P1002,152.71
9010596,202970,P1005,73.82
9010597,205250,P1002,10.07
9010598,211631,P1005,49.75
9010599,204952,P1006,76.25
9010600,203903,P1002,108.44
9010601,203901,P1002,138.3
9010602,201714,P1004,34.8
9010603,201273,P1002,17.07
9010604,204161,P1005,66.08
9010605,209379,P1001,148.96
9010606,206368,P1005,44.27
9010607,210941,P1003,105.62
9010608,210264,P1003,23.86
9010609,206936,P1001,61.62
9010610,205537,P1001,62.78
9010611,200833,P1001,732.86
9010612,210576,P1001,15.24
9010613,211580,P1005,69.49
9010614,202803,P1005,68.79
9010615,206469,P1006,43.79
9010616,211265,P1001,195.66
9010617,211548,  ,165.11
9010618,204393,P1003,164.98
9010619,209602,P1005,12.99
9010620,204747,P1001,277.79
9010621,200512,P1004,119.88
9010622,208017,P1002,83.38
9010623,209605,P1004,160.67
9010624,211109,P1004,87.04
9010625,206725,P1001,84.58
9010626,210201,P1004,52.94
9010627,208183,P1002,42.99
9010628,206244,P1001,72.05
9010629,209556,P1001,102.3
9010630,201030,P1001,36.29
9010631,206778,P1006,62.01
9010632,208958,P1003,37.69
9010633,204721,P1006,32.38
9010634,210480,P1006,81.12
9010635,211558,P1002,46.91
9010636,204957,P1001,70.69
9010637,202879,P1006,145.79
9010638,200880,P1001,189.77
9010639,211470,P1003,89.46
9010640,208168,P1005,72.53
9010641,204479,P1001,139.42
9010642,203310,P1002,44.79
9010643,205812,P1004,40.01
9010644,200412,P1006,47.22
9010645,203302,P1006,72.6
9010646,208676,P1004,65.19
9010647,202783,P1003,60.36
9010648,207260,P1006,147.25
9010649,201970,P1003,51.26
9010650,205351,P1005,107.06
9010651,210334,P1006,156.95
9010652,207113,P1006,133.81
9010653,204302,P1005,78.48
9010654,202539,P1006,65.52
9010655,200709,P1002,39.92
9010656,208380,P1002,54.31
9010657,211525,P1006,154.22
9010658,204183,P1004,59.96
9010659,201485,P1006,77
9010660,202328,P1005,228.59
9010661,203889,P1003,79.01
9010662,210671,P1004,64.44
9010663,203471,P1005,21.49
9010664,203182,P1006,14.11
9010665,201812,P1005,110.02
9010666,208898,P1001,6.17
9010667,203831,P1006,62.48
9010668,204849,P1002,68.61
9010669,211301,P1001,145.48
9010670,210220,P1006,17.15
9010671,200653,P1002,48.19
9010672,209110,P1003,98.56
9010673,206805,P1003,213.39
9010674,201148,P1005,196.52
9010675,207191,P1006,62.24
9010676,208519,P1003,76.44
9010677,210920,P1006,29.31
9010678,211056,P1001,39.28
9010679,211702,P1006,79.99
9010680,210555,P1004,120.4
9010681,205436,P1004,65.6
9010682,204582,P1006,43.73
9010683,202394,P1003,17.25
9010684,210199,P1005,106.35
9010685,209303,P1005,24.57
9010686,201134,P1006,73.81
9010687,205284,P1003,75.03
9010688,210854,P1003,118.57
9010689,209905,P1002,227.23
9010690,211812,P1005,203.59
9010691,205139,P1001,111.01
9010692,204294,P1001,212.21
9010693,200419,P1005,101.37
9010694,208467,P1005,162.37
9010695,201002,P1006,74.37
9010696,203650,P1005,47.17
9010697,208014,P1006,28.76
9010698,209076,P1003,117.67
9010699,200816,P1001,80.54
9010700,200992,P1001,309.33
9010701,211928,P1004,207.89
9010702,203010,P1003,135.9
9010703,204213,P1003,150.94
9010704,209443,P1003,65.51
9010705,200487,P1003,105.47
9010706,206918,P1002,88.26
9010707,204072,P1003,124.5
9010708,200224,P1005,294.89
9010709,203217,P1005,92.65
9010710,210854,P1003,45.02
9010711,209184,P1002,57.39
9010712,211200,P1005,6.61
9010713,200213,P1003,107.75
9010714,204232,P1002,140.18
9010715,211457,P1006,20.72
9010716,202245,P1005,14.11
9010717,211714,P1005,76.65
9010718,209985,P1001,138.8
9010719,209122,P1005,141.87
9010720,202013,P1005,86.25
9010721,209461,P1001,96.14
9010722,206948,P1006,112.43
9010723,205336,P1003,20.57
9010724,210079,P1002,143.23
9010725,200397,P1003,80.23
9010726,201308,P1005,62.09
9010727,200283,P1002,137
9010728,210248,P1004,202.66
9010729,201621,P1006,126.76
9010730,203703,P1005,8.88
9010731,204739,P1001,226.97
9010732,209732,P1003,24.47
9010733,204473,P1006,62.12
9010734,202717,P1002,40.58
9010735,207036,P1002,113.78
9010736,205343,P1006,41.74
9010737,205749,P1005,256.59
9010738,207026,P1006,54.24
9010739,203596,P1003,71.49
9010740,207942,P1002,72.59
9010741,210029,P1003,62.83
9010742,206295,,202.77
9010743,210367,P1004,111.26
9010744,207393,P1002,76.03
9010745,205649,P1006,63.67
9010746,203101,P1003,122.61
9010747,211006,P1002,67.28
9010748,202713,P1004,37.27
9010749,201362,P1003,138.11
9010750,210919,P1006,35.99
9010751,202876,P1004,39.08
9010752,200575,P1004,146.61
9010753,210948,P1005,260.39
9010754,211850,P1002,298.9
9010755,210014,P1002,46.43
9010756,209144,P1003,85.9
9010757,208114,P1006,103.46
9010758,208322,P1005,128.5
9010759,211263,P1004,122.63
9010760,204772,P1001,31.61
9010761,210857,P1005,31.74
9010762,206441,P1001,52.66
9010763,206094,P1006,83.82
9010764,203915,P1002,8.16
9010765,208073,P1003,58.43
9010766,211040,P1001,37.4
9010767,204931,P1001,41.93
9010768,200614,P1003,60.72
9010769,201445,P1001,109.12
9010770,211643,P1002,210.72
9010771,204663,P1006,24.34
9010772,210343,P1006,91.64
9010773,202300,P1002,52.49
9010774,206635,P1001,69.18
9010775,205759,P1002,13.27
9010776,209592,P1002,103.34
9010777,205701,P1006,204.23
9010778,201197,P1004,45.38
9010779,211410,P1001,58.8
9010780,206401,P1005,226.17
9010781,201614,P1001,111.46
9010782,208122,P1002,121.44
9010783,205311,P1001,219.92
9010784,208803,P1004,68.82
9010785,207082,P1002,45.71
9010786,208783,P1006,175.67
9010787,203476,P1003,195.76
9010788,207850,P1002,191.43
9010789,200753,P1003,30.93
9010790,203252,P1006,171.98
9010791,206968,,165.99
9010792,202401,P1002,72.44
9010793,208691,P1002,42.58
9010794,207288,P1005,139.21
9010795,204136,P1001,54.06
9010796,200494,P1002,57.01
9010797,209534,P1003,39.27
9010798,200297,P1001,170.64
9010799,200179,P1005,57.92
9010800,201730,P1003,123.43
9010801,207549,P1002,77.32
9010802,202013,P1005,33.1
9010803,206334,P1005,39.39
9010804,203749,P1004,18.9
9010805,203293,P1005,62.04
9010806,204616,P1005,66.53
9010807,200050,P1002,94.87
9010808,206253,P1003,186.16
9010809,208495,P1005,59.07
9010810,204659,P1004,172.88
9010811,203415,P1001,196.32
9010812,206996,P1001,151.21
9010813,203289,P1002,9.47
9010814,211707,P1002,118.5
9010815,200379,P1001,50.57
9010816,204305,P1006,32.36
9010817,201813,P1005,83.23
9010818,206566,P1005,7.03
9010819,211496,P1001,83.54
9010820,211406,P1003,168.44
9010821,201225,P1003,262.28
9010822,204936,P1003,46.58
9010823,206237,P1005,44.28
9010824,204372,P1005,187.36
9010825,206890,P1002,182.57
9010826,206980,P1001,46.78
9010827,210810,P1004,74
9010828,211287,P1006,134.55
9010829,210581,P1005,126.19
9010830,201991,P1001,23.55
9010831,207062,P1001,76.67
9010832,205742,P1003,145.83
9010833,210210,P1003,351.5
9010834,204669,P1006,36.38
9010835,210364,P1002,11.88
9010836,206163,P1005,127.04
9010837,201284,P1004,211.47
9010838,203318,P1006,67.88
9010839,210940,P1006,46.11
9010840,208530,P1006,125.23
9010841,202893,P1004,98.9
9010842,211230,P1001,71
9010843,200269,P1004,49.88
9010844,211648,P1004,79.55
9010845,211662,P1005,22.82
9010846,202193,P1004,70.93
9010847,201829,P1003,370
9010848,207883,P1005,55.26
9010849,205981,P1005,111.99
9010850,205307,P1004,84.37
9010851,205255,P1003,37.77
9010852,210669,P1001,93.61
9010853,205683,P1002,51.25
9010854,200293,P1004,17.71
9010855,210629,P1001,108.64
9010856,204457,P1006,112.15
9010857,204700,P1003,157.41
9010858,210581,P1004,35.28
9010859,203435,P1001,33.48
9010860,204285,P1006,43.32
9010861,205536,P1004,188.85
9010862,204262,P1002,64.27
9010863,201002,P1002,199.53
9010864,209766,P1006,89.19
9010865,204540,P1005,106.17
9010866,206424,P1003,11.7
9010867,202528,P1005,117.47
9010868,205877,P1005,114.78
9010869,204725,P1005,99.98
9010870,203010,P1004,186.31
9010871,205135,P1005,59.64
9010872,209203,P1006,75.94
9010873,206712,P1004,5.82
9010874,205635,P1001,44.58
9010875,203125,P1002,44.12
9010876,206968,P1003,154.49
9010877,201870,P1005,57.91
9010878,200011,P1003,68.02
9010879,202647,P1003,324.05
9010880,203517,P1004,52.1
9010881,201399,P1005,109.95
9010882,203251,P1005,110.22
9010883,209106,P1005,166.1
9010884,208057,P1002,56.15
9010885,209846,P1003,83.54
9010886,208531,P1006,394.9
9010887,209781,P1006,68.4
9010888,204306,P1004,139.75
9010889,204325,P1006,308.72
9010890,206140,P1002,85.8
9010891,211441,P1002,86.73
9010892,208623,P1002,55.02
9010893,206005,P1004,13.39
9010894,201896,P1001,85.14
9010895,205771,P1001,31.07
9010896,206275,P1003,102.48
9010897,201788,P1001,41.24
9010898,203759,P1003,70.3
9010899,205086,P1005,49.7
9010900,203550,P1002,101.11
9010901,206834,P1001,93.91
9010902,203414,P1002,30.7
9010903,206149,P1002,43.92
9010904,209937,P1001,71.43
9010905,210504,P1004,29.73
9010906,201472,P1002,66.53
9010907,204240,P1003,35.72
9010908,209133,P1003,39.82
9010909,206307,P1003,69.81
9010910,200883,P1001,44.62
9010911,208607,P1001,49.71
9010912,207252,P1004,146.53
9010913,200094,P1003,65.78
9010914,207964,P1003,88.96
9010915,209552,P1001,147.12
9010916,202470,P1003,50.28
9010917,202163,P1006,15.36
9010918,206018,P1002,270.06
9010919,206912,P1004,129.4
9010920,209241,P1002,65.5
9010921,201004,P1002,109.79
9010922,210612,P1002,74.38
9010923,206893,P1005,48.73
9010924,206368,P1004,48
9010925,203002,P1003,291.91
9010926,200958,P1004,153.54
9010927,203344,P1001,46.38
9010928,201450,P1003,84.71
9010929,210404,P1004,92.69
9010930,200214,P1003,78.34
9010931,208961,P1002,16.56
9010932,210520,P1002,192.97
9010933,202278,P1005,145.08
9010934,208759,P1006,45.08
9010935,204152,P1002,107.46
9010936,210075,P1002,96.22
9010937,202622,P1001,220.05
9010938,203603,P1004,33.11
9010939,202786,P1001,138.62
9010940,205207,P1006,48.67
9010941,204069,P1003,132.55
9010942,202634,P1004,122.71
9010943,204817,P1001,13.55
9010944,211752,P1004,329.34
9010945,205332,P1004,57.42
9010946,207339,P1005,239
9010947,204095,P1004,236.96
9010948,209617,P1001,182.17
9010949,207411,P1006,121.64
9010950,203314,P1006,105.42
9010951,205836,P1006,113.54
9010952,209576,P1002,129.65
9010953,201465,P1002,56.72
9010954,205024,P1001,94.01
9010955,209921,P1003,106.12
9010956,200293,P1001,126.56
9010957,200586,P1003,104.62
9010958,206177,P1006,38.04
9010959,207473,P1002,13.41
9010960,202460,P1005,45.1
9010961,208390,P1005,125.91
9010962,203642,P1006,160.99
9010963,200405,P1004,63.45
9010964,206669,P1005,62.39
9010965,209065,P1004,105.95
9010966,208656,P1001,193.66
9010967,207782,P1004,42.13
9010968,201308,P1003,26.35
9010969,203467,P1004,53.41
9010970,204044,P1005,71.77
9010971,207508,P1005,135.02
9010972,207324,P1005,193.65
9010973,200404,P1001,39.84
9010974,202932,P1004,219.74
9010975,206373,P1003,70.09
9010976,202427,P1002,45.09
9010977,203065,P1005,78.24
9010978,200920,P1002,83.79
9010979,210230,P1004,36.59
9010980,211275,P1006,148.61
9010981,208061,P1006,152.28
9010982,207734,P1004,237.21
9010983,200630,P1005,25.15
9010984,200937,P1001,35.09
9010985,209029,P1002,47.07
9010986,203733,P1002,70.41
9010987,201900,P1003,10.91
9010988,205302,P1006,38.53
9010989,210821,P1006,54.06
9010990,203271,P1001,271.25
9010991,201138,P1005,87.46
9010992,206027,P1001,76.5
9010993,211484,P1004,46.15
9010994,211480,P1006,49.23
9010995,207687,P1005,60.68
9010996,206466,P1003,71.24
9010997,205919,P1001,207.99
9010998,200097,P1006,44.82
9010999,202223,P1004,198.04
9011000,205341,P1001,121.97
9011001,200609,P1001,37.49
9011002,203020,P1004,84.38
9011003,205809,P1006,60.09
9011004,201213,P1005,147.88
9011005,204233,P1004,131.37
9011006,205409,P1003,133.52
9011007,207786,P1004,50.16
9011008,209327,P1006,88.47
9011009,205775,P1006,11.75
9011010,208707,P1002,48.88
9011011,208376,P1005,76.12
9011012,206425,P1004,18.41
9011013,205699,P1002,103.79
9011014,211219,P1003,48.44
9011015,200704,P1001,74.17
9011016,208507,P1004,31.62
9011017,209552,P1002,87.28
9011018,210515,P1002,107.99
9011019,202914,P1005,130.43
9011020,205355,P1003,95.85
9011021,209189,P1005,69.88
9011022,201205,P1002,344.98
9011023,210047,P1004,204.97
9011024,207520,P1001,87.34
9011025,208023,P1005,170.98
9011026,209994,P1006,63.84
9011027,210582,P1003,11.4
9011028,208406,P1004,113.35
9011029,210033,P1005,94.4
9011030,204307,P1003,105.02
9011031,200540,P1001,172.6
9011032,201763,P1006,13.89
9011033,206385,P1003,106.49
9011034,210722,P1005,59.83
9011035,202091,P1002,47.23
9011036,207798,P1002,89.54
9011037,201651,P1006,123.6
9011038,200990,P1004,305.26
9011039,204125,,87.31
9011040,208530,P1005,62.79
9011041,208783,P1004,162.22
9011042,210690,P1005,164.42
9011043,201491,P1004,36.16
9011044,202553,P1006,89.96
9011045,203004,P1003,88.44
9011046,205861,P1004,108.34
9011047,211880,P1004,85.07
9011048,202866,P1002,34.23
9011049,211369,P1002,119.88
9011050,208381,P1005,57.54
9011051,206463,P1006,87.16
9011052,208452,P1005,43.95
9011053,202193,P1003,64.34
9011054,203612,P1005,108.23
9011055,203771,P1003,108.16
9011056,203273,P1006,62.02
9011057,207320,P1004,155.03
9011058,206099,P1002,65.02
9011059,202734,P1001,98.2
9011060,211651,P1002,30.47
9011061,205756,P1005,95.44
9011062,207464,P1001,38.32
9011063,210009,P1006,224.6
9011064,208242,P1005,117.94
9011065,200613,P1004,104.48
9011066,200304,P1001,149.1
9011067,210823,P1004,77.06
9011068,205730,P1002,68.93
9011069,208912,P1003,42.34
9011070,203235,P1001,36.22
9011071,206589,P1003,21.21
9011072,200142,P1002,372.05
9011073,208198,P1001,121.67
9011074,201172,P1003,50.25
9011075,202784,P1003,195.52
9011076,204336,P1004,151.01
9011077,200153,P1002,14.86
9011078,204706,P1005,43.03
9011079,200836,P1001,190
9011080,201389,P1004,138.49
9011081,205128,P1005,232.42
9011082,205511,P1005,126.04
9011083,200696,P1001,140.94
9011084,208962,P1006,46
9011085,211736,P1002,71.04
9011086,205712,P1003,40.04
9011087,200876,P1006,56.86
9011088,204068,P1002,109.58
9011089,211362,P1006,265.85
9011090,202436,P1005,50.49
9011091,209661,P1002,83.11
9011092,200446,P1003,63.71
9011093,205818,P1005,38.21
9011094,209651,P1002,114.12
9011095,211178,P1003,402.47
9011096,209335,P1003,25.07
9011097,205296,P1003,232.73
9011098,203991,P1006,220.31
9011099,201306,P1002,105.3
9011100,201735,P1006,44.08
9011101,210896,P1002,95.65
9011102,210927,P1006,35.56
9011103,209990,P1003,46.63
9011104,202087,P1002,50.98
9011105,200217,P1003,253.02
9011106,211796,P1006,15.83
9011107,204495,P1006,124.13
9011108,206669,P1003,25.68
9011109,201267,P1001,172.06
9011110,201873,P1005,228.51
9011111,203233,P1002,195.76
9011112,207119,P1002,69.66
9011113,200410,P1003,169.22
9011114,210079,P1004,126.13
9011115,208121,P1002,10.51
9011116,204729,P1004,86.38
9011117,204984,P1004,76.12
9011118,208292,P1006,84.23
9011119,202495,P1006,97.5
9011120,209023,P1004,66.6
9011121,209720,P1002,213.4
9011122,202183,P1001,131.96
9011123,208601,P1006,54.74
9011124,202227,P1002,91.89
9011125,207414,P1004,193.63
9011126,201955,P1006,22
9011127,203222,P1006,170.8
9011128,211316,P1006,23.77
9011129,208885,P1002,136.19
9011130,211210,P1005,137.42
9011131,206563,P1001,152.07
9011132,202448,P1006,22.51
9011133,201057,P1001,38.49
9011134,209590,P1002,135.5
9011135,208211,P1006,127.56
9011136,209451,P1001,178.83
9011137,209716,P1002,157.03
9011138,200554,P1005,134.08
9011139,201783,P1002,203.4
9011140,210256,P1003,59.83
9011141,205184,P1001,128.59
9011142,200522,P1004,136.32
9011143,201936,P1004,104.88
9011144,201388,P1004,14.98
9011145,205404,P1004,30.96
9011146,208916,P1004,163.47
9011147,201776,P1005,31.46
9011148,202462,P1005,64.77
9011149,201148,P1003,34.97
9011150,209126,P1004,54.2
9011151,201269,P1002,93.58
9011152,203298,P1003,17.23
9011153,201527,P1004,83.14
9011154,209406,P1003,63.99
9011155,207073,P1006,37.6
9011156,209172,P1006,81.54
9011157,208145,P1006,111.36
9011158,207734,P1003,90.18
9011159,209908,P1001,216.4
9011160,207311,P1004,53.16
9011161,207487,P1001,63.34
9011162,204533,P1004,17.34
9011163,210807,P1005,33.19
9011164,208317,P1003,50.46
9011165,203438,P1001,71.97
9011166,203245,P1005,56.07
9011167,205827,P1004,93.38
9011168,208154,P1004,80.42
9011169,209636,P1001,217.21
9011170,208796,P1002,118.68
9011171,201149,P1002,114.58
9011172,207992,P1006,29.22
9011173,210952,P1005,112.83
9011174,203394,P1002,52.4
9011175,206503,P1001,73.09
9011176,209523,P1002,108.01
9011177,200242,P1003,107.36
9011178,204656,P1003,178.44
9011179,205036,P1001,83.55
9011180,204716,P1003,167.88
9011181,202934,P1006,53.16
9011182,210793,P1003,84.41
9011183,200993,P1004,272.95
9011184,201806,P1001,130.76
9011185,207426,P1002,144.09
9011186,201064,P1005,253.39
9011187,209861,P1003,103.09
9011188,202610,P1002,56.29
9011189,206077,P1005,61.88
9011190,205497,P1006,55.67
9011191,208740,P1004,27.71
9011192,211255,P1004,175.8
9011193,210115,P1003,154.62
9011194,210395,P1002,29.43
9011195,203928,P1005,353.78
9011196,210446,P1004,91.28
9011197,209695,P1004,50.66
9011198,209039,P1005,49.85
9011199,204303,P1004,73.01
9011200,206163,P1005,214.22
9011201,204028,P1001,118.14
9011202,209210,P1003,71.1
9011203,207984,  ,74.91
9011204,202298,P1001,38.14
9011205,204307,P1005,66.53
9011206,207758,P1005,98.3
9011207,206162,P1001,40.74
9011208,205555,P1004,16.69
9011209,210153,P1002,156.02
9011210,205173,P1005,92.26
9011211,206532,P1006,21.16
9011212,207427,P1001,356.93
9011213,208481,P1002,163.04
9011214,204855,P1001,67.45
9011215,210390,P1004,19.11
9011216,200511,P1006,90.75
9011217,205028,P1006,152.06
9011218,210991,P1003,23.78
9011219,200148,P1005,42.45
9011220,205037,P1005,91.5
9011221,211250,P1002,109.87
9011222,207776,P1005,134.62
9011223,200009,P1002,55.32
9011224,200939,P1003,232.29
9011225,201016,P1001,39.42
9011226,201870,P1001,65.33
9011227,209264,P1006,66.53
9011228,204995,P1001,221.61
9011229,207499,P1006,285.3
9011230,203849,P1002,66.98
9011231,201840,P1002,114.05
9011232,205639,P1006,109.93
9011233,204495,P1006,36.17
9011234,209742,P1001,56.43
9011235,210942,P1003,97.08
9011236,207739,P1005,39.73
9011237,211781,P1001,135.72
9011238,200036,P1001,84.09
9011239,200704,P1003,79.76
9011240,201306,P1005,157.31
9011241,203451,P1006,45.6
9011242,208945,P1003,62.86
9011243,209401,P1006,68.67
9011244,209787,P1006,25.05
9011245,211863,P1001,87.31
9011246,202788,P1001,89.47
9011247,206862,P1004,46.89
9011248,208062,P1001,131.61
9011249,207500,P1002,45.21
9011250,208218,P1004,41.51
9011251,208604,P1002,33.64
9011252,207047,P1004,71.4
9011253,202426,P1003,124.38
9011254,210894,P1006,42.53
9011255,206674,P1004,109.9
9011256,205347,P1004,68.81
9011257,210697,P1002,285.42
9011258,202059,P1001,89.2
9011259,211623,P1003,108.45
9011260,204794,P1001,121.07
9011261,208782,P1005,56.98
9011262,207797,P1002,73.66
9011263,208549,P1002,198.01
9011264,209230,P1001,161.91
9011265,210352,P1003,227.66
9011266,204567,P1003,212.26
9011267,210486,P1002,172.42
9011268,203620,P1003,51.59
9011269,211570,P1002,75.92
9011270,206023,P1004,52.24
9011271,202423,P1003,243.85
9011272,200443,P1005,147.42
9011273,200367,P1006,17.43
9011274,207123,P1005,95.43
9011275,210815,P1004,168.4
9011276,211344,P1004,18.42
9011277,204286,P1003,53.16
9011278,203512,P1005,111.9
9011279,210803,P1005,162.29
9011280,209252,P1001,222.48
9011281,200244,P1004,261.27
9011282,209864,P1004,77.39
9011283,206836,P1003,33.92
9011284,204739,P1004,73.53
9011285,205592,P1006,26.22
9011286,211582,P1005,104.05
9011287,207504,P1003,230.37
9011288,211938,P1004,87.22
9011289,200232,P1006,73.38
9011290,200320,P1005,32.3
9011291,201428,P1001,80.02
9011292,201610,P1006,76.41
9011293,207605,P1001,98.55
9011294,201607,P1004,278.46
9011295,201028,P1002,41.39
9011296,209961,P1006,74.85
9011297,206124,P1001,16.28
9011298,204935,P1004,62.22
9011299,206371,P1001,57.58
9011300,206033,P1001,73.24
9011301,200024,P1004,50.59
9011302,208885,P1006,205.14
9011303,202946,P1001,11.59
9011304,204954,P1001,45.59
9011305,205440,P1001,69.77
9011306,205290,P1004,140.27
9011307,209211,P1001,76.07
9011308,200497,P1006,20.05
9011309,211479,P1006,50.41
9011310,206788,P1006,88.02
9011311,200996,P1001,73.92
9011312,206212,P1006,28.33
9011313,203233,P1005,39.49
9011314,204757,P1001,153.49
9011315,208303,P1006,29.9
9011316,200703,P1005,20.79
9011317,203813,P1004,156.4
9011318,209108,P1002,45.53
9011319,207014,P1003,31.43
9011320,206990,P1006,9.17
9011321,205674,,115.6
9011322,206429,P1001,51.11
9011323,208268,P1005,65.06
9011324,200293,P1005,62.52
9011325,200196,P1006,49.28
9011326,203333,P1005,43.03
9011327,203914,P1002,168.08
9011328,209398,P1001,65.81
9011329,208630,P1003,32.25
9011330,211953,P1003,60.21
9011331,201277,P1005,28.63
9011332,200007,P1002,103.2
9011333,200937,P1002,144.51
9011334,209752,P1006,15
9011335,210621,P1006,78.81
9011336,200513,P1003,214.15
9011337,210580,P1003,85.61
9011338,211869,P1006,16.44
9011339,202750,P1002,113.83
9011340,206759,P1006,58.5
9011341,202213,P1005,168.28
9011342,204654,P1004,84.12
9011343,207974,P1006,118.21
9011344,202366,P1006,125.05
9011345,200831,P1003,127.58
9011346,202985,P1001,102.82
9011347,205993,P1005,26.23
9011348,209644,P1002,77.38
9011349,210335,P1002,29.54
9011350,206762,P1001,72.59
9011351,206963,P1005,39.23
9011352,206769,P1004,64.59
9011353,203414,P1006,88.09
9011354,201922,P1004,206.97
9011355,203291,P1005,235.38
9011356,210375,P1005,21.14
9011357,204157,P1005,123.62
9011358,204177,P1006,94.16
9011359,210537,P1005,158.85
9011360,204658,P1004,132.51
9011361,205047,P1006,41.08
9011362,207453,P1004,99.04
9011363,206490,P1003,14.91
9011364,202856,P1002,74.09
9011365,203522,P1002,94.18
9011366,203260,P1004,78.08
9011367,209281,P1005,98.37
9011368,204137,P1002,108.4
9011369,211332,P1006,121.37
9011370,200187,P1003,49.23
9011371,208310,P1003,106.82
9011372,205367,P1006,110.89
9011373,202542,P1003,19.37
9011374,205727,P1006,124.63
9011375,211487,P1003,27.37
9011376,210255,P1002,212.29
9011377,209278,P1001,99.12
9011378,202423,P1004,100.85
9011379,203637,P1004,97.04
9011380,210097,P1003,161.57
9011381,203968,P1004,81.2
9011382,208350,P1005,151.05
9011383,203626,P1001,96.07
9011384,203009,P1001,295.43
9011385,203667,P1002,6.16
9011386,208206,P1005,88.69
9011387,208472,P1003,52.52
9011388,209051,P1006,70.05
9011389,206752,P1003,82.92
9011390,200915,P1005,55.17
9011391,206803,P1005,115.43
9011392,204011,P1004,192.63
9011393,209016,P1003,165.03
9011394,201497,P1002,6.56
9011395,210638,P1006,68.44
9011396,206236,P1003,47.7
9011397,201997,P1004,163.8
9011398,200016,P1001,48.58
9011399,204680,P1006,36.58
9011400,203750,P1002,137.27
9011401,204493,P1002,110.41
9011402,208720,P1004,236.96
9011403,210384,P1005,36.6
9011404,209375,P1002,32.72
9011405,207511,P1005,25.65
9011406,209588,P1004,97.18
9011407,210850,P1006,104.96
9011408,200462,P1003,131.82
9011409,200216,P1002,152.93
9011410,205788,P1002,122.27
9011411,209562,P1005,162.69
9011412,210905,P1002,390.68
9011413,211060,P1006,46.52
9011414,204335,P1004,85.29
9011415,203330,P1002,100.48
9011416,206432,P1002,160.98
9011417,201256,P1003,44.96
9011418,200970,P1005,159.3
9011419,209101,P1003,30.99
9011420,201439,P1002,74.16
9011421,202032,P1006,143.21
9011422,207593,P1002,146.84
9011423,208099,P1006,34.16
9011424,209671,P1005,146.61
9011425,202741,P1003,73.84
9011426,206855,P1004,88.02
9011427,210189,P1003,86.76
9011428,200945,P1004,29.75
9011429,211084,P1003,67.73
9011430,208246,P1006,73.08
9011431,201251,P1006,45.38
9011432,200351,P1003,86.98
9011433,208428,P1004,92.89
9011434,209330,P1001,18.89
9011435,203809,P1004,135
9011436,200283,P1001,135.19
9011437,209963,P1005,75.83
9011438,203819,P1006,7.28
9011439,201233,P1004,162.81
9011440,207410,P1001,258.41
9011441,207928,P1003,81.2
9011442,211237,P1001,22.46
9011443,211189,P1002,102.65
9011444,205139,P1004,101.33
9011445,200989,P1001,61.13
9011446,205703,P1002,41
9011447,202140,P1003,180.82
9011448,210107,P1006,151.19
9011449,208474,P1001,111.25
9011450,208045,P1001,106.47
9011451,209705,P1002,103.39
9011452,211129,P1005,112.97
9011453,210875,P1005,168.78
9011454,210649,P1006,14.16
9011455,207583,P1001,173.91
9011456,207338,P1005,67.26
9011457,210534,P1004,33.21
9011458,210146,P1005,119.64
9011459,206805,P1001,107.15
9011460,204155,P1003,86.02
9011461,207873,P1001,106
9011462,200041,P1001,208.9
9011463,205630,P1006,296.75
9011464,206129,P1006,102.02
9011465,201563,P1001,79.4
9011466,211736,P1003,87.61
9011467,201762,P1004,22.38
9011468,203421,P1005,197.33
9011469,200011,P1003,219.53
9011470,206265,P1003,21.08
9011471,206658,P1005,80.78
9011472,210023,P1004,98.32
9011473,207065,P1001,123.38
9011474,210067,P1002,105.04
9011475,207805,P1004,206.94
9011476,210315,P1002,57.03
9011477,204278,P1002,86.77
9011478,209637,P1001,168.65
9011479,211310,P1006,264.26
9011480,207052,P1002,102.92
9011481,208229,P1003,41.9
9011482,200389,P1005,287.61
9011483,210448,P1003,83.88
9011484,201376,P1005,196.78
9011485,200213,P1003,87.19
9011486,207013,P1003,92.88
9011487,210437,P1001,72.51
9011488,203605,P1005,169.35
9011489,208178,P1002,148.7
9011490,206326,P1006,6.64
9011491,210288,P1006,162.18
9011492,206608,P1003,172.22
9011493,201081,P1002,207.94
9011494,207733,P1003,120.3
9011495,208306,P1006,38.61
9011496,211082,P1001,148.83
9011497,211914,P1001,85.64
9011498,210375,P1003,42.73
9011499,208525,P1002,71.52
9011500,200714,P1005,170.07
9011501,209528,P1004,109.97
9011502,204948,P1002,28.73
9011503,200833,P1005,101.15
9011504,206290,P1005,79.34
9011505,204345,P1003,232.28
9011506,211109,P1002,113.45
9011507,200194,P1001,28.22
9011508,204427,P1001,335.81
9011509,208109,P1006,86.44
9011510,201670,P1004,161.86
9011511,209616,P1001,288.7
9011512,204409,P1003,73.97
9011513,210161,P1005,154.41
9011514,203031,P1003,27.58
9011515,202823,P1003,99.86
9011516,206634,P1004,100.2
9011517,201761,P1001,52.5
9011518,206051,P1004,18.98
9011519,202675,P1002,148.61
9011520,209812,P1004,199.69
9011521,202958,P1004,169.82
9011522,203573,P1006,95.03
9011523,203737,P1003,229.86
9011524,208729,P1003,239.68
9011525,206777,P1003,93.88
9011526,210013,P1001,14.08
9011527,211283,P1004,89.15
9011528,203081,P1003,217.48
9011529,207391,P1005,22.41
9011530,206368,P1001,16.68
9011531,200855,P1002,50.55
9011532,204641,P1001,12.82
9011533,210118,P1006,54.34
9011534,208070,P1002,47.91
9011535,209960,P1001,60.92
9011536,206188,P1002,18
9011537,209704,P1006,104.06
9011538,211670,P1006,26.8
9011539,210003,P1004,8.77
9011540,211221,P1005,54.86
9011541,206322,P1005,338.06
9011542,204206,P1003,150.12
9011543,206599,P1003,48.92
9011544,204058,P1003,55.81
9011545,208167,P1004,53.13
9011546,204656,P1002,48.82
9011547,210898,P1001,110.13
9011548,208945,P1006,145.36
9011549,200022,P1004,110.02
9011550,208056,P1001,214.69
9011551,208281,P1006,27.94
9011552,206650,P1005,14.29
9011553,201772,P1006,34.01
9011554,202347,P1001,15.73
9011555,208717,P1002,100.8
9011556,202718,P1001,80.39
9011557,201486,P1006,35.62
9011558,206378,P1004,50.35
9011559,209382,P1006,138.29
9011560,208176,P1005,45.85
9011561,202944,P1002,94.75
9011562,211622,P1002,121.94
9011563,202171,P1004,21.69
9011564,203034,P1003,9.43
9011565,209943,P1006,93.24
9011566,202156,P1004,25.62
9011567,209614,P1002,164.28
9011568,210432,P1001,108.65
9011569,200563,P1004,218.84
9011570,210418,P1003,148.24
9011571,204477,P1001,51.93
9011572,205809,P1003,69.3
9011573,206985,P1004,144.56
9011574,210003,P1005,150.63
9011575,211053,P1006,152.48
9011576,210921,P1004,71.94
9011577,201506,P1003,64.52
9011578,209752,P1005,125.4
9011579,207255,P1001,124.62
9011580,206519,P1001,95.48
9011581,202921,P1003,91.25
9011582,205580,P1001,134.63
9011583,203584,P1006,160.09
9011584,210544,P1006,90.02
9011585,204832,P1006,101.89
9011586,207779,P1005,66.39
9011587,208662,P1006,51.44
9011588,209366,P1002,116.24
9011589,209102,P1005,77.48
9011590,203690,P1004,121.87
9011591,203634,P1005,38.65
9011592,204830,P1004,16.59
9011593,203576,P1002,77.05
9011594,205600,P1003,39.1
9011595,201731,P1003,137.4
9011596,211843,P1003,10
9011597,205143,P1006,86.42
9011598,203458,P1001,102.91
9011599,211156,P1004,30.77
9011600,206703,P1001,113.57
9011601,207688,P1004,42.45
9011602,210655,P1003,30.91
9011603,210758,P1002,116.23
9011604,211099,P1002,47.57
9011605,204978,P1001,215.16
9011606,208115,P1006,414.57
9011607,202444,P1004,55.91
9011608,208044,P1004,68.72
9011609,206062,P1006,246.89
9011610,205264,P1001,231.47
9011611,207022,P1001,39.93
9011612,206269,P1004,49.31
9011613,205984,P1001,181.36
9011614,208785,P1004,31.1
9011615,205579,P1004,322.98
9011616,209180,P1004,131.51
9011617,210525,P1003,67.2
9011618,210416,P1001,85.62
9011619,209035,P1001,175.55
9011620,200067,P1005,23.44
9011621,210835,P1003,26.19
9011622,203001,P1003,45.03
9011623,203215,P1001,40.58
9011624,203922,P1003,73.94
9011625,206195,P1005,33.06
9011626,205610,P1005,160.14
9011627,208201,P1003,143.32
9011628,206807,P1001,44.69
9011629,211570,P1006,77.31
9011630,207383,P1002,118.83
9011631,209549,P1005,34.87
9011632,201384,P1002,167.89
9011633,209447,P1005,77.9
9011634,202060,P1005,57.96
9011635,209094,P1004,128.23
9011636,207708,P1002,121.06
9011637,209042,P1004,91.52
9011638,208007,P1003,201.67
9011639,208080,P1006,122.86
9011640,201268,P1006,51.06
9011641,202067,P1004,95.3
9011642,203411,P1002,128.78
9011643,210355,P1006,68.02
9011644,211767,P1004,12.02
9011645,207655,P1005,75.89
9011646,210472,P1006,64.42
9011647,206083,P1006,71.09
9011648,210738,P1004,65.47
9011649,205167,P1004,99.56
9011650,203572,P1002,191.43
9011651,207290,P1005,189.7
9011652,205066,P1005,157.63
9011653,208814,P1004,16.45
9011654,206529,P1005,42.15
9011655,203955,P1006,242.01
9011656,210938,P1004,128.49
9011657,207163,P1005,159.73
9011658,203143,P1001,163.78
9011659,203782,P1004,56.76
9011660,202633,P1001,57.96
9011661,205316,P1001,283.98
9011662,209407,P1006,213.53
9011663,210549,P1004,301.81
9011664,204130,P1001,24.89
9011665,206493,P1003,121.75
9011666,201794,P1004,291.11
9011667,208055,P1002,14.95
9011668,203625,P1003,132.22
9011669,205247,P1006,97.8
9011670,200175,P1004,122.85
9011671,207060,P1002,168.57
9011672,210816,P1003,33.51
9011673,201546,P1003,101.36
9011674,205269,P1001,142.83
9011675,204819,P1001,238.51
9011676,210321,P1005,131.3
9011677,205716,P1004,38.94
9011678,209870,P1004,185.41
9011679,210312,P1002,195.08
9011680,203495,P1005,114.92
9011681,206732,P1002,71.7
9011682,206124,P1002,53.77
9011683,210782,P1004,28.73
9011684,201323,P1006,152.32
9011685,207087,P1001,174.66
9011686,206690,P1006,14.43
9011687,202363,P1005,94.48
9011688,204920,P1003,165.04
9011689,206902,P1006,49.23
9011690,210361,P1006,75.97
9011691,201124,P1003,188.76
9011692,210402,P1001,93.56
9011693,210373,P1002,88.76
9011694,210319,P1003,101.12
9011695,200998,P1002,77.85
9011696,205150,P1006,20.23
9011697,207043,P1005,164.88
9011698,207471,P1005,64.33
9011699,209014,P1002,134.65
9011700,201519,P1004,104.86
9011701,205809,P1004,77.56
9011702,210005,P1001,106.49
9011703,210373,P1001,39.27
9011704,200658,P1004,104.34
9011705,210926,P1002,194.88
9011706,204162,P1002,103.5
9011707,201844,P1006,128.98
9011708,211346,P1001,8.65
9011709,201087,P1003,195.95
9011710,209934,P1006,77.25
9011711,210117,P1004,29.72
9011712,210703,P1002,80.84
9011713,202884,P1006,42.98
9011714,202192,P1003,52.44
9011715,202518,P1006,165.19
9011716,200154,P1006,30
9011717,206793,P1005,106.41
9011718,201947,P1004,58.77
9011719,200250,P1002,144.16
9011720,207829,P1002,24.13
9011721,211115,P1004,136.53
9011722,208871,P1002,62.06
9011723,202105,P1001,179.79
9011724,207511,P1004,40.54
9011725,206724,P1001,103.76
9011726,203349,P1004,64.98
9011727,207380,P1001,74.19
9011728,207961,P1004,57.39
9011729,204893,P1003,18.37
9011730,206250,P1005,139.05
9011731,211637,P1001,186.34
9011732,210980,P1001,72.42
9011733,205129,P1006,416.98
9011734,210416,P1001,37.56
9011735,201670,P1005,141.14
9011736,206848,P1002,86.73
9011737,202598,P1002,87.23
9011738,209450,P1002,65.04
9011739,207586,P1006,198.19
9011740,207281,P1003,10.47
9011741,205185,P1001,142.12
9011742,204318,P1002,13.29
9011743,205351,P1003,32.42
9011744,206720,P1006,34.52
9011745,201257,P1002,36.01
9011746,200207,P1004,75.02
9011747,211043,P1004,84.44
9011748,206943,P1005,68.43
9011749,200794,P1003,55.84
9011750,206257,P1003,26.52
9011751,205238,P1001,209.98
9011752,206831,P1005,34.23
9011753,204329,P1004,35.61
9011754,206130,P1004,137.49
9011755,205355,P1001,128.27
9011756,205742,P1005,150
9011757,205409,P1004,124.13
9011758,208031,P1005,50.24
9011759,200305,P1002,33.86
9011760,203175,P1006,68.69
9011761,204113,P1005,265.71
9011762,207714,P1002,77.16
9011763,206941,P1001,118.33
9011764,202793,P1001,165.02
9011765,205671,P1002,14.49
9011766,208160,P1004,125.13
9011767,205082,P1001,109.77
9011768,202867,P1006,98.42
9011769,206414,P1006,14.48
9011770,205873,P1003,30.48
9011771,206519,P1001,94.59
9011772,206692,P1002,37.98
9011773,211751,P1004,14.26
9011774,202161,P1001,147.92
9011775,204509,P1001,7.87
9011776,203563,P1005,109.77
9011777,208159,P1002,12.11
9011778,208278,P1003,29.76
9011779,204468,P1005,51.46
9011780,203449,P1003,33.81
9011781,201936,P1002,55.09
9011782,210969,P1005,110.56
9011783,211133,P1005,105.15
9011784,207240,P1004,72.82
9011785,204115,P1003,84.11
9011786,210037,P1001,70.28
9011787,209021,P1002,205.98
9011788,200027,P1005,58.4
9011789,201146,P1005,49.62
9011790,206071,P1005,103.58
9011791,200128,P1004,87.16
9011792,209930,P1003,107.78
9011793,208392,P1006,73.56
9011794,208024,P1002,63.18
9011795,206339,P1004,113.3
9011796,200742,P1005,23.75
9011797,211053,P1004,137.61
9011798,208627,P1001,124.11
9011799,203691,P1004,285.84
9011800,202167,P1002,141.2
9011801,201771,P1002,61.73
9011802,201590,P1002,362.95
9011803,206776,P1004,160.39
9011804,208683,P1005,55.51
9011805,208865,P1005,51.25
9011806,209586,P1006,69.02
9011807,206879,P1005,75.99
9011808,202285,P1002,16.57
9011809,205176,P1004,71.54
9011810,200484,P1001,7.82
9011811,200968,P1002,133.48
9011812,203874,P1005,44.5
9011813,207996,P1005,165.42
9011814,208638,P1002,192.71
9011815,206914,P1004,39.35
9011816,205093,P1003,237.48
9011817,200173,P1006,25.18
9011818,204826,P1003,104.75
9011819,209466,P1003,110.82
9011820,209693,P1005,21.89
9011821,208153,P1004,195.46
9011822,204603,P1002,145.03
9011823,206735,P1002,289.66
9011824,208212,P1005,164.14
9011825,207476,P1003,20.43
9011826,204810,P1006,20.93
9011827,201400,P1006,92.44
9011828,209218,P1004,76.37
9011829,211162,P1006,171.77
9011830,204377,P1005,104.37
9011831,208440,P1004,15.45
9011832,203295,P1004,45.09
9011833,203856,P1005,53.2
9011834,206999,P1001,109.56
9011835,211559,P1005,181.75
9011836,208059,P1005,81.37
9011837,203024,P1004,99.95
9011838,208188,P1002,68.37
9011839,205580,P1002,204.04
9011840,203952,P1002,144.68
9011841,203211,P1001,19.49
9011842,211122,P1002,221.35
9011843,204627,P1005,109.19
9011844,210211,P1006,103.81
9011845,205032,P1006,107.64
9011846,201955,P1006,50.56
9011847,201581,P1001,10.36
9011848,201452,P1001,294.95
9011849,200191,P1003,58.51
9011850,204495,P1001,138.11
9011851,210478,P1004,74.07
9011852,207627,P1002,32.59
9011853,204894,P1005,98.46
9011854,204831,P1002,35.4
9011855,209280,P1004,105.76
9011856,211876,P1001,85.49
9011857,208691,P1001,57.67
9011858,205897,P1003,90.08
9011859,205402,P1001,119.2
9011860,208186,P1004,159.82
9011861,207964,P1002,138.19
9011862,202168,P1006,57.39
9011863,203739,P1003,225.96
9011864,206782,P1001,115.13
9011865,209432,P1006,29.82
9011866,205184,P1003,34.09
9011867,203231,P1003,155.23
9011868,208699,P1006,21.66
9011869,211232,P1006,133.74
9011870,204488,P1003,40.27
9011871,206812,P1006,10.29
9011872,205158,P1001,24.09
9011873,200064,P1002,152.59
9011874,204517,P1002,67.27
9011875,201136,P1005,104.74
9011876,208741,P1002,35.81
9011877,204294,P1002,23.51
9011878,208225,P1003,97.67
9011879,201336,P1001,33.87
9011880,203337,P1004,93.91
9011881,202118,P1003,60.37
9011882,208501,P1005,46.52
9011883,201221,P1001,98.76
9011884,205687,P1004,35.75
9011885,201452,P1005,56.93
9011886,206969,P1003,31.48
9011887,207590,P1002,103.54
9011888,202822,P1002,82.35
9011889,210869,P1002,80.17
9011890,202706,P1006,53.27
9011891,208948,P1005,163.78
9011892,201562,P1001,63.82
9011893,200698,P1005,109.86
9011894,201531,P1006,33.89
9011895,205032,P1003,42.94
9011896,211788,P1003,112.36
9011897,201647,P1001,281.89
9011898,209249,P1003,99.19
9011899,202167,P1003,58.74
9011900,211031,P1002,157.76
9011901,200802,P1006,18.7
9011902,208309,P1006,56.47
9011903,206371,P1002,48.52
9011904,209079,P1002,61.9
9011905,206608,P1006,88.47
9011906,202400,P1005,120.79
9011907,207372,P1004,125.69
9011908,202377,P1002,112.34
9011909,210090,P1005,76.18
9011910,202412,P1006,143.87
9011911,211724,P1001,88.41
9011912,206775,P1003,59.29
9011913,201733,P1005,218.66
9011914,206802,P1005,49.59
9011915,207903,P1005,82.4
9011916,201769,P1001,72.38
9011917,203589,P1002,153.52
9011918,204054,P1001,84.05
9011919,208522,P1006,75.87
9011920,209488,P1006,105.18
9011921,203351,P1006,41.6
9011922,206528,P1003,39.3
9011923,201444,P1005,56.18
9011924,204908,P1002,44.46
9011925,204884,P1002,392.44
9011926,211222,P1003,164.11
9011927,210972,P1003,174.28
9011928,208023,P1004,120.4
9011929,208962,P1002,168.74
9011930,210815,P1005,24.75
9011931,205773,P1004,147.98
9011932,200110,P1005,133.38
9011933,202447,P1002,63.83
9011934,209080,P1002,97.69
9011935,203389,P1002,21.85
9011936,205122,P1004,226.83
9011937,208361,P1002,37.63
9011938,205577,P1002,102.02
9011939,210653,P1001,54.15
9011940,200420,P1003,118.93
9011941,202989,P1006,76.02
9011942,206412,P1006,73.25
9011943,203095,P1001,271.39
9011944,210228,P1004,63.85
9011945,211885,P1006,72.39
9011946,208345,P1001,315.12
9011947,210497,P1002,183.72
9011948,206599,P1001,54.78
9011949,210126,P1005,5.28
9011950,202918,P1002,111.24
9011951,211208,P1003,17.88
9011952,205905,P1001,233.87
9011953,211830,P1005,129.71
9011954,209887,P1005,284.7
9011955,202779,P1003,43.03
9011956,204145,P1001,90.55
9011957,206598,P1005,106.3
9011958,204247,P1002,116.7
9011959,207570,P1006,146.91
9011960,203223,P1004,64.13
9011961,211546,P1005,169.86
9011962,206661,P1002,29.97
9011963,208174,P1001,49.25
9011964,201893,P1005,139.55
9011965,202018,P1004,174.65
9011966,209127,P1001,59.65
9011967,208643,P1005,80.92
9011968,210190,P1003,67.68
9011969,210375,P1006,22.91
9011970,206055,P1002,86.26
9011971,209070,P1005,65.65
9011972,201097,P1002,79.26
9011973,201237,P1001,107.47
9011974,211681,P1005,224.93
9011975,205652,P1006,38.84
9011976,205836,P1005,193.1
9011977,211716,P1001,27.7
9011978,202457,P1006,58.25
9011979,209867,P1004,260.57
9011980,208546,P1004,84.34
9011981,205971,P1001,86.82
9011982,201144,P1004,141.49
9011983,201171,P1002,22.19
9011984,209193,P1002,48.06
9011985,210030,P1006,78.16
9011986,204097,P1003,154.89
9011987,205302,P1002,52.09
9011988,201961,P1006,44.09
9011989,200378,P1004,27.44
9011990,201635,P1005,70.39
9011991,200846,P1002,20.14
9011992,205021,P1003,26.87
9011993,208825,P1002,223.01
9011994,204711,P1005,58.48
9011995,202995,P1006,115.26
9011996,205488,P1002,300.22
9011997,203257,P1001,22.9
9011998,211011,P1004,94.97
9011999,209141,P1006,210.18
9012000,211514,P1005,166.48
9012001,200908,P1001,86.48
9012002,209639,P1001,33.16
9012003,205460,P1001,57.01
9012004,204591,P1005,65.61
9012005,210520,P1003,46.81
9012006,208271,P1004,164.99
9012007,206011,P1006,148.2
9012008,205899,P1002,55.62
9012009,205879,P1005,5.59
9012010,205385,P1004,178.81
9012011,211870,P1001,167.45
9012012,201754,P1005,55.37
9012013,203941,P1003,173.39
9012014,203494,P1001,64.34
9012015,202104,P1002,44.18
9012016,211943,P1004,117.89
9012017,204624,P1006,108.15
9012018,204703,P1004,65.95
9012019,211183,P1001,119.85
9012020,201638,P1006,135.29
9012021,200923,P1001,126.31
9012022,206830,P1005,26.36
9012023,206854,P1003,68.9
9012024,207385,P1003,5.76
9012025,210775,P1006,75.75
9012026,203563,P1002,27.51
9012027,203269,P1002,100.18
9012028,210869,P1005,28.61
9012029,208579,P1002,98.17
9012030,200250,P1003,26.34
9012031,204878,P1004,334.11
9012032,205756,P1001,58.79
9012033,208945,P1006,52.99
9012034,211748,P1001,39.09
9012035,205119,P1006,93.03
9012036,207485,P1003,16.61
9012037,202922,P1003,86.96
9012038,206560,P1002,137.3
9012039,206099,P1005,62
9012040,211643,P1003,94.8
9012041,203102,P1002,94.06
9012042,204533,P1003,96.18
9012043,208796,P1003,69.87
9012044,209090,P1002,408.33
9012045,205859,P1001,169.31
9012046,202431,P1004,76.94
9012047,211803,P1005,123.22
9012048,203939,P1004,32.19
9012049,206693,P1002,69.58
9012050,205381,P1006,152.46
9012051,205251,P1003,39.81
9012052,200232,P1004,114.38
9012053,201971,P1001,154.52
9012054,203114,P1004,52.48
9012055,208809,P1001,55.47
9012056,203401,P1001,133.41
9012057,206336,P1002,105.58
9012058,206424,P1004,219.44
9012059,200234,P1006,134.7
9012060,206535,P1004,198
9012061,203903,P1002,135.26
9012062,205381,P1003,65.13
9012063,211520,P1004,69.97
9012064,205436,P1002,22.95
9012065,207248,P1006,110.66
9012066,208306,P1003,15.83
9012067,211316,P1001,57.59
9012068,208973,P1002,111.26
9012069,205865,P1002,66.25
9012070,211418,P1001,225.42
9012071,203511,P1002,12.47
9012072,205108,P1003,117.17
9012073,204607,P1004,52.8
9012074,201535,P1002,128.72
9012075,208259,P1006,177.99
9012076,202435,P1005,122.83
9012077,207659,P1001,21.54
9012078,202995,P1005,69.9
9012079,207537,P1006,155.68
9012080,200388,P1001,179.46
9012081,202868,P1003,74.93
9012082,201886,P1001,114.82
9012083,204465,P1002,62.31
9012084,207055,P1004,159.33
9012085,207624,P1003,146.39
9012086,211799,P1004,235.89
9012087,208136,P1002,220.9
9012088,201874,P1005,169.51
9012089,205677,P1004,27.23
9012090,207318,P1001,98.98
9012091,208653,P1004,78.68
9012092,203996,P1001,99.41
9012093,205974,P1003,66.53
9012094,208778,P1002,49.76
9012095,211901,P1002,156.55
9012096,200982,P1005,31.66
9012097,200560,P1003,91.08
9012098,204018,P1001,178.46
9012099,206053,P1005,2.1
9012100,208771,P1001,76.1
9012101,203218,P1002,11.97
9012102,206775,P1002,155.25
9012103,207392,P1004,66.07
9012104,207453,P1006,116.71
9012105,209403,P1002,69.74
9012106,202639,P1006,67.91
9012107,209184,P1004,153.37
9012108,200422,P1002,96.17
9012109,209648,P1005,92.85
9012110,206813,P1004,20.23
9012111,201431,P1005,24.79
9012112,208542,P1004,80.76
9012113,200431,P1001,209.69
9012114,207659,P1005,99.77
9012115,202148,P1005,256.04
9012116,202784,P1003,47.23
9012117,211393,P1006,215.46
9012118,210301,P1006,45.72
9012119,204446,P1004,60.06
9012120,200014,P1005,211.16
9012121,202104,P1003,22.11
9012122,202426,P1004,16.21
9012123,208225,P1006,34.37
9012124,204718,P1001,47.11
9012125,210099,P1002,61.81
9012126,201530,P1005,192.38
9012127,208770,P1004,34.95
9012128,201677,P1001,66.69
9012129,209193,P1005,97.72
9012130,208831,P1003,308.52
9012131,207053,P1002,64.45
9012132,202766,P1004,98.36
9012133,201754,P1003,102.8
9012134,206675,P1002,77.59
9012135,208883,P1006,53.03
9012136,205284,P1005,195.25
9012137,209024,P1006,171.82
9012138,211198,P1004,25.94
9012139,203381,P1003,163.81
9012140,208536,P1001,43.88
9012141,206619,P1002,80.03
9012142,204108,P1004,126.57
9012143,210466,P1005,103.91
9012144,202085,P1001,92.05
9012145,209809,P1001,159.06
9012146,201355,P1003,57.74
9012147,211831,P1002,27.76
9012148,200920,P1003,227.29
9012149,207457,P1005,21.76
9012150,204122,P1005,149.92
9012151,209212,P1001,31.63
9012152,210045,P1006,147.26
9012153,210912,P1003,81.09
9012154,200449,P1001,121.64
9012155,205617,P1005,87.99
9012156,201094,P1005,92.41
9012157,206158,P1002,70.73
9012158,204312,P1004,56.79
9012159,211079,P1003,46.14
9012160,205533,P1004,48.42
9012161,203311,P1004,124.04
9012162,209639,P1001,231.74
9012163,209593,P1001,32.55
9012164,211796,P1006,12.88
9012165,202200,P1001,123.55
9012166,207311,P1001,230.63
9012167,205330,P1005,71.91
9012168,202389,P1006,165.25
9012169,211816,P1006,61.11
9012170,206976,P1003,193.67
9012171,202258,P1002,141.79
9012172,206473,P1003,112.6
9012173,200202,P1005,37.57
9012174,205236,P1006,263.56
9012175,201930,P1005,146.17
9012176,206319,P1006,20.2
9012177,200484,P1005,62.44
9012178,205416,P1003,11.72
9012179,203395,P1001,61.39
9012180,202392,P1002,113.91
9012181,206267,P1006,153.68
9012182,206921,P1003,219.04
9012183,205409,P1003,237.53
9012184,204338,P1006,149.26
9012185,209143,P1006,80.35
9012186,207387,P1006,65.46
9012187,210318,P1003,103.58
9012188,210173,P1001,147.07
9012189,210201,P1001,43.53
9012190,210233,P1006,94.39
9012191,204160,P1005,87.11
9012192,205610,P1006,112.91
9012193,211254,P1004,47.74
9012194,207846,P1002,135.72
9012195,203706,P1003,42.09
9012196,202923,P1004,68.07
9012197,209075,P1001,107.19
9012198,204960,P1006,67.45
9012199,208249,P1001,58.44
9012200,205595,P1002,33.74
9012201,209716,P1004,89.96
9012202,211577,,130.75
9012203,208993,P1004,254.07
9012204,211863,P1004,144.11
9012205,209413,P1001,55.06
9012206,211354,P1004,14.47
9012207,200240,P1003,97.97
9012208,203282,P1006,72.72
9012209,203939,P1002,75.84
9012210,207488,P1006,119.15
9012211,206122,P1003,76.29
9012212,208150,P1002,63.49
9012213,209146,P1002,99.86
9012214,209819,P1002,67.51
9012215,206372,P1004,122.77
9012216,211725,P1004,153.07
9012217,205313,P1002,86.17
9012218,204619,P1005,73.82
9012219,206690,P1003,35.64
9012220,205845,P1001,31.6
9012221,202042,P1005,113.28
9012222,206870,P1003,121.9
9012223,209719,P1006,301.03
9012224,209932,P1003,215.99
9012225,200618,P1006,81.5
9012226,208998,P1001,49.52
9012227,208874,P1005,168.76
9012228,204404,P1004,33.8
9012229,206536,P1001,52.96
9012230,205408,P1006,319.88
9012231,204694,P1002,59.63
9012232,206199,P1006,59.44
9012233,203857,P1001,51.68
9012234,206716,P1006,154.48
9012235,208376,P1002,64.19
9012236,203497,P1002,38.77
9012237,203721,P1003,194.93
9012238,211806,P1005,45.14
9012239,211249,P1004,198.17
9012240,209731,P1006,76.69
9012241,206394,P1002,132.79
9012242,211294,P1002,153.45
9012243,205730,P1003,247.41
9012244,207373,P1006,100.1
9012245,209919,P1006,113.76
9012246,202392,P1005,77.95
9012247,211301,P1004,91.85
9012248,201133,P1003,370.28
9012249,202775,P1001,117.25
9012250,203765,P1001,157.29
9012251,203525,P1006,66.48
9012252,201478,P1006,12.15
9012253,206638,P1006,113.62
9012254,207986,P1001,153.12
9012255,207820,P1001,75.91
9012256,208259,P1005,92.72
9012257,201725,P1002,191.42
9012258,210193,P1006,101.08
9012259,202173,P1001,114.35
9012260,206215,P1006,38.79
9012261,208718,P1006,69.39
9012262,210986,P1001,153.5
9012263,206987,P1004,85.51
9012264,206333,P1006,119.26
9012265,207736,P1002,74.72
9012266,208578,P1002,116.03
9012267,210779,P1004,59.38
9012268,205175,P1001,42.6
9012269,203658,P1004,96.54
9012270,211941,P1001,50.49
9012271,210220,P1002,109.95
9012272,204600,P1005,83.13
9012273,201440,P1004,95.28
9012274,208548,P1006,63.26
9012275,203093,P1006,208.12
9012276,211398,P1005,27.84
9012277,200251,P1005,47.74
9012278,211231,P1001,102.17
9012279,206412,P1006,23.67
9012280,204160,P1006,102.38
9012281,201098,P1002,62.25
9012282,201184,P1006,94.65
9012283,208912,P1002,80.84
9012284,209706,P1003,337
9012285,203531,P1003,24.35
9012286,203333,P1004,13.69
9012287,207665,P1001,92.77
9012288,200606,P1003,92.71
9012289,205207,P1004,68.04
9012290,211193,P1003,18.43
9012291,203401,P1002,38.4
9012292,206238,P1005,79.39
9012293,203227,P1005,138.26
9012294,204483,P1003,44.6
9012295,207043,P1005,103.97
9012296,203760,P1003,93.11
9012297,206638,P1002,36.66
9012298,203657,P1002,54.76
9012299,201586,P1002,264.2
9012300,208860,P1001,72.37
9012301,207242,P1004,163.82
9012302,203625,P1006,98.68
9012303,209034,P1006,137.87
9012304,205171,P1003,80.73
9012305,201625,P1006,122.54
9012306,206071,P1006,56.16
9012307,204691,P1002,140.86
9012308,203092,P1003,17.52
9012309,204102,P1001,67.29
9012310,211219,P1005,200.64
9012311,205256,P1004,86.65
9012312,203901,P1002,280.52
9012313,202950,P1001,78.23
9012314,206593,P1005,122.64
9012315,211197,P1006,41.61
9012316,200423,P1005,137.17
9012317,206542,P1003,229.49
9012318,210103,P1001,56.29
9012319,202194,P1001,11.57
9012320,204979,P1006,195.57
9012321,203777,P1002,98.36
9012322,204446,P1006,62.44
9012323,205485,P1005,27.26
9012324,201294,P1005,26.16
9012325,208140,P1002,97.12
9012326,204195,P1004,168.07
9012327,205655,P1002,32.75
9012328,205290,P1006,55.6
9012329,209504,P1002,92.63
9012330,207254,P1005,24.22
9012331,206900,P1006,122.02
9012332,202965,P1006,110.08
9012333,206945,P1002,22.14
9012334,203486,P1001,85.33
9012335,208908,P1002,53.12
9012336,209551,P1005,126.88
9012337,207156,P1003,77.15
9012338,204229,P1004,199.31
9012339,211132,P1006,41.16
9012340,208827,P1006,127.96
9012341,210126,P1004,265.48
9012342,207570,P1005,61.29
9012343,210848,P1006,148.1
9012344,209401,P1002,194.25
9012345,208609,P1004,224.18
9012346,200173,P1005,28.54
9012347,202320,P1006,65.93
9012348,204444,P1003,128.5
9012349,206857,P1005,41.1
9012350,206749,P1001,177.85
9012351,210023,,43.89
9012352,210403,P1004,97.29
9012353,202138,P1002,64.93
9012354,200791,P1004,218.57
9012355,210874,P1001,120.93
9012356,210739,P1006,134.37
9012357,200005,P1003,172.78
9012358,207992,P1005,73.03
9012359,208585,P1006,65.87
9012360,208881,P1005,202.79
9012361,200976,P1005,8.86
9012362,200057,P1002,79.43
9012363,202641,P1001,83.9
9012364,210353,P1005,111.54
9012365,209219,P1005,426.4
9012366,206484,P1006,139.73
9012367,201335,P1004,81.29
9012368,203425,P1005,51.63
9012369,203109,P1001,82.96
9012370,203428,P1002,128.17
9012371,208702,P1001,93.98
9012372,210361,P1003,54.32
9012373,208430,P1002,120.86
9012374,200737,P1003,20.49
9012375,200335,P1001,55.26
9012376,205026,P1006,34.77
9012377,202117,P1003,129.49
9012378,208757,P1001,142.03
9012379,207577,P1006,85.11
9012380,200885,P1003,70.24
9012381,206406,P1004,49.96
9012382,202210,P1002,34.51
9012383,209808,P1006,26.02
9012384,205280,P1003,46.64
9012385,206089,P1002,181.98
9012386,211465,P1001,159.08
9012387,208701,P1001,184.46
9012388,209302,P1001,121.97
9012389,211878,P1004,46.37
9012390,202426,P1006,35.66
9012391,206783,P1002,194.21
9012392,201661,P1001,134.84
9012393,211015,P1001,71.64
9012394,208796,P1003,234.4
9012395,210977,P1006,74.86
9012396,208901,P1001,205.49
9012397,201239,P1003,184.19
9012398,211721,P1004,69.26
9012399,209004,P1002,90.48
9012400,211355,P1001,27.75
9012401,200689,P1001,126.5
9012402,206125,P1006,75.74
9012403,208982,P1006,58.53
9012404,201419,P1006,254.29
9012405,207241,P1005,65.25
9012406,204700,P1003,42.97
9012407,203991,P1006,20.48
9012408,200668,P1002,33.74
9012409,211002,P1001,39.33
9012410,206855,P1003,127.87
9012411,203577,P1006,40.86
9012412,209046,P1002,82.28
9012413,204938,P1006,81.16
9012414,204138,P1004,75.97
9012415,204179,P1005,15.15
9012416,201437,P1001,41.9
9012417,209226,P1003,90.45
9012418,201748,P1002,166.48
9012419,201308,P1003,133.52
9012420,208650,P1001,71.36
9012421,209943,P1006,102.75
9012422,204017,P1002,177.08
9012423,201090,P1001,102.5
9012424,205691,P1001,20.81
9012425,206309,P1003,242.8
9012426,205145,P1006,44.33
9012427,209747,P1005,171.8
9012428,206885,P1004,25.93
9012429,209119,P1006,42.2
9012430,206011,P1003,68.02
9012431,205482,P1002,97.93
9012432,204725,P1005,39.45
9012433,201115,P1002,117.29
9012434,206108,P1003,37.75
9012435,208332,P1001,35.23
9012436,209762,P1003,117.43
9012437,209553,P1001,32.34
9012438,203923,P1006,54.44
9012439,207012,P1006,108.28
9012440,200057,P1002,85.45
9012441,200591,P1004,193.64
9012442,211704,P1006,188.34
9012443,206291,P1004,15.71
9012444,205731,P1002,19.77
9012445,211257,P1002,74.95
9012446,208621,P1006,114.4
9012447,207639,P1001,57.11
9012448,202444,P1001,115.29
9012449,201041,P1005,72.65
9012450,200996,P1004,87.25
9012451,207089,P1005,44.85
9012452,208392,P1001,45.17
9012453,203416,P1004,141.67
9012454,206617,P1004,25.19
9012455,209034,P1004,44.48
9012456,205201,P1002,101.75
9012457,201128,P1004,212.2
9012458,209140,P1004,51.62
9012459,210152,P1006,50.66
9012460,204754,P1003,96.55
9012461,204479,P1002,80.96
9012462,201008,P1003,241.16
9012463,205531,P1001,33.08
9012464,211948,P1002,83.01
9012465,208745,P1006,45.02
9012466,208649,P1001,66.22
9012467,208788,P1005,196.34
9012468,202328,P1003,110.96
9012469,207680,P1003,41.83
9012470,204636,P1006,230.12
9012471,211233,P1003,20.61
9012472,206886,P1004,88.95
9012473,200433,P1005,86.4
9012474,201869,P1004,13.77
9012475,206883,P1005,66.3
9012476,203859,P1005,82.84
9012477,206836,P1004,124.17
9012478,201771,P1001,87.43
9012479,201892,P1003,26.08
9012480,201371,P1003,140.01
9012481,211190,P1006,25.61
9012482,208190,P1004,121.46
9012483,211671,P1004,104.96
9012484,203464,P1001,67.39
9012485,205557,P1006,445.85
9012486,211012,P1004,79.49
9012487,211425,P1003,93.94
9012488,201155,P1005,170.25
9012489,201798,P1005,48.93
9012490,209422,P1006,67.17
9012491,201181,P1002,192.65
9012492,201911,P1004,9.93
9012493,207145,P1003,117.82
9012494,202297,P1001,76.33
9012495,206563,P1005,212.83
9012496,208755,P1006,141.49
9012497,209884,P1006,185.35
9012498,201574,P1006,70.17
9012499,200753,P1002,95.69
9012500,208271,P1002,174.08
9012501,208595,P1003,93.13
9012502,208715,P1005,62.54
9012503,202553,P1002,82.77
9012504,210201,P1003,215.68
9012505,203773,P1005,56.94
9012506,210478,P1002,119.68
9012507,201291,P1006,135.18
9012508,206850,P1004,35.55
9012509,208538,P1003,47.83
9012510,208367,P1003,6.65
9012511,209543,P1003,69.42
9012512,204096,P1005,146.13
9012513,207064,P1005,75.6
9012514,203334,P1005,182.5
9012515,200888,P1005,202.53
9012516,209087,P1002,110.84
9012517,202512,P1003,9.95
9012518,200805,P1004,160.44
9012519,208849,P1004,185.37
9012520,209983,P1001,145.82
9012521,207839,P1005,26.8
9012522,205913,P1001,22.48
9012523,210920,P1006,70.94
9012524,201992,P1004,35.63
9012525,210109,P1004,100.6
9012526,202926,P1003,44.82
9012527,202092,P1001,48.75
9012528,202940,P1006,17.37
9012529,209316,P1005,58.87
9012530,200404,P1002,85.26
9012531,202486,P1005,48.25
9012532,202823,P1005,15.27
9012533,200858,P1004,82.73
9012534,211573,P1006,199.44
9012535,200642,P1006,87.54
9012536,205009,P1001,221.56
9012537,205952,P1006,93.51
9012538,210935,P1003,46.81
9012539,205882,P1005,231.14
9012540,210359,P1005,100.36
9012541,200234,P1002,34.67
9012542,201435,P1001,211.63
9012543,209445,P1004,333.99
9012544,206567,P1001,204.3
9012545,205384,P1001,99.77
9012546,205791,P1005,96.09
9012547,209518,P1004,50.08
9012548,200955,P1004,188.64
9012549,203894,P1001,15.5
9012550,208662,P1003,30.36
9012551,209233,P1003,35.97
9012552,203873,P1001,21.36
9012553,205965,P1001,182.31
9012554,207786,P1004,198.61
9012555,208174,P1001,256.85
9012556,208919,P1006,107.7
9012557,203307,P1003,57.4
9012558,208562,P1001,46.87
9012559,202432,P1003,104.57
9012560,208103,P1006,63.55
9012561,206159,P1003,33.35
9012562,203691,P1006,133.64
9012563,202707,P1006,160.5
9012564,207551,P1004,108.65
9012565,201308,P1002,105.47
9012566,208546,P1002,24.73
9012567,204887,P1002,172.75
9012568,205979,P1004,41.65
9012569,204134,P1001,196.17
9012570,207933,P1002,135.87
9012571,205137,P1001,127.76
9012572,210547,P1003,106.29
9012573,204620,P1002,20
9012574,202589,P1004,62.56
9012575,201161,P1002,60.46
9012576,201626,P1005,80.94
9012577,201564,P1003,32.78
9012578,205230,P1004,69.42
9012579,202590,P1001,41.46
9012580,210235,P1003,47.19
9012581,211525,P1001,227.17
9012582,203926,P1006,14.08
9012583,207704,P1002,164.51
9012584,211839,P1003,47.23
9012585,203869,P1005,146.34
9012586,203629,P1005,26.26
9012587,210273,P1005,65.15
9012588,211387,P1001,79.62
9012589,211658,P1005,15.06
9012590,210501,P1001,120.51
9012591,200747,P1001,91.93
9012592,207478,P1004,42.36
9012593,203982,P1002,94.79
9012594,209414,P1005,5.51
9012595,205979,P1005,50.49
9012596,202442,P1001,63.47
9012597,206409,P1002,108.21
9012598,201115,P1002,64.87
9012599,203075,P1002,256.46
9012600,200086,P1004,188.06
9012601,205014,P1004,47.61
9012602,201564,P1003,126.46
9012603,201498,P1004,39.31
9012604,207067,P1001,18.07
9012605,207293,P1003,34.13
9012606,200459,P1003,81.31
9012607,210846,P1002,81.79
9012608,201059,P1002,242.8
9012609,204148,P1002,59.56
9012610,207292,P1002,175.96
9012611,209386,P1004,77.88
9012612,208193,P1004,158.97
9012613,209214,P1001,22.15
9012614,202407,P1004,42.76
9012615,200028,P1001,31.1
9012616,209980,P1004,64.34
9012617,210035,P1001,109.89
9012618,201520,P1001,80.78
9012619,200640,P1003,161.44
9012620,208558,P1006,32.76
9012621,208919,P1002,42.48
9012622,202775,P1001,97.83
9012623,204633,P1005,75.17
9012624,210760,P1003,40.17
9012625,205863,P1001,14.68
9012626,209873,P1002,28.42
9012627,201855,P1006,65.59
9012628,210963,P1004,154.66
9012629,206516,P1003,211.47
9012630,205436,P1006,62.25
9012631,210752,P1005,149.94
9012632,210420,P1004,24.31
9012633,200754,P1003,64.69
9012634,209094,P1006,37.29
9012635,204445,P1004,309.81
9012636,211476,P1002,26.9
9012637,211082,P1005,229.83
9012638,206170,P1001,80.82
9012639,203706,P1006,170.81
9012640,209728,P1005,215.92
9012641,205340,P1001,112.25
9012642,201500,P1006,214.9
9012643,206276,P1003,26.54
9012644,201733,P1001,80.03
9012645,207861,P1006,84.42
9012646,200724,P1002,120.29
9012647,201885,P1003,224.42
9012648,201612,P1001,73.01
9012649,210907,P1006,45.88
9012650,202562,P1005,137.98
9012651,203449,P1004,76.06
9012652,207390,P1004,76.83
9012653,201300,P1005,170.75
9012654,207175,P1004,14.04
9012655,201049,P1003,62.32
9012656,210838,P1002,45.28
9012657,209805,P1005,39.91
9012658,201500,P1002,77.55
9012659,210071,P1005,341.98
9012660,209095,P1002,174.14
9012661,209786,P1006,144.82
9012662,205899,P1001,44.44
9012663,211324,P1006,171.55
9012664,207216,P1004,132.52
9012665,202963,P1005,128.61
9012666,201471,P1003,87.11
9012667,205829,P1003,36.75
9012668,201157,P1005,138.61
9012669,210719,P1002,25.99
9012670,206569,P1006,31.34
9012671,200194,P1001,165.11
9012672,211337,P1001,81.64
9012673,211692,P1005,122.8
9012674,206330,P1005,28.18
9012675,200625,P1006,66.32
9012676,207021,P1002,34.64
9012677,209684,P1005,36.28
9012678,207770,P1004,33.38
9012679,211902,P1002,38.75
9012680,202732,P1006,84.95
9012681,202938,P1002,114
9012682,210010,P1002,98.15
9012683,208155,P1006,11.1
9012684,202666,P1002,142.04
9012685,208382,P1002,81.14
9012686,204950,P1003,49.85
9012687,204806,P1002,50.39
9012688,205107,P1002,218.63
9012689,209956,P1003,15.01
9012690,210546,P1003,44.2
9012691,202959,P1004,160.11
9012692,209798,P1004,120.83
9012693,205860,P1003,269.12
9012694,205780,P1006,311.66
9012695,202525,P1005,205.26
9012696,200784,P1003,131.44
9012697,210550,P1001,13.46
9012698,201292,P1005,81.98
9012699,202395,P1006,144.63
9012700,201107,P1001,48.98
9012701,211725,P1001,67.41
9012702,209233,P1002,61.08
9012703,202755,P1006,85.41
9012704,208080,P1001,118.18
9012705,201720,P1004,75.63
9012706,203628,P1001,211.21
9012707,210741,P1001,129.65
9012708,202287,P1002,187.89
9012709,208092,P1002,153.65
9012710,211152,P1003,97.03
9012711,201550,P1005,67.96
9012712,211102,P1003,111.6
9012713,205927,P1004,46.78
9012714,201098,P1001,114.36
9012715,205879,P1006,353.12
9012716,207693,P1002,72.4
9012717,209983,P1003,90.18
9012718,210517,P1004,50.75
9012719,206433,P1005,60.98
9012720,207197,P1004,231.77
9012721,206455,P1003,113.42
9012722,210446,P1003,75.51
9012723,210214,P1001,53.45
9012724,200414,P1002,130.49
9012725,210412,P1004,74.79
9012726,206294,P1001,79.59
9012727,200380,P1005,35.06
9012728,203370,P1006,128.51
9012729,204817,P1001,138.49
9012730,209796,P1001,226.81
9012731,201994,P1006,74.4
9012732,205966,P1003,37.69
9012733,211296,P1001,80.8
9012734,208893,P1003,101.45
9012735,201750,P1005,139.81
9012736,206092,P1003,200.55
9012737,204300,P1003,278.6
9012738,207351,P1004,54.63
9012739,205769,P1003,11.69
9012740,207811,P1003,31.1
9012741,207023,P1005,159.76
9012742,208901,P1003,36.55
9012743,207167,P1002,149.89
9012744,203003,P1003,30.77
9012745,210841,P1005,130.6
9012746,207883,P1005,83.08
9012747,203648,P1003,77.22
9012748,203231,P1003,85.64
9012749,202104,P1001,20.86
9012750,201254,P1006,61.28
9012751,211932,P1003,153.72
9012752,205509,P1002,114.25
9012753,207069,P1003,99.77
9012754,207660,P1003,65.1
9012755,201720,P1001,36.68
9012756,209739,P1005,97.42
9012757,203779,P1001,197.04
9012758,207648,P1004,172.95
9012759,201693,P1005,15.83
9012760,203851,P1001,366.88
9012761,204860,P1005,37.25
9012762,202908,P1003,29.54
9012763,201795,P1003,64.58
9012764,208079,P1002,61.98
9012765,201780,P1003,31.81
9012766,203694,P1003,182.56
9012767,202440,P1006,33.44
9012768,211202,P1001,56.46
9012769,206597,P1001,153.84
9012770,206669,P1006,242.27
9012771,206193,P1006,153.14
9012772,207100,P1002,95.28
9012773,210623,P1005,74.02
9012774,209686,P1005,85.36
9012775,207213,P1002,151.16
9012776,211758,P1002,199.83
9012777,211335,P1004,109.76
9012778,206173,P1003,273.25
9012779,204012,P1003,84.65
9012780,201656,P1003,64.59
9012781,204626,P1006,66.77
9012782,205990,P1004,35.5
9012783,204047,P1005,101.13
9012784,211720,P1002,69.54
9012785,202549,P1003,211.4
9012786,210497,P1004,41.94
9012787,202397,P1006,168.88
9012788,209891,P1002,58.93
9012789,208044,P1002,32.13
9012790,202217,P1002,36.22
9012791,204505,P1005,53.18
9012792,202937,P1001,11.07
9012793,206249,P1003,119.55
9012794,211477,P1001,191.22
9012795,209829,P1004,190.08
9012796,205173,P1005,137.53
9012797,211340,P1004,52.9
9012798,208126,P1001,118.97
9012799,202127,P1004,44.54
9012800,205304,P1001,34.8
9012801,202371,P1006,46.52
9012802,205719,P1006,70.21
9012803,200852,P1005,95.13
9012804,209579,P1002,241.62
9012805,204476,P1001,60.93
9012806,206711,P1006,82.24
9012807,210944,P1005,99.99
9012808,203133,P1005,276.12
9012809,201341,P1002,105.25
9012810,206728,P1002,24.83
9012811,201198,P1006,48.94
9012812,206912,P1006,60.3
9012813,202949,P1006,23.91
9012814,205780,P1003,239.43
9012815,203074,P1003,116.18
9012816,201634,P1006,41
9012817,206878,P1005,117.93
9012818,210798,P1002,48.19
9012819,200274,P1001,74.36
9012820,204493,P1006,59.62
9012821,209722,P1001,65.56
9012822,204127,P1002,146.1
9012823,209142,P1004,49.92
9012824,200999,P1004,67.95
9012825,209446,P1004,9.01
9012826,209095,P1005,65.71
9012827,204704,P1001,120.56
9012828,207180,P1004,180.26
9012829,203818,P1002,89.31
9012830,209646,P1004,26.37
9012831,208842,P1003,82.66
9012832,209868,P1002,55.92
9012833,211489,P1001,31.09
9012834,207810,P1006,136.98
9012835,210439,P1006,55.33
9012836,201567,P1006,54.89
9012837,203414,P1003,104.6
9012838,205663,P1006,117.54
9012839,207105,P1002,115.44
9012840,209064,P1003,90.09
9012841,208083,P1005,133.91
9012842,204735,P1004,97.49
9012843,209341,P1006,174.37
9012844,205792,P1004,171.74
9012845,210974,P1001,43.11
9012846,201527,P1004,57.8
9012847,201942,P1004,79.39
9012848,203445,P1002,192.22
9012849,201933,P1006,19.76
9012850,206263,P1006,119.7
9012851,205958,P1005,65.69
9012852,209681,P1003,38.53
9012853,208137,P1001,77.45
9012854,200832,P1001,143.84
9012855,209445,P1001,76.91
9012856,211918,P1006,299.32
9012857,208523,P1005,103.42
9012858,200645,P1002,7.04
9012859,203034,P1001,22.69
9012860,208952,P1005,89.76
9012861,205353,P1006,69.38
9012862,204297,P1001,39.25
9012863,210889,P1006,105.27
9012864,204904,P1005,156.61
9012865,207942,P1004,71.65
9012866,200801,P1004,86.57
9012867,201681,P1006,286.28
9012868,206150,P1006,53.63
9012869,205509,P1005,37.14
9012870,209588,P1006,125.28
9012871,202538,P1004,76.26
9012872,208896,P1002,159.35
9012873,207856,P1001,138.69
9012874,201259,P1006,302.42
9012875,200937,P1006,165.49
9012876,211042,P1002,83.53
9012877,202617,P1003,27.24
9012878,207964,P1002,41.55
9012879,204028,P1004,114.31
9012880,204524,P1006,18.73
9012881,209691,P1005,88.98
9012882,206334,P1002,107.88
9012883,205429,P1003,79.81
9012884,207790,P1004,171.03
9012885,204405,P1003,119.84
9012886,209942,P1001,59.91
9012887,200948,P1001,37.79
9012888,207868,P1001,148.9
9012889,211019,P1003,147.38
9012890,200224,P1004,6.97
9012891,210212,P1003,62.98
9012892,201474,P1005,64.65
9012893,206175,P1004,296.5
9012894,202131,P1003,154.74
9012895,202617,P1002,82.9
9012896,211778,P1001,367.63
9012897,202262,P1002,115.27
9012898,206180,P1005,224.3
9012899,211291,P1005,108.63
9012900,208750,P1004,52.89
9012901,210031,P1001,82.73
9012902,205249,P1003,26.77
9012903,209740,P1003,128.45
9012904,204482,P1004,55.52
9012905,207136,P1002,27.28
9012906,209997,P1004,67.73
9012907,211676,P1002,327.68
9012908,210039,P1001,74.17
9012909,203923,P1002,163.19
9012910,209690,P1003,75.86
9012911,210304,P1003,167.65
9012912,209960,P1004,75.19
9012913,208214,P1002,127.5
9012914,202721,P1005,18.27
9012915,211946,P1001,59.55
9012916,209143,P1004,25.01
9012917,200177,P1006,68.99
9012918,209940,P1002,46.85
9012919,208689,P1006,21.26
9012920,204458,P1003,58.01
9012921,208935,P1004,3.95
9012922,202280,P1004,49.56
9012923,203927,P1002,151.58
9012924,202553,P1005,51.96
9012925,208519,P1005,320.25
9012926,202802,P1001,62.26
9012927,207408,P1006,92.6
9012928,205633,P1005,140.14
9012929,205381,P1003,181.22
9012930,211836,P1005,53.93
9012931,203885,P1003,75.15
9012932,206751,P1006,68.94
9012933,203632,P1002,49.16
9012934,209175,P1003,151.49
9012935,208707,P1003,37.56
9012936,205347,P1004,175.7
9012937,211639,P1004,79.44
9012938,206835,P1005,90.91
9012939,201169,P1005,54.82
9012940,211693,P1001,9.54
9012941,201514,P1003,74.47
9012942,206584,P1004,235.24
9012943,200040,P1003,32.63
9012944,205046,P1002,85.45
9012945,208260,P1001,133.93
9012946,201601,P1002,45.27
9012947,211751,P1005,127.77
9012948,203083,P1002,35.72
9012949,205947,P1001,115.46
9012950,209505,P1001,82.68
9012951,204199,P1003,168.63
9012952,211784,P1002,126.18
9012953,204115,P1002,138.56
9012954,202416,P1006,76.85
9012955,206359,P1006,18.62
9012956,204770,P1004,82.77
9012957,206001,P1001,11.62
9012958,206275,P1002,20.45
9012959,209025,P1002,66.92
9012960,206569,P1005,140.66
9012961,209487,P1003,116.64
9012962,211088,P1004,126.95
9012963,204539,P1004,41.17
9012964,200555,P1002,59.97
9012965,204597,P1001,28.23
9012966,209606,P1005,31.34
9012967,203065,P1006,36.66
9012968,200452,P1005,53.63
9012969,203149,P1004,65.44
9012970,205077,P1006,52.68
9012971,200280,P1004,64.84
9012972,211878,P1004,190.23
9012973,202836,P1006,40.84
9012974,206017,P1001,64.59
9012975,203508,P1001,50.92
9012976,208153,P1005,97.79
9012977,208673,P1004,148.6
9012978,206605,P1004,96.39
9012979,201755,P1003,66.99
9012980,202411,P1006,48.74
9012981,211208,P1003,115.07
9012982,205287,P1002,18.81
9012983,205577,P1006,193.83
9012984,210377,P1003,201.63
9012985,208305,P1006,67.22
9012986,201695,P1001,60.55
9012987,203115,P1002,178.94
9012988,205528,P1004,184.12
9012989,208495,P1001,325.21
9012990,209928,P1003,17.61
9012991,200324,P1003,106.51
9012992,204368,P1003,71.52
9012993,200390,P1002,37.75
9012994,204633,P1003,174.73
9012995,206467,P1001,155.57
9012996,207395,P1006,45.23
9012997,202284,P1001,104.27
9012998,210446,P1002,25.43
9012999,208153,P1001,89.39
9013000,208194,P1002,179.76
9013001,209241,P1006,35.51
9013002,208930,P1004,249.57
9013003,210791,P1001,80.31
9013004,201016,P1001,229.24
9013005,206210,P1001,79.19
9013006,210864,P1005,110.99
9013007,210381,P1005,62.73
9013008,205093,P1002,40.06
9013009,207648,P1004,105.9
9013010,202126,P1004,96.18
9013011,203386,P1006,97.01
9013012,211454,P1006,73.1
9013013,203947,P1004,71.98
9013014,206874,P1003,40.04
9013015,203841,P1006,153.52
9013016,206271,P1002,95.42
9013017,200401,P1004,10.31
9013018,207558,P1005,70.43
9013019,205144,P1005,120.11
9013020,202098,P1005,100.97
9013021,209266,P1006,49.76
9013022,204400,P1002,161.52
9013023,204855,P1004,149.44
9013024,204947,P1004,25.18
9013025,208972,P1002,98.22
9013026,208277,P1003,133.83
9013027,203159,P1004,90.21
9013028,201163,P1006,28.76
9013029,203433,P1003,72.91
9013030,201192,P1004,66.24
9013031,204115,P1004,34.14
9013032,204657,P1005,120.96
9013033,209591,P1002,51.29
9013034,203167,P1001,82.81
9013035,211085,P1006,171.47
9013036,202872,P1006,65.27
9013037,209961,P1005,85.63
9013038,206726,P1002,126.39
9013039,202479,P1006,96.08
9013040,209985,P1006,199.93
9013041,211748,P1001,84.66
9013042,200442,P1002,53.87
9013043,204557,P1001,34.24
9013044,203346,P1002,72.11
9013045,201071,P1004,90.14
9013046,205264,P1006,111.14
9013047,200477,P1001,41.37
9013048,201957,P1003,91.79
9013049,206479,P1006,97.78
9013050,205878,P1005,79.42
9013051,201969,P1004,117.69
9013052,207588,P1003,99.5
9013053,202027,P1006,109.41
9013054,203071,P1006,173.07
9013055,209205,P1006,129.14
9013056,210632,P1003,97.76
9013057,207056,P1003,97.17
9013058,202151,P1003,68.38
9013059,210521,P1005,65.59
9013060,210962,P1004,94.83
9013061,211866,P1003,45.68
9013062,207531,P1002,52.96
9013063,211783,P1002,103.74
9013064,210458,P1001,79.58
9013065,200175,P1001,137.43
9013066,207313,P1003,144.22
9013067,207513,P1005,122.17
9013068,208978,P1003,297.32
9013069,200083,P1002,115.39
9013070,209395,P1004,80.56
9013071,206885,P1004,118.56
9013072,208591,P1005,184.3
9013073,209517,P1004,80.03
9013074,201879,P1001,11.26
9013075,210317,P1005,69.1
9013076,205603,P1003,212.39
9013077,202879,P1003,60.07
9013078,205066,P1004,44.42
9013079,209530,P1003,98.14
9013080,207283,P1001,210.11
9013081,203801,P1001,99.32
9013082,208643,P1002,63.16
9013083,205372,P1002,69.33
9013084,202717,P1005,45.01
9013085,208903,P1001,152.73
9013086,208939,P1002,53.47
9013087,204856,P1002,106.63
9013088,204672,P1001,184.68
9013089,207564,P1001,204.03
9013090,207856,P1005,148.11
9013091,206116,P1004,72.16
9013092,210449,P1006,187.58
9013093,200813,P1002,87.49
9013094,200036,P1004,40.92
9013095,208362,P1005,79.88
9013096,200174,P1002,60.28
9013097,206312,P1006,57.98
9013098,208448,P1003,168.9
9013099,211477,P1002,88.24
9013100,206530,P1006,104
9013101,205128,P1005,85.55
9013102,205833,P1005,25.07
9013103,201688,P1003,60.32
9013104,209396,P1006,36.9
9013105,200212,P1002,224.08
9013106,206756,P1006,5.5
9013107,209086,P1004,81.17
9013108,211749,P1003,13.34
9013109,207458,P1001,74.36
9013110,211676,P1005,99.82
9013111,211065,P1003,55.87
9013112,201218,P1006,49.49
9013113,209353,P1004,56.72
9013114,202140,P1001,42.21
9013115,207671,P1006,69.47
9013116,202060,P1004,100.7
9013117,201540,P1004,224.61
9013118,203229,P1002,39.71
9013119,205819,P1006,205.71
9013120,208456,P1001,58.9
9013121,209786,P1003,17.87
9013122,208119,P1005,134.14
9013123,205056,P1004,63.5
9013124,207107,P1006,218.36
9013125,209466,P1006,122.92
9013126,203463,P1004,25.25
9013127,211778,P1001,32.54
9013128,209548,P1006,112.13
9013129,209578,P1001,39.18
9013130,203363,P1004,25.73
9013131,207405,P1001,155.44
9013132,210265,P1001,23.57
9013133,210370,P1002,64.68
9013134,206101,P1006,61.25
9013135,200252,P1004,63.08
9013136,207904,P1004,42.31
9013137,208929,P1006,137.94
9013138,202683,P1005,91.71
9013139,209167,P1005,142.66
9013140,207812,P1001,57.31
9013141,207608,P1001,57.61
9013142,209023,P1006,152.77
9013143,204705,P1003,127.44
9013144,211398,P1005,62.19
9013145,203795,P1001,25.14
9013146,210039,P1005,151.24
9013147,207071,P1005,72.44
9013148,205581,P1002,7.31
9013149,206847,P1004,77.92
9013150,210541,P1004,29.47
9013151,203528,P1006,85.97
9013152,211571,P1001,76.89
9013153,200489,P1004,34.49
9013154,208917,P1001,97.32
9013155,201304,P1003,57.68
9013156,204968,P1004,21.05
9013157,202631,P1006,50.31
9013158,203321,P1003,101.87
9013159,205091,P1001,29.59
9013160,207768,P1002,126.35
9013161,210252,P1003,87.51
9013162,204459,P1006,134.74
9013163,200906,P1001,45.73
9013164,204801,P1001,155.4
9013165,209318,P1004,90.96
9013166,201064,P1006,204.04
9013167,210884,P1002,103.95
9013168,210566,P1001,150.19
9013169,208712,P1002,61.9
9013170,202555,P1005,305.7
9013171,205886,P1001,166.3
9013172,211607,P1002,228.5
9013173,208029,P1002,214.49
9013174,206030,P1001,110.1
9013175,205973,P1001,88.04
9013176,208738,P1002,55.88
9013177,205486,P1004,118.1
9013178,204943,P1002,299.77
9013179,200759,P1001,51.47
9013180,207834,P1004,50.96
9013181,208919,P1003,155.39
9013182,204921,P1002,206.81
9013183,208435,P1006,75.75
9013184,210191,P1004,70.23
9013185,206304,P1005,167.32
9013186,202958,P1004,4.94
9013187,210878,P1006,113.67
9013188,205031,P1005,27.23
9013189,203408,P1004,71.7
9013190,209223,P1003,154.6
9013191,204321,P1001,50.2
9013192,210154,P1006,44.98
9013193,208763,P1006,124.53
9013194,210524,P1001,86.22
9013195,206891,P1002,159.32
9013196,209944,P1004,9.79
9013197,202143,P1005,36
9013198,211739,P1005,60.05
9013199,210806,P1005,147.32
9013200,203171,P1004,131.17
9013201,204781,P1001,79.76
9013202,204701,P1001,202.08
9013203,204711,P1003,67.74
9013204,206112,P1006,90.5
9013205,201574,P1006,122.22
9013206,204268,P1001,57.92
9013207,208966,P1004,67.26
9013208,205587,P1005,24.82
9013209,211629,P1003,101
9013210,208487,P1005,32.94
9013211,201888,P1001,112.98
9013212,204889,P1004,224.74
9013213,201584,P1003,48.61
9013214,202784,P1002,123.56
9013215,205421,P1005,114.46
9013216,206245,P1004,119.35
9013217,208391,P1004,54.1
9013218,200654,P1003,56.34
9013219,201398,P1002,45.3
9013220,201799,P1002,111.96
9013221,206370,P1003,85.15
9013222,200704,P1004,30.24
9013223,209425,P1003,265.26
9013224,202689,P1002,183.23
9013225,202510,P1002,102.5
9013226,205844,P1006,110.29
9013227,207070,P1003,196.56
9013228,203272,P1005,245.86
9013229,211400,P1005,26.98
9013230,202163,P1003,199.33
9013231,203455,P1006,70.63
9013232,203836,P1006,114.85
9013233,204682,P1004,347.19
9013234,206191,P1001,49.11
9013235,205291,P1001,28.24
9013236,206461,P1001,86.01
9013237,210804,P1004,57.47
9013238,211760,P1002,75.25
9013239,210796,P1002,60.83
9013240,211236,P1003,160.03
9013241,204643,P1002,126.93
9013242,210161,P1003,52.77
9013243,202895,P1005,9.75
9013244,204085,P1006,293.5
9013245,200779,P1006,55.83
9013246,211358,P1006,132.79
9013247,200842,P1002,16.52
9013248,202704,P1004,34.84
9013249,204885,P1003,21.04
9013250,208903,P1005,55.96
9013251,201400,P1002,117.09
9013252,204312,P1006,56.32
9013253,207480,P1001,24.94
9013254,210082,P1006,215.47
9013255,201806,P1005,81.1
9013256,202411,P1006,90.14
9013257,211799,P1002,22.3
9013258,203858,P1006,67.93
9013259,211820,P1001,130.58
9013260,200804,P1006,35.86
9013261,204375,P1004,108.15
9013262,206474,P1006,72.63
9013263,206777,P1003,149.54
9013264,210201,P1006,91.86
9013265,204692,P1006,166.75
9013266,204847,P1002,120.23
9013267,201448,P1006,217.27
9013268,209617,P1005,41.14
9013269,203470,P1004,87.64
9013270,203960,P1002,85.59
9013271,209624,P1006,79.88
9013272,211580,P1002,50.69
9013273,210394,P1004,100.9
9013274,211453,P1003,51.44
9013275,204419,P1001,120.6
9013276,200290,P1001,168.08
9013277,207054,P1002,31.76
9013278,202433,P1003,21.63
9013279,201443,P1002,98.8
9013280,201256,P1003,26.93
9013281,201960,P1001,99.14
9013282,206387,P1005,42.32
9013283,203724,P1002,90.42
9013284,209297,P1005,60.72
9013285,200732,P1005,281.56
9013286,209528,P1001,82.87
9013287,206827,P1006,109.2
9013288,206524,P1001,34.47
9013289,207592,P1002,73.02
9013290,204918,P1005,51.92
9013291,210890,P1006,73.88
9013292,208883,P1001,97.71
9013293,206643,P1001,82.82
9013294,202116,P1004,33.89
9013295,204338,P1006,54.24
9013296,210384,P1005,64.03
9013297,209615,P1001,197.14
9013298,200802,P1006,134.74
9013299,203992,P1006,165.51
9013300,209593,P1004,74.32
9013301,200677,P1001,85.45
9013302,209329,P1005,18.69
9013303,211453,P1003,202.24
9013304,206504,P1005,115.98
9013305,208057,P1001,89.53
9013306,211896,P1002,85.3
9013307,208803,P1004,78.82
9013308,204164,P1003,53.23
9013309,200157,P1001,62.67
9013310,202146,P1004,29.63
9013311,205329,P1001,17.77
9013312,202068,P1002,156.82
9013313,206591,P1006,29.84
9013314,202637,P1001,6.74
9013315,206553,P1006,46.07
9013316,208901,P1004,68.92
9013317,202852,P1006,226.02
9013318,201801,P1006,61.94
9013319,207866,P1005,89.38
9013320,209398,P1003,40.86
9013321,211227,P1006,2.67
9013322,206434,P1004,186.52
9013323,208596,P1002,144.25
9013324,206396,P1004,13.1
9013325,200769,P1005,62.36
9013326,204362,P1006,75.43
9013327,204696,P1001,91.43
9013328,209273,P1001,29.6
9013329,205032,P1002,111.95
9013330,200806,P1006,66.39
9013331,207944,P1003,55.04
9013332,208286,P1001,126.93
9013333,200341,P1001,58.66
9013334,207415,P1004,58.57
9013335,211313,P1005,36.1
9013336,206765,P1001,120.94
9013337,202028,P1003,22.57
9013338,209498,P1003,71.95
9013339,210533,P1005,77.59
9013340,200392,P1003,125.84
9013341,209620,P1003,249.01
9013342,208131,P1005,109.13
9013343,202145,P1003,191.37
9013344,200576,P1005,63.47
9013345,200442,P1002,73.8
9013346,207539,P1001,58.57
9013347,201888,P1001,123.21
9013348,206824,P1005,58
9013349,205711,P1003,92.89
9013350,205483,P1006,27.56
9013351,203524,P1004,35.55
9013352,207574,P1001,66.46
9013353,200699,P1005,126.74
9013354,203158,P1006,150.97
9013355,203152,P1003,304.58
9013356,201673,P1006,33.8
9013357,207523,P1005,94.16
9013358,201588,P1001,156.24
9013359,208134,P1005,110.57
9013360,209271,P1001,33.17
9013361,210579,P1003,52.51
9013362,201948,P1003,96.69
9013363,201904,P1006,49.59
9013364,205551,P1004,113.25
9013365,203541,P1003,79.62
9013366,201858,P1006,71.48
9013367,209456,P1002,138.12
9013368,205308,P1002,37.99
9013369,203179,P1004,163.96
9013370,207510,P1002,83.89
9013371,204603,P1002,64.2
9013372,208792,P1005,21.44
9013373,210269,P1006,55.27
9013374,209090,P1006,35.48
9013375,201685,P1002,146.72
9013376,208478,P1001,134.94
9013377,210489,P1002,130.01
9013378,200129,P1003,162.58
9013379,210533,P1006,229.43
9013380,202372,P1003,73.87
9013381,207860,P1002,118.25
9013382,207425,P1004,61.1
9013383,210625,P1003,50.43
9013384,207186,P1003,53.51
9013385,205828,P1003,86.69
9013386,205893,P1003,129.08
9013387,204982,P1001,80.5
9013388,203200,P1006,37.9
9013389,205340,P1001,138.46
9013390,207186,P1001,47.95
9013391,201679,P1005,112.89
9013392,203199,P1006,70.13
9013393,204026,P1002,78.41
9013394,206518,P1005,49.57
9013395,202417,P1002,80.24
9013396,211210,P1003,38.74
9013397,201750,P1005,154.02
9013398,205569,P1003,109.22
9013399,205307,P1002,62.71
9013400,201462,P1003,83.63
9013401,200911,P1001,20.08
9013402,208698,P1005,152.57
9013403,209857,P1003,121.72
9013404,210454,P1004,66.2
9013405,208470,P1002,57.65
9013406,209858,P1001,17.15
9013407,200069,P1002,95.62
9013408,205155,P1004,78.77
9013409,202031,P1003,277.33
9013410,209696,P1004,26.09
9013411,210822,P1003,11.1
9013412,200562,P1006,52.07
9013413,203246,P1004,205.62
9013414,200649,P1003,122.25
9013415,206478,P1002,92.04
9013416,201993,P1004,93.56
9013417,201669,P1001,33.57
9013418,211604,P1004,49.89
9013419,202791,P1003,78.72
9013420,209795,P1004,134.86
9013421,204664,P1004,50.18
9013422,200843,P1004,76.81
9013423,210173,P1006,62.3
9013424,208440,P1004,109.34
9013425,210243,P1004,2.31
9013426,209083,P1005,12.82
9013427,206805,P1003,83.3
9013428,210199,P1005,108.12
9013429,206940,P1004,250.89
9013430,206157,P1005,146.86
9013431,205906,P1004,34.11
9013432,205446,P1005,316.61
9013433,209157,P1005,94.32
9013434,200061,P1004,71.94
9013435,200189,P1001,44.81
9013436,200399,P1004,138.17
9013437,207455,P1005,15.7
9013438,206367,P1004,203.14
9013439,208666,P1005,54.2
9013440,203489,P1004,74.09
9013441,202751,P1004,58.13
9013442,200412,P1001,107.93
9013443,205023,P1002,88.52
9013444,207033,P1006,232.64
9013445,204066,P1002,110.41
9013446,204620,P1006,127.1
9013447,211417,P1002,108.02
9013448,205441,P1006,31.4
9013449,210732,P1002,52.31
9013450,202994,P1005,26.87
9013451,200069,,65.64
9013452,202160,P1002,79.64
9013453,207410,P1003,181.25
9013454,203590,P1004,52.39
9013455,211491,P1001,88.7
9013456,204915,P1005,129.05
9013457,207486,P1003,27.28
9013458,211362,P1001,105.18
9013459,211095,P1003,98.28
9013460,200841,P1006,41.53
9013461,202919,P1001,111.05
9013462,208083,P1001,239.7
9013463,210702,P1002,229.15
9013464,209805,P1003,125.11
9013465,205878,P1003,234.68
9013466,202978,P1001,143.35
9013467,205062,P1001,103.5
9013468,211406,P1002,36.49
9013469,204051,P1001,145.53
9013470,203632,P1002,13.91
9013471,205262,P1004,145.27
9013472,210553,P1006,12.39
9013473,209387,P1001,51.1
9013474,200461,P1002,233.2
9013475,206429,P1002,176.86
9013476,202062,P1004,86.86
9013477,207161,P1002,153.89
9013478,207840,P1001,168.69
9013479,204363,P1002,148.43
9013480,210079,P1004,16.53
9013481,207445,P1002,137.19
9013482,204455,P1006,68.3
9013483,201589,P1001,128.25
9013484,207382,P1006,223.53
9013485,204454,P1003,172.61
9013486,207773,P1003,93.9
9013487,200618,P1002,294.91
9013488,209726,P1003,30.95
9013489,202073,P1005,74.85
9013490,201903,P1003,49.22
9013491,203209,P1001,27.96
9013492,211260,P1002,84.58
9013493,206751,P1004,9.31
9013494,210690,P1005,67.91
9013495,207337,P1004,67.82
9013496,208472,P1003,116.2
9013497,204895,P1001,114.42
9013498,211203,P1003,88.89
9013499,210598,P1004,65.49
9013500,200747,P1001,162.76
9013501,205910,P1001,13.53
9013502,204874,P1006,23.89
9013503,203074,P1006,42.24
9013504,203906,P1002,101.8
9013505,208986,P1005,69.26
9013506,201674,P1002,103.15
9013507,203274,P1005,62.8
9013508,201539,P1001,71.41
9013509,203236,P1006,29.87
9013510,206381,P1001,54.08
9013511,202840,P1001,200.81
9013512,204067,P1004,92.57
9013513,201751,P1005,21.71
9013514,202797,P1004,194.81
9013515,201800,P1005,48.53
9013516,207281,P1003,95
9013517,203145,P1002,98
9013518,206117,P1001,61.71
9013519,200139,P1002,41.19
9013520,211070,P1006,84.81
9013521,207063,P1004,52.12
9013522,208827,P1005,107.81
9013523,206863,P1003,116.09
9013524,202839,P1003,136.84
9013525,206812,P1004,47.96
9013526,204707,P1003,8.63
9013527,208945,P1004,228.73
9013528,211868,P1002,75.64
9013529,200113,P1005,200.12
9013530,206693,P1002,15.07
9013531,210942,P1005,48.59
9013532,211165,P1006,154.51
9013533,205697,P1002,123.11
9013534,204403,P1005,32.1
9013535,209075,P1005,33.42
9013536,211750,P1006,59.52
9013537,204783,P1002,36.6
9013538,208814,P1001,259.36
9013539,205173,P1004,63.62
9013540,207485,P1006,45.03
9013541,207953,P1006,14.18
9013542,211491,P1002,56.95
9013543,202570,P1002,39.29
9013544,204537,P1001,199.39
9013545,208680,P1006,262.2
9013546,208477,P1002,91.32
9013547,210590,P1003,47.49
9013548,209827,P1003,70.5
9013549,204290,P1005,74.83
9013550,206720,P1006,180.73
9013551,206895,P1005,34.84
9013552,203195,P1002,136.8
9013553,203327,P1002,72.96
9013554,202652,P1001,51.45
9013555,206886,P1002,117.6
9013556,200035,P1004,71.83
9013557,208029,P1001,107.86
9013558,206622,P1002,48.17
9013559,200689,P1005,93.44
9013560,206814,P1003,173.54
9013561,202478,P1002,29.13
9013562,204662,P1005,77.37
9013563,200337,P1003,168.97
9013564,210185,P1001,192.71
9013565,206228,P1002,125.87
9013566,208679,P1005,133.31
9013567,210209,P1004,12.48
9013568,206018,P1002,166.35
9013569,203627,P1002,75.29
9013570,205586,P1006,59.61
9013571,207970,P1001,177.24
9013572,202849,P1006,286.62
9013573,209511,P1006,62.47
9013574,210846,P1005,114.2
9013575,204690,P1001,29.84
9013576,209563,P1006,42.01
9013577,202670,P1002,30.62
9013578,207458,P1001,101.79
9013579,208117,P1003,33.37
9013580,203714,P1006,61.36
9013581,211916,P1006,39.89
9013582,210311,P1001,131.15
9013583,202354,P1003,78.3
9013584,210742,P1003,69.5
9013585,205623,P1005,111.81
9013586,211503,P1006,89.72
9013587,202051,P1001,227.71
9013588,204533,P1003,3.54
9013589,202333,P1006,127.9
9013590,206252,P1006,21.69
9013591,208110,P1006,174.11
9013592,202601,P1001,115.49
9013593,202112,P1003,89.95
9013594,205305,P1006,26.7
9013595,202121,P1004,80.72
9013596,210069,P1001,25.75
9013597,201965,P1002,62.76
9013598,207917,P1006,227.13
9013599,205359,P1002,107.17
9013600,208147,P1003,130.03
9013601,205262,P1002,70.71
9013602,209263,P1003,79.43
9013603,208630,P1001,29.32
9013604,204748,P1004,14.95
9013605,211598,P1005,116.55
9013606,204854,P1004,34.52
9013607,210072,P1003,88.5
9013608,200638,P1005,22.06
9013609,201999,P1004,83.28
9013610,203604,P1003,67.69
9013611,209464,P1003,99.78
9013612,211796,P1004,128.1
9013613,209513,P1006,53.86
9013614,208726,P1006,253.63
9013615,202296,P1002,121.61
9013616,206766,P1005,160.25
9013617,208627,P1006,182.47
9013618,209432,P1006,24.09
9013619,202915,P1001,55.96
9013620,202983,P1005,92.04
9013621,206571,P1003,195.99
9013622,208115,P1001,141.17
9013623,201624,P1004,205.68
9013624,211725,P1001,102.76
9013625,211465,P1005,87.2
9013626,207238,P1005,6.35
9013627,202284,P1001,11.07
9013628,206579,P1002,140.59
9013629,200289,P1002,16.46
9013630,204524,P1003,90.79
9013631,204713,P1005,66.1
9013632,211586,P1006,83.6
9013633,201982,P1004,104.56
9013634,200589,P1003,102.56
9013635,208231,P1001,221.77
9013636,211495,P1001,90.74
9013637,202398,P1002,58.8
9013638,211912,P1004,38.42
9013639,209052,P1001,133.13
9013640,205885,P1001,131.79
9013641,210143,P1004,101.51
9013642,203970,P1003,73.93
9013643,200906,P1002,61.39
9013644,202160,P1005,68.67
9013645,211723,P1006,193.96
9013646,208415,P1003,68.84
9013647,200909,P1005,232.68
9013648,209782,P1003,189.48
9013649,204535,P1002,11.33
9013650,208306,P1001,88.84
9013651,203326,P1005,61.94
9013652,208627,P1004,61.46
9013653,211334,P1002,109.37
9013654,200401,P1006,114.24
9013655,203034,P1006,36.15
9013656,202489,P1004,70.55
9013657,207303,P1001,278.29
9013658,202680,P1005,65.1
9013659,210158,P1006,31.97
9013660,207461,P1004,39.27
9013661,206337,P1003,218.17
9013662,204873,P1003,35.87
9013663,201624,P1001,101.39
9013664,204253,P1004,105.34
9013665,201913,P1004,44.17
9013666,200616,P1001,238.4
9013667,203756,P1001,154.44
9013668,205958,P1004,198.09
9013669,204742,P1005,73.74
9013670,210132,P1005,228.37
9013671,207757,P1004,252.74
9013672,203348,P1004,164.2
9013673,203723,P1003,37.08
9013674,210588,P1004,47.81
9013675,208795,P1005,89.81
9013676,204921,P1006,105.32
9013677,208803,P1002,12.15
9013678,201765,P1006,74.66
9013679,211590,P1002,142.68
9013680,207789,P1005,152.42
9013681,203579,P1006,121.35
9013682,207676,P1001,19.55
9013683,204592,P1005,62.47
9013684,200007,P1003,62.89
9013685,203701,P1002,211.12
9013686,204803,P1005,19.54
9013687,205155,P1006,134.37
9013688,200398,P1001,111.99
9013689,206042,P1006,53.55
9013690,205968,P1004,409.69
9013691,209072,P1006,84.06
9013692,208598,P1002,30.93
9013693,203670,P1001,53.39
9013694,205644,P1006,22.69
9013695,203427,P1001,35.05
9013696,201515,P1002,66.3
9013697,207103,P1004,75.42
9013698,208534,P1002,236.45
9013699,209123,P1001,38
9013700,209917,P1005,61.93
9013701,207977,P1001,61.92
9013702,209820,P1005,95.26
9013703,207204,P1006,113.39
9013704,202704,P1005,102.58
9013705,201576,P1001,68.27
9013706,205774,P1005,134.07
9013707,200703,P1001,60.09
9013708,208212,P1001,30.8
9013709,210632,P1004,18.73
9013710,202745,P1002,120.23
9013711,204334,P1003,70.87
9013712,206901,P1003,93.78
9013713,210072,P1002,43.97
9013714,209141,P1003,114.44
9013715,205440,P1005,30.44
9013716,203674,P1004,54.77
9013717,209162,P1004,19.48
9013718,208815,P1004,97.12
9013719,211382,P1005,32.16
9013720,206014,P1002,109.93
9013721,203712,P1006,74.73
9013722,204294,P1006,36.93
9013723,202797,P1006,65.67
9013724,205898,P1001,84.29
9013725,202390,P1006,159.73
9013726,204889,P1005,50.96
9013727,208474,P1002,48.43
9013728,209207,P1002,98.17
9013729,204581,P1006,125.44
9013730,205598,P1004,68.7
9013731,201517,P1004,198.78
9013732,211202,P1002,154.57
9013733,210703,P1002,167.42
9013734,211795,P1004,169.67
9013735,200360,P1004,67.18
9013736,200811,P1003,44.92
9013737,200806,P1006,83.4
9013738,205763,P1002,158.38
9013739,200880,P1002,131.81
9013740,206440,P1004,33.93
9013741,209996,P1005,205.15
9013742,204477,P1004,139.9
9013743,205660,P1002,34.83
9013744,203423,P1001,76.74
9013745,211005,P1001,30.12
9013746,210517,P1005,125.03
9013747,205851,P1006,41.01
9013748,201064,P1001,61.1
9013749,205457,P1004,271.89
9013750,206363,P1003,150.66
9013751,204491,P1003,180.07
9013752,211389,P1002,108.59
9013753,202033,P1001,316.44
9013754,202866,P1002,233.72
9013755,206939,P1002,256.51
9013756,202321,P1004,58.36
9013757,207547,P1001,83.24
9013758,206128,P1002,120.7
9013759,203854,P1004,39.5
9013760,201924,P1001,97.52
9013761,210936,P1005,126.64
9013762,207728,P1003,192.7
9013763,205372,P1006,85.33
9013764,202035,P1006,44.65
9013765,204492,P1001,64.8
9013766,201565,P1006,139.47
9013767,206634,P1002,125
9013768,204173,P1006,149.56
9013769,208761,P1001,102.9
9013770,200834,P1002,61.8
9013771,205508,P1005,140.57
9013772,202405,P1003,64.28
9013773,208357,P1001,15.31
9013774,205344,P1003,25.2
9013775,210220,P1006,71.8
9013776,202771,P1004,168.38
9013777,200503,P1005,160.48
9013778,201343,P1002,52.21
9013779,202068,P1002,30.17
9013780,208250,P1006,129.83
9013781,207271,P1002,109.76
9013782,206321,P1002,7.38
9013783,202893,P1002,196.76
9013784,205558,P1001,30.92
9013785,209114,P1003,102.2
9013786,204025,P1005,246.76
9013787,202505,P1004,64.75
9013788,203317,P1006,78.88
9013789,202601,P1006,101.83
9013790,205767,P1003,87.62
9013791,200620,P1002,90.45
9013792,208853,P1004,98
9013793,208243,P1003,48.43
9013794,210828,P1001,116.18
9013795,201874,P1006,40.51
9013796,211445,P1002,50.6
9013797,202546,P1004,76.11
9013798,206083,P1001,326.92
9013799,205169,P1006,1.9
9013800,211607,P1001,91.1
9013801,202962,P1005,132.02
9013802,211038,P1002,129.05
9013803,204258,P1003,237.33
9013804,208292,P1003,48.9
9013805,206453,P1002,82.17
9013806,209076,P1002,214.23
9013807,206172,P1002,46.22
9013808,205312,P1004,64.7
9013809,202186,P1004,152.25
9013810,202283,P1004,8.21
9013811,202960,P1002,107.84
9013812,209865,P1003,113.14
9013813,205695,P1005,99.87
9013814,203446,P1005,93.07
9013815,201231,P1005,74.56
9013816,201787,P1005,107.97
9013817,201543,P1003,11.85
9013818,205552,P1004,146.61
9013819,211439,P1001,19.95
9013820,203121,P1001,11.57
9013821,205220,P1003,408.77
9013822,206280,P1006,81.49
9013823,201670,P1005,86.76
9013824,211024,P1003,67.1
9013825,205755,P1001,49.37
9013826,204984,P1005,170.75
9013827,209946,P1002,73.12
9013828,207435,P1004,39.11
9013829,205523,P1004,191.68
9013830,203557,P1004,61.21
9013831,209381,P1002,143.77
9013832,210000,P1005,224.34
9013833,204897,P1005,97.36
9013834,203612,P1005,128.79
9013835,203993,P1002,137.7
9013836,205126,P1004,84.46
9013837,209765,P1004,167.61
9013838,202264,P1004,99.13
9013839,205888,P1005,109.41
9013840,201318,P1004,55.16
9013841,200100,P1003,142.15
9013842,206123,P1003,53.12
9013843,203225,P1003,55.18
9013844,204859,P1002,38.66
9013845,206586,P1005,117.08
9013846,208489,P1001,112.17
9013847,208989,P1002,161.32
9013848,203081,P1003,12.69
9013849,211217,P1005,93.88
9013850,203703,P1005,101.39
9013851,210820,P1006,19.78
9013852,202125,P1002,36.33
9013853,201401,P1003,39.84
9013854,206127,P1003,181.18
9013855,204596,P1006,92.08
9013856,206702,P1006,31.08
9013857,206220,P1001,256.59
9013858,201342,P1001,130.71
9013859,210702,P1003,46.8
9013860,205746,P1006,115.88
9013861,210792,P1001,21.34
9013862,203741,P1006,59.54
9013863,203630,P1005,70.69
9013864,211659,P1004,128.92
9013865,207939,P1005,111.32
9013866,202988,P1006,216.91
9013867,207572,P1003,56.51
9013868,202655,P1004,195.63
9013869,202469,P1004,229.67
9013870,206405,P1002,133.25
9013871,206491,P1006,233.18
9013872,206799,P1002,26.05
9013873,203458,P1004,189.73
9013874,207763,P1001,34.71
9013875,207036,P1001,89.45
9013876,200778,P1005,135.75
9013877,206448,P1003,116.34
9013878,209550,P1003,241.04
9013879,210079,P1003,51.67
9013880,201348,P1004,32.29
9013881,209960,P1005,51.1
9013882,200775,P1004,111.88
9013883,209495,P1002,39.31
9013884,209291,P1002,60.49
9013885,202696,P1002,46.1
9013886,202856,P1001,74.2
9013887,209592,P1003,182.54
9013888,204914,P1004,34.4
9013889,203483,P1001,123.86
9013890,201873,P1002,228.23
9013891,205903,P1005,60
9013892,202634,P1004,108.77
9013893,208601,P1003,109.7
9013894,203155,P1001,83.67
9013895,204695,P1004,55.18
9013896,204106,P1004,160.36
9013897,211955,P1006,119.33
9013898,210231,P1004,143.48
9013899,211708,P1001,31.01
9013900,210644,P1003,110.05
9013901,206861,P1001,45.12
9013902,209800,P1003,176.95
9013903,203786,P1005,27.78
9013904,207838,P1006,104.27
9013905,203176,P1002,153.75
9013906,204714,P1006,226.86
9013907,202428,P1004,44.17
9013908,201319,P1006,71.49
9013909,200487,P1002,138.93
9013910,209554,P1004,185.46
9013911,201319,P1003,89.41
9013912,205272,P1003,140.02
9013913,202460,P1006,74.45
9013914,205222,P1004,14.59
9013915,210493,P1003,84.06
9013916,202497,P1006,196.46
9013917,206694,P1003,134.24
9013918,205800,P1001,30.61
9013919,204775,P1005,211.29
9013920,205135,P1004,153.23
9013921,203965,P1003,54.3
9013922,208220,P1002,86.58
9013923,200951,P1001,41.77
9013924,209169,P1001,102.46
9013925,203576,P1003,30.84
9013926,206685,P1002,44.24
9013927,203051,P1002,108.88
9013928,206286,P1001,191.49
9013929,201427,P1001,31.91
9013930,207607,P1004,63.68
9013931,203218,P1002,65.01
9013932,210428,P1002,251.5
9013933,203662,P1002,34.63
9013934,211244,P1006,61.26
9013935,208720,P1004,201.34
9013936,205791,P1004,136.59
9013937,204625,P1004,52.81
9013938,210266,P1004,99.71
9013939,202142,P1006,2.87
9013940,202122,P1004,56.94
9013941,203535,P1006,49.47
9013942,202663,P1001,121.84
9013943,206253,P1002,1.11
9013944,203246,P1004,63.39
9013945,201960,P1006,49.15
9013946,208936,P1005,144.54
9013947,204592,P1004,219.96
9013948,203837,P1002,207.88
9013949,200314,P1005,105.69
9013950,202751,P1002,23.21
9013951,211774,P1006,213.49
9013952,208024,P1001,115.28
9013953,211211,P1002,50.24
9013954,202743,P1001,50.08
9013955,200390,P1002,73.58
9013956,211905,P1002,109.11
9013957,208363,P1004,50.89
9013958,209720,P1001,72.19
9013959,211364,P1004,12.23
9013960,208754,P1004,141.02
9013961,201076,P1005,144.43
9013962,206498,P1005,35.37
9013963,206073,P1005,98.9
9013964,204919,P1002,84.41
9013965,208945,P1005,10.35
9013966,201950,P1005,41.32
9013967,207388,P1006,200.93
9013968,206141,P1004,86.43
9013969,200105,P1005,141.25
9013970,201592,P1006,189.68
9013971,204104,P1006,50.23
9013972,207475,P1005,81.14
9013973,210681,P1002,48.32
9013974,200604,P1002,179.39
9013975,200671,P1001,147.8
9013976,204395,P1001,297.37
9013977,206581,P1001,56.08
9013978,205344,P1004,115.54
9013979,207452,P1004,14.95
9013980,204483,P1001,50.02
9013981,207438,P1006,254.51
9013982,203684,P1005,135.41
9013983,200899,P1006,11.66
9013984,204714,P1006,89.84
9013985,202709,P1001,133.74
9013986,204910,P1001,52.71
9013987,210252,P1002,228.17
9013988,202413,P1005,4.55
9013989,207587,P1006,127.73
9013990,206252,P1006,67.64
9013991,201139,P1001,31.97
9013992,204260,P1006,52.06
9013993,211047,P1003,38.34
9013994,207462,P1003,126.93
9013995,200884,P1001,42.45
9013996,200761,P1005,86.79
9013997,205685,P1002,130.64
9013998,208016,P1005,164.94
9013999,211382,P1004,103.02
9014000,204967,P1004,43.8
9014001,202946,P1006,193.72
9014002,205252,P1004,68.12
9014003,211791,P1003,106.93
9014004,203112,P1001,19.68
9014005,205192,P1001,11.91
9014006,200949,P1005,2.56
9014007,200903,P1006,56.18
9014008,211096,P1001,126.12
9014009,209009,P1005,32.21
9014010,206648,P1002,121.98
9014011,202994,P1006,49.01
9014012,202920,P1001,89.88
9014013,200959,P1004,34.47
9014014,209670,P1006,54.42
9014015,206553,P1006,210.37
9014016,200973,P1006,173.22
9014017,206217,P1004,10.77
9014018,211637,P1006,188.88
9014019,200253,P1003,184.51
9014020,201999,P1004,49.59
9014021,203874,P1002,18.77
9014022,210158,P1005,48.43
9014023,207062,P1001,119.69
9014024,210930,P1005,22.18
9014025,203039,P1006,149.11
9014026,211000,P1004,261.45
9014027,205857,P1001,167.83
9014028,203667,P1002,86.77
9014029,204668,P1004,64.46
9014030,206093,P1002,55.1
9014031,208442,P1004,133.24
9014032,200001,P1004,56.58
9014033,206579,P1005,208.24
9014034,201411,P1003,131.24
9014035,204860,P1006,108.09
9014036,208667,P1004,212.79
9014037,201790,P1001,130.6
9014038,202756,P1006,244.43
9014039,202941,P1005,67.13
9014040,203706,P1002,39.69
9014041,200689,P1005,91.22
9014042,210388,P1003,17.32
9014043,208368,P1005,169.97
9014044,211698,P1004,33.34
9014045,207110,P1002,176.38
9014046,210705,P1001,64.44
9014047,204101,P1001,28.92
9014048,201835,P1006,121
9014049,200800,P1006,29.82
9014050,210439,P1005,188.87
9014051,200413,P1001,163.18
9014052,208953,P1004,102.09
9014053,202977,P1002,110.64
9014054,205124,P1006,182.79
9014055,208751,P1002,190.13
9014056,208723,P1001,40.41
9014057,206966,P1006,211.45
9014058,211843,P1005,85.5
9014059,203731,P1006,258.36
9014060,209048,P1002,22.87
9014061,200544,P1004,19.8
9014062,201666,P1001,20.91
9014063,201297,P1001,127.33
9014064,205005,P1004,41.03
9014065,205668,P1001,205.68
9014066,209420,P1004,132.49
9014067,207918,P1002,81.48
9014068,201801,P1004,103.92
9014069,207361,P1005,224.24
9014070,204459,P1001,87.11
9014071,202636,P1004,42.14
9014072,206073,P1005,87.69
9014073,208418,P1003,124.09
9014074,209226,P1005,134.88
9014075,204828,P1001,204.18
9014076,205044,P1004,48.28
9014077,203180,P1005,180.51
9014078,208573,P1004,266.75
9014079,210376,P1001,165.49
9014080,200037,P1005,132.81
9014081,209914,P1001,79.47
9014082,206431,P1006,61.49
9014083,207913,P1004,68.99
9014084,207317,P1004,80.31
9014085,209511,P1005,39.55
9014086,203287,P1005,136.67
9014087,201257,P1006,132.3
9014088,207006,P1005,12.56
9014089,203940,P1002,48.84
9014090,202521,P1006,137.43
9014091,211263,P1004,83.29
9014092,205597,P1006,117.18
9014093,210842,P1006,38.82
9014094,201513,P1005,67.55
9014095,200380,P1004,33.13
9014096,207479,P1001,46.02
9014097,211433,P1003,156.53
9014098,201898,P1002,109.68
9014099,205965,P1004,18.33
9014100,202440,P1003,206.18
9014101,210892,P1006,90.52
9014102,211729,P1006,17.42
9014103,209844,P1004,71.54
9014104,200230,P1005,10.81
9014105,211706,P1003,96.37
9014106,200582,P1006,15.19
9014107,210960,P1001,42.17
9014108,210071,P1001,241.49
9014109,203648,P1006,127.28
9014110,208149,P1005,28.83
9014111,205037,P1005,102.79
9014112,205660,P1004,28.98
9014113,207225,P1005,88.53
9014114,209596,P1004,100.85
9014115,202083,P1005,63.48
9014116,200625,P1002,45.6
9014117,202231,P1005,32.55
9014118,203599,P1003,65.13
9014119,208976,P1006,42.62
9014120,205798,P1001,81.53
9014121,204209,P1003,41.3
9014122,206103,P1005,171.5
9014123,200274,P1001,124.86
9014124,206626,P1002,130.44
9014125,205090,P1002,140.68
9014126,206100,P1004,124.83
9014127,202533,P1001,215.06
9014128,207133,P1003,90.85
9014129,204998,P1006,13.51
9014130,208799,P1001,23.64
9014131,209301,P1001,25.65
9014132,202301,P1002,28.98
9014133,210263,P1006,57.73
9014134,206017,P1004,81.86
9014135,210741,P1005,189.11
9014136,202936,P1003,157.37
9014137,209441,P1005,297.8
9014138,209987,P1004,43.44
9014139,206978,P1002,74.45
9014140,209056,P1001,101.74
9014141,209272,P1006,192.96
9014142,209812,P1002,18.4
9014143,204266,P1005,17.28
9014144,204198,P1005,117.95
9014145,211073,P1006,157.6
9014146,200639,P1004,107.64
9014147,206567,P1003,28.67
9014148,210619,P1003,13.8
9014149,207625,P1004,50.62
9014150,204076,P1006,177.61
9014151,206020,P1001,189.53
9014152,206755,P1004,115.67
9014153,200517,P1004,178.78
9014154,207898,P1003,132.85
9014155,204934,P1003,10.26
9014156,207476,P1006,26.5
9014157,206740,P1004,233.58
9014158,206871,P1005,55.44
9014159,205506,P1004,93.39
9014160,207995,P1005,86.51
9014161,201597,P1006,123.48
9014162,203297,P1005,140.53
9014163,205831,P1004,311.83
9014164,211344,P1002,94.04
9014165,210027,P1001,95.41
9014166,205625,P1003,257.37
9014167,203666,P1001,65.07
9014168,203045,P1005,228.35
9014169,204074,P1001,35.44
9014170,203212,P1001,88.44
9014171,203242,P1003,103.52
9014172,206798,P1003,44.26
9014173,203859,P1004,107.67
9014174,209791,P1002,46.07
9014175,211344,P1002,56.83
9014176,206005,P1005,57.01
9014177,211520,P1005,34.85
9014178,206253,P1003,287.06
9014179,201131,P1004,132.95
9014180,210290,P1006,130.66
9014181,209384,P1006,40.77
9014182,201826,P1003,30.63
9014183,200123,P1001,171.24
9014184,208992,P1006,49.19
9014185,201762,P1006,86.34
9014186,210027,P1005,34.47
9014187,210560,P1005,41.99
9014188,200792,P1003,34.1
9014189,203772,P1001,83.02
9014190,209093,P1006,65.04
9014191,206433,P1001,104.34
9014192,206810,P1005,86.42
9014193,209258,P1005,125.42
9014194,204586,P1005,91.89
9014195,206552,P1006,25.64
9014196,210592,P1006,182.78
9014197,200313,P1003,113.61
9014198,200042,P1004,114.52
9014199,207479,P1005,54.43
9014200,211410,P1004,134.37
9014201,204524,P1003,49.62
9014202,211392,P1002,60.78
9014203,203308,P1003,311.81
9014204,204339,P1005,86.95
9014205,204255,P1003,97.09
9014206,208897,P1001,31.39
9014207,206044,P1005,41.33
9014208,200456,P1003,184.4
9014209,205665,P1006,86.33
9014210,202380,P1002,140.12
9014211,203754,P1005,135.33
9014212,209615,P1001,1.97
9014213,200371,P1001,25.35
9014214,200930,P1005,181.97
9014215,205419,P1003,59.35
9014216,201179,P1004,58.2
9014217,209068,P1004,186.99
9014218,207710,P1001,44.38
9014219,207144,P1001,505.22
9014220,206506,P1002,40.35
9014221,208270,P1001,13.78
9014222,202923,P1005,75.81
9014223,209288,P1005,36.28
9014224,202718,P1002,194.32
9014225,201681,P1003,9.54
9014226,201024,P1003,99.15
9014227,200879,P1002,57.73
9014228,206725,P1003,88.01
9014229,206113,P1002,223.14
9014230,210756,P1002,51.93
9014231,204915,P1006,161.29
9014232,211467,P1002,6.34
9014233,207210,P1005,52.96
9014234,206730,P1003,101.95
9014235,205992,P1002,186.3
9014236,200889,P1002,79.31
9014237,200086,P1004,21.76
9014238,210731,P1001,137.98
9014239,209635,P1001,122.63
9014240,205518,P1006,95.55
9014241,210475,P1001,42.66
9014242,204764,P1003,319.81
9014243,206188,P1006,32.19
9014244,206734,P1003,60.15
9014245,210726,P1005,57.15
9014246,208418,P1001,76.52
9014247,208291,P1004,229.88
9014248,204749,P1005,115.65
9014249,209059,P1005,22.37
9014250,209693,P1004,76.56
9014251,202434,P1006,84.38
9014252,201085,P1001,86.06
9014253,202188,P1002,44.25
9014254,206729,P1005,126.65
9014255,211303,P1003,67.06
9014256,203816,P1006,65.33
9014257,211088,P1006,31.81
9014258,203184,P1005,26.93
9014259,204873,P1002,19.44
9014260,210767,P1006,41.54
9014261,201877,P1001,47.46
9014262,209249,P1004,118.03
9014263,204811,P1001,46.85
9014264,208637,P1001,32.11
9014265,201991,P1006,47.47
9014266,210821,P1006,181.13
9014267,201696,P1004,44.16
9014268,201175,P1001,148.83
9014269,208204,P1005,227.15
9014270,204446,P1006,65.74
9014271,202793,P1001,13.36
9014272,206416,P1003,176.92
9014273,210292,P1006,15.41
9014274,205327,P1004,185.91
9014275,206949,P1001,239.04
9014276,204338,P1004,47.53
9014277,201197,P1006,27.54
9014278,201401,P1003,15.57
9014279,200654,P1001,66.9
9014280,211294,P1002,223.1
9014281,200622,P1002,154.57
9014282,201560,P1002,147.85
9014283,211179,P1006,44.06
9014284,209431,P1001,187.01
9014285,201012,P1004,45.22
9014286,211282,P1003,42.54
9014287,203079,P1002,80.36
9014288,205677,P1004,91
9014289,202496,P1003,155.65
9014290,202807,P1004,296.09
9014291,207758,P1002,86.05
9014292,205717,P1003,204.82
9014293,211558,P1006,51.08
9014294,205789,P1004,77.87
9014295,200812,P1004,196.13
9014296,203960,P1004,205.69
9014297,209810,P1001,23.44
9014298,203091,P1001,32.75
9014299,208220,P1002,68.24
9014300,200314,P1002,108.1
9014301,208716,P1001,87.82
9014302,200772,P1004,71.09
9014303,200430,P1005,153.44
9014304,201963,P1005,72.54
9014305,206792,P1005,125.33
9014306,203668,P1006,103.22
9014307,205358,P1003,73.01
9014308,200728,P1002,30.05
9014309,206200,P1001,62.84
9014310,209465,P1001,104.32
9014311,209928,P1005,152.64
9014312,201655,P1003,88.22
9014313,202572,P1002,185.39
9014314,202714,P1003,7.78
9014315,203023,P1004,89.42
9014316,200479,P1002,34.74
9014317,209993,P1004,69.32
9014318,208041,P1001,200.43
9014319,206907,P1002,161.58
9014320,205481,P1001,49.4
9014321,205657,P1004,174.98
9014322,202083,P1006,39.48
9014323,208325,P1002,129.24
9014324,208271,P1001,106.73
9014325,202419,P1006,306.37
9014326,209986,P1002,22.51
9014327,202442,P1002,302.73
9014328,203427,P1001,244.56
9014329,200997,P1005,46.34
9014330,201053,P1003,11.21
9014331,210821,P1004,124.87
9014332,200915,P1001,37.2
9014333,204955,P1006,98.87
9014334,206227,P1006,201.49
9014335,205556,P1001,152.72
9014336,211138,P1005,93.2
9014337,203393,P1003,81.13
9014338,204449,P1004,75.58
9014339,208911,P1003,78.59
9014340,211927,P1004,29.32
9014341,211471,P1003,111.28
9014342,206452,P1006,65.2
9014343,202880,P1005,57.37
9014344,203572,P1005,49.65
9014345,203211,P1005,62.17
9014346,201288,P1001,120.12
9014347,210831,P1006,248.92
9014348,207465,P1001,92.7
9014349,202752,P1005,64.38
9014350,208443,P1001,69.11
9014351,202207,P1002,76.44
9014352,210066,P1002,103.19
9014353,203332,P1001,258.4
9014354,209735,P1005,48.2
9014355,204427,P1005,153.78
9014356,203242,P1003,145.55
9014357,200256,P1006,10.26
9014358,204864,P1001,58.57
9014359,203540,P1003,28.94
9014360,206789,P1001,28.77
9014361,204347,P1001,152.85
9014362,207404,P1003,131.19
9014363,209365,P1002,25.54
9014364,200596,P1004,67.31
9014365,209747,P1006,97.62
9014366,202334,P1001,209.83
9014367,200757,P1004,45.89
9014368,203025,P1001,34.84
9014369,200591,P1002,52.52
9014370,203039,P1005,131.9
9014371,200787,P1006,89.19
9014372,211277,P1004,21.42
9014373,200327,P1002,75.01
9014374,206265,P1003,261.64
9014375,204192,P1003,110.21
9014376,206739,P1003,97.46
9014377,202974,P1006,20.31
9014378,208211,P1002,76.35
9014379,204553,P1001,145.71
9014380,205653,P1002,74.99
9014381,207605,P1003,97.29
9014382,203351,P1003,221.11
9014383,206618,P1003,115.82
9014384,202539,P1004,168.21
9014385,208554,P1005,92.57
9014386,203370,P1005,36
9014387,208661,P1003,19.1
9014388,201600,P1004,329.74
9014389,201374,P1001,81.65
9014390,201834,P1002,68.6
9014391,208719,P1004,79.27
9014392,209322,P1001,87.73
9014393,208333,P1001,190.77
9014394,200894,P1002,59.59
9014395,211319,P1003,115.29
9014396,210570,P1001,72.79
9014397,204538,P1005,138.98
9014398,200310,P1001,112.91
9014399,209835,P1005,230.43
9014400,208432,P1001,47
9014401,211686,P1002,52.35
9014402,206846,P1001,68.63
9014403,206796,P1001,176.11
9014404,202470,P1004,149.66
9014405,208259,P1004,128.93
9014406,207010,P1001,13.39
9014407,204372,P1001,98.53
9014408,200668,P1005,170.79
9014409,207437,P1003,49.35
9014410,211298,P1001,152.02
9014411,209905,P1001,37.02
9014412,200015,P1003,98.7
9014413,211687,P1004,42.41
9014414,208502,P1001,45.46
9014415,207824,P1003,46.14
9014416,206175,P1005,22.53
9014417,206669,P1004,74.09
9014418,205628,P1003,77.97
9014419,200273,P1004,24.24
9014420,206500,P1005,44.67
9014421,207997,P1002,112.71
9014422,204687,P1003,64.7
9014423,203069,P1002,64.96
9014424,204751,P1001,68.92
9014425,201618,P1003,80.53
9014426,211476,P1005,186.26
9014427,204948,P1001,142.06
9014428,209040,P1001,221.13
9014429,201440,P1001,157.82
9014430,203007,P1006,88.54
9014431,210305,P1003,201.59
9014432,204566,P1003,95.47
9014433,210234,P1003,224.9
9014434,208587,P1001,115.16
9014435,208898,P1006,81.43
9014436,204003,P1003,25.56
9014437,201107,P1001,16.56
9014438,211506,P1003,71.84
9014439,207210,P1006,273.69
9014440,211452,P1006,95.98
9014441,201343,P1005,58.85
9014442,207087,P1005,223.22
9014443,208641,P1005,108.85
9014444,209042,P1004,174.46
9014445,210977,P1003,104.64
9014446,211681,P1006,137.29
9014447,209686,P1004,74.68
9014448,210714,P1002,90.3
9014449,209857,P1002,48.27
9014450,209993,P1002,149.04
9014451,211033,P1001,8.76
9014452,203851,P1002,135.59
9014453,204370,P1002,99.41
9014454,203458,P1005,27.38
9014455,203092,P1003,23.06
9014456,210778,P1002,48.34
9014457,203467,P1003,69.4
9014458,204646,P1003,61.66
9014459,201103,P1002,53.12
9014460,211292,P1005,188
9014461,210054,P1004,24.9
9014462,206211,P1006,75.48
9014463,204616,P1001,66.72
9014464,208438,P1002,47.21
9014465,208188,P1005,79.68
9014466,210383,P1003,141.94
9014467,202441,P1002,122.32
9014468,204259,P1004,12.6
9014469,211368,P1005,94.56
9014470,206020,P1004,107.28
9014471,206574,P1004,16.82
9014472,203917,P1004,38.93
9014473,205879,P1006,63.91
9014474,211839,P1006,126.77
9014475,209112,P1006,84.45
9014476,204428,P1005,67.74
9014477,206718,P1004,26.42
9014478,209612,P1006,144.24
9014479,204378,P1004,80.61
9014480,203955,P1001,29.86
9014481,201237,P1005,126.22
9014482,208361,P1001,31.05
9014483,210483,P1006,84.13
9014484,211081,P1004,138.08
9014485,204375,P1003,185.84
9014486,204497,P1003,179.54
9014487,202997,P1005,72.62
9014488,209405,P1002,44.2
9014489,211305,P1001,49.66
9014490,210298,P1002,88.67
9014491,207061,P1004,35.99
9014492,203339,P1002,61.55
9014493,206156,P1002,46.33
9014494,205620,P1004,9.61
9014495,206305,P1004,22.87
9014496,200291,P1006,120.2
9014497,209923,P1002,143.35
9014498,207755,P1006,34.69
9014499,200508,P1004,58.45
9014500,201665,P1006,67.14
9014501,202962,P1005,133.41
9014502,210155,P1003,46.5
9014503,201578,P1002,110.83
9014504,208014,P1003,95.55
9014505,211812,P1006,159.68
9014506,210205,P1001,128.3
9014507,205326,P1006,43.42
9014508,201835,P1005,81.78
9014509,211354,P1004,89.9
9014510,200199,P1002,31.59
9014511,207052,P1005,176.51
9014512,204947,P1002,150.19
9014513,207396,P1001,61.86
9014514,204151,P1004,15.72
9014515,201021,P1004,70.04
9014516,206354,P1003,194.08
9014517,200134,P1006,26.24
9014518,200106,P1001,167.74
9014519,205704,P1004,91.79
9014520,200468,P1004,65.54
9014521,204120,P1004,55.92
9014522,207894,P1006,156.96
9014523,201786,P1004,89.95
9014524,211348,P1001,92.4
9014525,207167,P1002,55.99
9014526,206487,P1001,46.55
9014527,203695,P1006,38.62
9014528,200559,P1005,75.58
9014529,201797,P1001,176.11
9014530,208649,P1002,175.18
9014531,202532,P1005,72.46
9014532,202420,P1004,62.21
9014533,211260,P1006,227.81
9014534,210102,P1006,80.2
9014535,209874,P1004,45.09
9014536,208784,P1006,171
9014537,210554,P1003,73.23
9014538,203900,P1002,229.92
9014539,203620,P1001,68.81
9014540,206611,P1002,48.68
9014541,207885,P1001,46.51
9014542,200022,P1006,21.32
9014543,208744,P1005,15.25
9014544,202940,P1002,49.68
9014545,210588,P1003,54.17
9014546,203328,P1006,124.01
9014547,209526,P1006,116.09
9014548,205814,P1003,140.63
9014549,211268,P1001,73.37
9014550,203093,P1002,38.17
9014551,208181,P1001,278.08
9014552,210660,P1006,115.77
9014553,203774,P1004,113.2
9014554,205585,P1001,92.89
9014555,203327,P1002,120.7
9014556,204362,P1006,129.01
9014557,209232,P1002,53.97
9014558,208993,P1002,134.43
9014559,209935,P1002,48.27
9014560,202197,P1001,30.95
9014561,209557,P1004,84.4
9014562,206600,P1005,57.97
9014563,205066,P1004,44.53
9014564,210807,P1002,69.16
9014565,200121,P1006,81.17
9014566,209169,P1006,74.4
9014567,207422,P1002,97.76
9014568,204369,P1004,114.68
9014569,209233,P1006,86.01
9014570,200661,P1003,167.85
9014571,209738,P1006,29.52
9014572,204041,P1003,197.54
9014573,203647,P1006,116.23
9014574,202846,P1006,43.3
9014575,202801,P1003,20.66
9014576,208830,P1003,196.14
9014577,201138,P1005,53.71
9014578,203903,P1006,77.6
9014579,205561,P1002,117.82
9014580,204219,P1006,43.09
9014581,201003,P1003,95.23
9014582,200696,P1004,148.61
9014583,207613,P1006,74.64
9014584,206333,P1005,287.85
9014585,207264,P1004,102.56
9014586,201094,P1003,110.25
9014587,206802,P1003,124.27
9014588,208722,P1003,185.77
9014589,209137,P1004,274.2
9014590,210311,P1001,104.17
9014591,201138,P1002,83.85
9014592,206350,P1005,31.63
9014593,211135,P1005,136.43
9014594,201949,P1006,32.84
9014595,206668,P1001,66.64
9014596,207259,P1002,135.73
9014597,205097,P1004,45.01
9014598,200814,P1005,91.97
9014599,206749,P1002,324.32
9014600,203353,P1004,77.68
9014601,206289,P1005,18.79
9014602,201688,P1003,125.03
9014603,210999,P1006,34.92
9014604,203244,P1001,21.06
9014605,208720,P1003,94.3
9014606,201846,P1005,142.01
9014607,207708,P1002,51.26
9014608,208556,P1005,144.25
9014609,210567,P1003,199.21
9014610,209053,P1003,41.56
9014611,208309,P1003,102.63
9014612,210077,P1001,30.71
9014613,204032,P1003,194.21
9014614,202396,P1006,30.28
9014615,204786,P1004,14.44
9014616,208797,P1001,220.33
9014617,209595,P1003,137.85
9014618,211561,P1002,71.81
9014619,203007,P1006,14.74
9014620,204312,P1006,64.08
9014621,201901,P1004,88.71
9014622,209381,P1005,21.8
9014623,200975,P1003,58.88
9014624,208577,P1001,90.89
9014625,201413,P1003,100.16
9014626,208926,P1003,4.84
9014627,210768,P1005,54.43
9014628,204581,P1002,42.77
9014629,211075,P1006,82.75
9014630,208541,P1005,38.98
9014631,206701,P1001,50.63
9014632,209402,P1006,229.2
9014633,201085,P1005,211.39
9014634,210659,P1001,140.89
9014635,200246,P1003,104.47
9014636,207035,P1002,28.66
9014637,204407,P1005,64.23
9014638,200415,P1004,99.3
9014639,209500,P1005,146.8
9014640,205283,P1002,8.83
9014641,204669,P1005,97.57
9014642,202404,P1005,156.91
9014643,208838,P1006,38.1
9014644,200511,P1003,91.79
9014645,205477,P1005,166.78
9014646,209833,P1001,110.8
9014647,207794,P1005,109.39
9014648,204733,P1001,22.67
9014649,201592,P1002,241.94
9014650,202555,P1003,45.9
9014651,207516,P1001,15.3
9014652,210488,P1002,147.31
9014653,206471,P1001,136.34
9014654,211374,P1004,60.32
9014655,205872,P1002,64.8
9014656,207841,P1005,79.05
9014657,205459,P1004,4.47
9014658,210844,P1003,118.05
9014659,211916,P1002,55.81
9014660,204636,P1006,152.36
9014661,201403,P1003,79.76
9014662,208692,P1003,6.93
9014663,211287,P1005,129.25
9014664,208118,P1002,150.76
9014665,211828,P1005,76.48
9014666,204135,P1006,41.59
9014667,207230,P1005,87.03
9014668,202300,P1005,170.2
9014669,207274,P1005,18.26
9014670,206133,P1006,206.99
9014671,207693,P1005,35.83
9014672,202533,P1006,19.42
9014673,204600,P1006,37.83
9014674,207326,P1005,62.36
9014675,207552,P1002,257.29
9014676,203930,P1002,11.43
9014677,211711,P1003,77.17
9014678,200374,,34.16
9014679,207527,P1005,32.04
9014680,206799,P1001,10.25
9014681,210395,P1006,89.2
9014682,210241,P1006,25.56
9014683,200726,P1002,163.52
9014684,207190,P1004,17.33
9014685,210209,P1003,97.02
9014686,204956,P1006,73.97
9014687,209103,P1002,75.59
9014688,204749,P1003,232.66
9014689,204221,P1005,53.05
9014690,202483,P1001,116.19
9014691,200698,P1002,197.97
9014692,208554,P1002,111.26
9014693,205698,P1003,103.01
9014694,205491,P1002,216.3
9014695,210419,P1002,221.81
9014696,203358,P1005,104.65
9014697,204478,P1003,23.27
9014698,207311,P1005,129.73
9014699,200792,P1004,37.64
9014700,203529,P1004,129.41
9014701,208898,P1004,164.08
9014702,204817,P1003,44.29
9014703,210827,P1005,55.6
9014704,203987,P1001,232.57
9014705,211429,P1003,208.87
9014706,200006,P1001,99.35
9014707,205237,P1006,127.07
9014708,210835,P1005,51.09
9014709,205122,P1003,186.16
9014710,202375,P1006,64.51
9014711,200938,P1003,104.33
9014712,205786,P1005,180.17
9014713,206452,P1006,24.73
9014714,200979,P1006,92.81
9014715,209744,P1006,305.59
9014716,209735,P1001,50.4
9014717,201149,P1001,53.78
9014718,200639,P1002,24.88
9014719,211823,P1006,117.59
9014720,200259,P1006,44.17
9014721,205919,P1001,156.09
9014722,208306,P1005,188.47
9014723,206680,P1001,72.31
9014724,205479,P1004,128.38
9014725,202711,P1002,149.89
9014726,208175,P1003,77.23
9014727,210718,P1006,47.31
9014728,201215,P1005,93.69
9014729,211051,P1003,111.92
9014730,200190,P1002,60.42
9014731,200341,P1006,95
9014732,209383,P1001,56.54
9014733,206248,P1001,177.14
9014734,208865,P1002,220.72
9014735,209307,P1004,41.77
9014736,203302,P1005,105.88
9014737,203734,P1005,54.28
9014738,203541,P1004,205.63
9014739,211060,P1004,93.83
9014740,204521,P1001,31.61
9014741,202523,P1003,114.36
9014742,200763,P1001,82.16
9014743,210565,P1002,48.71
9014744,205752,P1006,208.45
9014745,202916,P1004,55.47
9014746,208450,P1005,98.45
9014747,203366,P1006,180.47
9014748,203878,P1003,48.51
9014749,205557,P1001,107.35
9014750,206862,P1004,24.85
9014751,206387,P1003,38.07
9014752,203610,P1001,36.76
9014753,203768,P1001,120.81
9014754,204646,P1005,147.41
9014755,207041,P1002,95.96
9014756,201972,P1006,38.55
9014757,204692,P1005,67.79
9014758,206338,P1004,64.79
9014759,210500,P1003,36.93
9014760,203495,P1003,80.49
9014761,206717,P1003,100
9014762,202838,P1003,88.02
9014763,208762,P1005,54.13
9014764,211430,P1005,242.06
9014765,202191,P1005,85.53
9014766,211322,P1005,191.82
9014767,207778,P1002,35.94
9014768,211527,P1006,109.23
9014769,205756,P1004,78.45
9014770,200429,P1001,267.85
9014771,209674,P1001,132.45
9014772,205684,P1001,306.49
9014773,200780,P1005,44.84
9014774,207180,P1002,298
9014775,204622,P1003,30.16
9014776,207618,P1001,58.53
9014777,205616,P1002,81.61
9014778,201821,P1003,197.91
9014779,203463,P1006,64
9014780,209072,P1001,142.18
9014781,206975,P1003,48.77
9014782,201307,P1002,62.96
9014783,202213,P1001,25.27
9014784,201316,P1005,279.36
9014785,209000,P1003,73.2
9014786,201023,P1005,43.18
9014787,205650,P1005,11.33
9014788,204558,P1003,71.59
9014789,202900,P1004,53.83
9014790,210502,P1006,182.65
9014791,208360,P1001,56.65
9014792,203088,P1003,87.64
9014793,201344,P1006,214.46
9014794,203894,P1001,14.58
9014795,207591,P1003,46.46
9014796,204573,P1003,23.86
9014797,204960,P1005,253.39
9014798,200966,P1001,20.02
9014799,210119,P1002,52.82
9014800,205121,P1001,50.49
9014801,201720,P1006,134.56
9014802,209167,P1004,64.78
9014803,210743,P1002,72.1
9014804,210283,P1002,85.72
9014805,205234,P1006,57.76
9014806,205487,P1002,58.83
9014807,202360,P1006,124.12
9014808,200543,P1005,193.19
9014809,210670,P1003,98.88
9014810,209682,P1004,210.81
9014811,204120,P1005,183.88
9014812,211190,P1004,49.32
9014813,204660,P1003,168.34
9014814,200828,P1006,50.98
9014815,210478,P1002,121.53
9014816,208554,P1003,31.1
9014817,210113,P1001,90.77
9014818,207402,P1005,65.92
9014819,211174,P1002,58.45
9014820,205412,P1005,55.09
9014821,202104,P1006,183.42
9014822,201721,P1001,150.65
9014823,210700,P1004,34.22
9014824,205983,P1004,148.57
9014825,204748,P1003,100.92
9014826,211641,P1005,23.61
9014827,202460,P1004,187.61
9014828,207232,P1004,37.11
9014829,208587,P1003,52.8
9014830,209376,P1004,51.02
9014831,201939,P1005,22.49
9014832,211284,P1005,189.92
9014833,205054,P1006,212.81
9014834,211813,P1005,114.46
9014835,203134,P1002,94.86
9014836,200472,P1004,171.06
9014837,210728,P1005,36.13
9014838,205800,P1005,21.03
9014839,205624,P1004,21.32
9014840,205390,P1003,49.17
9014841,203480,P1001,9.05
9014842,207607,P1004,45.23
9014843,209221,P1004,194.96
9014844,209985,P1002,105.45
9014845,204269,P1006,64.46
9014846,209353,P1001,28.65
9014847,208747,P1006,55.15
9014848,200897,P1002,179.97
9014849,207754,P1004,102.31
9014850,201730,P1004,262.63
9014851,211499,P1001,196.46
9014852,207308,P1003,29.49
9014853,208612,P1003,137.48
9014854,203118,P1001,51
9014855,202114,P1003,204.51
9014856,202847,P1005,56.98
9014857,204297,P1003,53.93
9014858,205975,P1004,64.56
9014859,203085,P1006,67.48
9014860,202767,P1001,186.33
9014861,203880,P1006,205.62
9014862,200385,P1006,56.63
9014863,202023,P1002,77.35
9014864,203896,P1006,203.92
9014865,206442,P1006,72
9014866,210106,P1004,100
9014867,211060,P1002,26.29
9014868,210913,P1003,68.8
9014869,209754,P1004,86.59
9014870,205707,P1003,101.26
9014871,202813,P1006,30.82
9014872,210680,P1001,119.47
9014873,205112,P1003,146.5
9014874,210141,P1001,6.75
9014875,204113,P1001,37.45
9014876,203921,P1006,84.36
9014877,206675,P1006,36.95
9014878,208122,P1003,133.01
9014879,208558,P1005,84.65
9014880,205773,P1005,147.89
9014881,200139,P1004,69.15
9014882,200958,P1001,90.37
9014883,208348,P1006,40.51
9014884,209913,P1002,10.6
9014885,208143,P1002,87.91
9014886,201438,P1001,24.91
9014887,205388,P1005,19.2
9014888,207750,P1002,315.87
9014889,204569,P1001,53.73
9014890,205604,P1003,222.89
9014891,201371,P1006,91.5
9014892,206359,P1002,37.18
9014893,200117,P1001,61.14
9014894,210224,P1001,80.24
9014895,207438,P1005,83.01
9014896,200524,P1006,43.41
9014897,210771,P1002,96.34
9014898,211311,P1003,26.26
9014899,201822,P1002,138.83
9014900,203946,P1006,371.25
9014901,207371,P1003,147.32
9014902,209984,P1003,239.31
9014903,203632,P1005,58.37
9014904,202106,P1002,139.69
9014905,207985,P1003,97.01
9014906,210437,P1005,81.22
9014907,206997,P1002,269.58
9014908,207712,P1003,32.65
9014909,203889,P1004,69.44
9014910,209848,P1001,40.49
9014911,210783,P1003,215.61
9014912,208462,P1003,67.28
9014913,203443,P1001,53.77
9014914,205367,P1006,121.39
9014915,210861,P1004,66.5
9014916,211572,P1006,73.56
9014917,201873,P1003,125.73
9014918,210310,P1002,54.98
9014919,210897,P1005,102.74
9014920,200591,P1002,279.3
9014921,203748,P1001,66.65
9014922,200435,P1003,132.83
9014923,201983,P1002,39.27
9014924,204155,P1006,157.63
9014925,211339,P1006,36.32
9014926,207747,P1001,57.38
9014927,201644,P1005,63.99
9014928,200309,P1005,40.49
9014929,210837,P1004,218.63
9014930,204297,P1003,139.46
9014931,201806,P1004,251.75
9014932,206897,P1006,59.02
9014933,210252,P1001,82.42
9014934,203284,P1005,179.12
9014935,209547,P1006,242.89
9014936,208905,P1006,158.4
9014937,204180,P1002,147.81
9014938,200254,P1004,196.9
9014939,202802,P1003,64.3
9014940,203492,P1001,74.76
9014941,200622,P1004,98.47
9014942,209227,P1004,16.44
9014943,202946,P1004,88.04
9014944,208729,P1001,127.95
9014945,204859,P1006,107.62
9014946,201925,P1005,199.85
9014947,203375,P1002,91.36
9014948,202885,P1004,153.86
9014949,205452,P1002,74.06
9014950,208187,P1005,107.41
9014951,201319,P1003,185.67
9014952,201334,P1003,26.21
9014953,200582,P1004,238.42
9014954,204237,P1003,124.47
9014955,201351,P1003,115.1
9014956,207220,P1005,175.66
9014957,205851,P1002,27.92
9014958,207913,P1006,146.9
9014959,202658,P1001,148.91
9014960,206072,P1006,27.84
9014961,211568,P1005,160.41
9014962,208140,P1006,49.3
9014963,203905,P1001,60.93
9014964,207769,P1004,158.1
9014965,207761,P1005,69.05
9014966,205438,P1003,70.16
9014967,204748,P1006,50.16
9014968,207285,P1005,93.27
9014969,207855,P1001,51.9
9014970,208311,P1005,77.46
9014971,203117,P1004,170.88
9014972,208977,P1006,57.64
9014973,201353,P1004,212.72
9014974,206040,P1005,72.2
9014975,205621,P1002,165.58
9014976,203421,P1004,25.4
9014977,210269,P1002,65.72
9014978,207206,P1003,89
9014979,204651,P1004,220.68
9014980,203153,P1006,13.84
9014981,206368,P1003,79.14
9014982,202526,P1003,71.76
9014983,209797,P1005,41.72
9014984,205781,P1003,76.83
9014985,205175,P1002,144.96
9014986,206710,P1006,67.43
9014987,204089,P1001,105.24
9014988,208764,P1001,68.8
9014989,203398,P1001,28.04
9014990,201017,P1006,115.32
9014991,202352,P1006,153.54
9014992,203689,P1001,177.04
9014993,205557,P1003,75.98
9014994,209879,P1002,63.42
9014995,210224,P1005,18.45
9014996,207153,P1005,59.09
9014997,202718,P1004,213.74
9014998,200592,P1003,155.44
9014999,206856,P1003,342.94
9015000,207765,P1001,96.09
9015001,201428,P1003,43.58
9015002,200030,P1004,133.36
9015003,210602,P1001,100.95
9015004,210398,P1003,105.42
9015005,210380,P1004,63.33
9015006,207546,P1004,148.93
9015007,211077,P1002,109.74
9015008,206206,P1004,22.88
9015009,205179,P1001,58.9
9015010,211270,P1005,23.01
9015011,200990,P1003,84.31
9015012,205585,P1006,87.54
9015013,206415,P1005,93.42
9015014,200518,P1006,81.28
9015015,207621,P1005,46.42
9015016,208389,P1001,33.18
9015017,208437,P1002,133.92
9015018,210243,P1003,190.73
9015019,203092,P1003,65.72
9015020,211544,P1002,396.01
9015021,204676,P1001,125.48
9015022,203168,P1002,61.26
9015023,208836,P1006,15.53
9015024,205920,P1005,80.45
9015025,206114,P1004,250
9015026,203500,P1006,134.68
9015027,202985,P1005,61.9
9015028,210703,P1005,91.29
9015029,207142,P1003,120.76
9015030,205903,P1003,86.7
9015031,203859,P1003,132.8
9015032,208936,P1006,82.75
9015033,202564,P1005,49.61
9015034,202306,P1002,131.29
9015035,211479,P1004,11.02
9015036,210683,P1001,41.67
9015037,202444,P1005,134.32
9015038,206037,P1004,22.23
9015039,209841,P1001,57.7
9015040,206805,P1002,117.26
9015041,207375,P1003,164.99
9015042,208754,P1005,59.64
9015043,203625,P1005,42.54
9015044,202464,P1002,87.56
9015045,202136,P1002,58.88
9015046,208679,P1004,10.03
9015047,202648,P1004,163.4
9015048,209946,P1003,8.42
9015049,207364,P1006,184.53
9015050,200752,P1002,151.83
9015051,202251,P1005,211.55
9015052,209020,P1004,89.03
9015053,211605,P1006,40.88
9015054,204426,P1004,174.99
9015055,206554,P1003,69
9015056,211050,P1004,69.53
9015057,207891,P1005,33.71
9015058,211541,P1004,3.48
9015059,202077,P1003,128.13
9015060,208850,P1005,215.55
9015061,206069,P1003,69.11
9015062,209347,P1001,44.27
9015063,209688,P1002,60.92
9015064,205861,P1001,51.62
9015065,201556,P1005,67.48
9015066,207373,P1006,98.97
9015067,211191,P1004,86.78
9015068,204843,P1006,147.5
9015069,205682,P1005,44.56
9015070,209513,P1004,42.13
9015071,206550,P1001,75.75
9015072,209662,P1003,369.9
9015073,209302,P1005,92.18
9015074,206049,P1005,174.06
9015075,210215,P1004,13.69
9015076,209526,P1006,74.88
9015077,204825,P1004,54.35
9015078,210934,P1005,3.67
9015079,207703,P1002,138.8
9015080,206859,P1003,43.87
9015081,205583,P1004,130.2
9015082,207892,P1003,110.41
9015083,202528,P1005,19.93
9015084,208247,P1001,36.08
9015085,204607,P1001,102.28
9015086,207950,P1002,144.46
9015087,206691,P1006,45.01
9015088,200071,P1002,185.87
9015089,210774,P1003,181.71
9015090,211838,P1003,305.16
9015091,210398,P1001,183.03
9015092,204886,P1003,36.46
9015093,201945,P1003,140.11
9015094,200663,P1002,247.04
9015095,204869,P1003,20.34
9015096,202116,P1005,108.18
9015097,207338,P1004,134.55
9015098,205869,P1004,249.4
9015099,201023,P1004,192.82
9015100,207573,P1006,61.8
9015101,201737,P1006,66.14
9015102,210022,P1003,60.74
9015103,202941,P1002,42.28
9015104,204270,P1001,246.94
9015105,211066,P1004,29.86
9015106,207005,P1005,149.49
9015107,201400,P1004,112.4
9015108,208327,P1003,94.74
9015109,210279,P1004,81.49
9015110,209431,P1004,38.11
9015111,206109,P1006,19.05
9015112,211839,P1005,90.06
9015113,201632,P1005,214.93
9015114,201383,P1005,46.19
9015115,206594,P1005,72.64
9015116,203032,P1002,44.27
9015117,207291,P1006,64.26
9015118,201735,P1006,554.47
9015119,210846,P1003,46.82
9015120,207049,P1001,50.01
9015121,208848,P1006,153.51
9015122,206857,P1004,65.74
9015123,203078,P1005,55.16
9015124,204428,P1005,105.52
9015125,209462,P1001,133.69
9015126,203039,P1006,88.56
9015127,211080,P1004,301.91
9015128,207166,P1003,152.65
9015129,204775,P1003,49.2
9015130,209316,P1004,59.82
9015131,201216,P1002,33.81
9015132,206981,P1003,41.88
9015133,207630,P1002,58.18
9015134,209226,P1005,114.45
9015135,204620,P1005,147.22
9015136,202851,P1006,20.11
9015137,205675,P1001,143.46
9015138,209104,P1002,174.33
9015139,206199,P1005,52.58
9015140,206716,P1005,71.35
9015141,200064,P1006,29.05
9015142,201705,P1004,96.46
9015143,204675,P1006,46.96
9015144,205447,P1004,97.38
9015145,209357,P1003,17.59
9015146,206842,P1005,108.41
9015147,201610,P1004,111.51
9015148,201483,P1005,173.18
9015149,210152,P1005,72.5
9015150,208853,P1002,88.47
9015151,207196,P1004,53.17
9015152,209062,P1004,110.61
9015153,211814,P1006,140.22
9015154,205131,P1005,155.8
9015155,203147,P1006,168.03
9015156,209738,P1003,119.53
9015157,208428,P1002,180.58
9015158,207365,P1005,129.78
9015159,200374,P1002,216.84
9015160,207239,P1002,43
9015161,209385,P1001,91.84
9015162,200995,P1002,45.24
9015163,202564,P1004,234.5
9015164,201506,P1005,157.51
9015165,206247,P1006,125.91
9015166,209111,P1001,33.29
9015167,200326,P1004,51.37
9015168,202105,P1005,60.41
9015169,202195,P1001,31.1
9015170,207904,P1003,39.05
9015171,209940,P1006,77.86
9015172,208513,P1002,95.31
9015173,206544,P1003,135.04
9015174,208681,P1004,61.7
9015175,204102,P1001,27.73
9015176,203005,P1006,210.52
9015177,205919,P1002,114.53
9015178,202658,P1006,202.92
9015179,210918,P1004,14.96
9015180,205912,P1001,198.67
9015181,211188,P1006,143.31
9015182,200363,P1002,130.72
9015183,201371,P1006,257.67
9015184,211011,P1005,29.29
9015185,202567,P1005,162.81
9015186,200578,P1004,71.22
9015187,210639,P1006,101.33
9015188,209092,P1006,39.21
9015189,211662,P1002,154.55
9015190,207904,P1004,118.04
9015191,209535,P1002,220.62
9015192,207792,P1001,58.89
9015193,211901,P1003,122.29
9015194,208013,P1002,107.73
9015195,206496,P1006,120.06
9015196,202999,P1006,41.29
9015197,207248,P1002,125.58
9015198,206439,P1004,44.15
9015199,202575,P1004,31.3
9015200,205816,P1001,83.68
9015201,201988,P1002,19.6
9015202,206460,P1001,31.24
9015203,208320,P1003,135.6
9015204,210100,P1006,84.95
9015205,204788,P1001,152.68
9015206,205786,P1003,156.39
9015207,205656,P1002,46.29
9015208,200239,P1003,55.4
9015209,209142,P1005,63.16
9015210,210115,P1001,203.59
9015211,207017,P1004,9.84
9015212,204394,P1005,74.8
9015213,209941,P1006,62.55
9015214,211570,P1001,76.98
9015215,210365,P1004,63.27
9015216,203270,P1001,201.39
9015217,201191,P1002,125.71
9015218,208429,P1006,12.86
9015219,208602,P1005,90.32
9015220,210080,P1003,17.27
9015221,203203,P1002,83.68
9015222,205142,P1002,76.52
9015223,202651,P1001,82.52
9015224,209228,P1006,183.8
9015225,203949,P1004,71.52
9015226,208147,P1002,135.37
9015227,200171,P1001,28.39
9015228,207059,P1004,28.97
9015229,203990,P1001,65.78
9015230,207489,P1002,52.91
9015231,205389,P1005,12.4
9015232,200350,P1002,88.37
9015233,204689,P1006,34.36
9015234,201502,P1001,45.17
9015235,210498,P1005,125.57
9015236,204922,P1005,88.48
9015237,201602,P1003,294.31
9015238,209600,P1003,16.77
9015239,204029,P1003,131.42
9015240,200239,P1005,72.38
9015241,207157,P1005,85.92
9015242,200499,P1001,134.29
9015243,204001,P1005,27.54
9015244,200339,P1002,88.61
9015245,202327,P1003,98.66
9015246,210305,P1004,137.13
9015247,200154,P1002,80.51
9015248,211039,P1004,43.48
9015249,210792,P1006,149.3
9015250,200156,P1006,121.04
9015251,209788,P1006,66.47
9015252,205461,P1005,183.3
9015253,205427,P1003,144.57
9015254,206276,P1001,242.29
9015255,200898,P1001,68.99
9015256,208058,P1002,116.23
9015257,206129,P1002,77.21
9015258,205403,P1002,139
9015259,202415,P1003,50.11
9015260,200404,P1002,29.04
9015261,201057,P1006,127.72
9015262,206070,P1001,85.68
9015263,207250,P1004,15.33
9015264,205269,P1004,23.67
9015265,210580,P1006,52.7
9015266,201962,P1005,39.02
9015267,204883,P1003,167.02
9015268,209931,P1002,74.33
9015269,210629,P1005,32.37
9015270,207182,P1005,28.13
9015271,209391,P1004,125.34
9015272,207786,P1005,33.76
9015273,205050,P1001,262.27
9015274,203022,P1005,89.34
9015275,205571,P1005,28.62
9015276,200219,P1003,130.33
9015277,209788,P1006,74.35
9015278,203916,P1003,46.93
9015279,208006,P1005,87.85
9015280,211324,P1001,27.89
9015281,201582,P1006,54.44
9015282,210359,P1002,39.04
9015283,201746,P1006,317.65
9015284,202823,P1001,122.69
9015285,204937,P1002,20.1
9015286,202781,P1006,95.94
9015287,201950,P1002,176.17
9015288,209897,P1001,124.92
9015289,205823,P1006,45.45
9015290,210009,P1003,233.07
9015291,208220,P1006,74.9
9015292,200028,P1001,64.18
9015293,202345,P1003,46.53
9015294,207752,P1004,25.18
9015295,208788,P1005,54.91
9015296,205520,P1002,101.37
9015297,207749,P1004,111.8
9015298,210300,P1004,16.41
9015299,208295,P1001,39.49
9015300,208384,P1005,135.59
9015301,206871,P1004,111.93
9015302,201316,P1001,32.9
9015303,205627,P1004,130.62
9015304,209160,P1003,215.36
9015305,207221,P1002,82.62
9015306,201218,P1003,36.41
9015307,209811,P1004,121.14
9015308,205006,P1004,54.42
9015309,204016,P1004,78.47
9015310,200704,P1003,125.32
9015311,201632,P1004,56.68
9015312,201549,P1004,134.27
9015313,205209,P1003,141.44
9015314,204354,P1006,201.61
9015315,202021,P1006,126.81
9015316,205678,P1001,124.04
9015317,211186,P1001,167.93
9015318,207245,P1001,79.3
9015319,209022,P1001,169.13
9015320,207699,P1001,50.58
9015321,207088,P1006,34.35
9015322,204939,P1006,81.06
9015323,200934,P1001,54.1
9015324,204393,P1003,39.66
9015325,208074,P1001,419.42
9015326,206522,P1001,67.07
9015327,208986,P1002,317.25
9015328,200619,P1002,33.02
9015329,211383,P1003,81.73
9015330,206647,P1004,83.55
9015331,202816,P1006,153.84
9015332,211680,P1005,111.36
9015333,208053,P1003,87.6
9015334,204618,P1006,62.52
9015335,202716,P1006,77.58
9015336,201262,P1005,163.56
9015337,210990,P1003,19.66
9015338,209400,P1006,4.19
9015339,207911,P1005,81.81
9015340,203222,P1004,78.54
9015341,211094,P1002,23.19
9015342,207043,P1001,21.9
9015343,203533,P1003,82.26
9015344,210700,P1002,81.2
9015345,202619,P1006,138.17
9015346,200061,P1003,117.52
9015347,206330,P1001,119.04
9015348,200228,P1002,48.44
9015349,201291,P1002,50.35
9015350,206058,P1004,61.26
9015351,203487,P1005,109.05
9015352,201258,P1002,171.91
9015353,205706,P1002,152.53
9015354,205970,P1004,13.02
9015355,210181,P1002,275.75
9015356,207620,P1006,69.62
9015357,200003,P1004,116.7
9015358,204976,P1002,103.69
9015359,210376,P1005,76.68
9015360,200642,P1004,115.06
9015361,207387,P1002,95.82
9015362,206221,P1005,119.05
9015363,201400,P1003,100.31
9015364,200566,P1001,34.96
9015365,208012,P1004,161.84
9015366,208254,P1002,192.68
9015367,205798,P1002,82.79
9015368,203973,P1006,187.56
9015369,203396,P1001,152.66
9015370,205590,P1002,47.23
9015371,201304,P1004,106.85
9015372,204348,P1003,328.81
9015373,205488,P1006,45.51
9015374,209843,P1003,355.66
9015375,205597,P1003,186.09
9015376,209490,P1004,82.28
9015377,200831,P1002,49.98
9015378,207013,P1001,67.04
9015379,207182,P1001,9.69
9015380,202706,P1001,36.89
9015381,208580,P1005,74.25
9015382,204347,P1002,168.81
9015383,204901,P1004,111.68
9015384,201789,P1002,15.33
9015385,206103,P1002,84.27
9015386,204214,P1006,144.16
9015387,203046,P1001,71.18
9015388,211748,P1005,127.5
9015389,210849,P1004,40.52
9015390,207664,P1001,62.95
9015391,201630,P1006,103.68
9015392,206735,P1002,71.58
9015393,207820,P1003,182.41
9015394,210851,P1004,93.78
9015395,206580,P1006,26.9
9015396,208204,P1006,281.36
9015397,209528,P1001,211.67
9015398,205520,P1001,39.67
9015399,203033,P1003,61.55
9015400,202566,P1006,77.83
9015401,203047,P1003,121.48
9015402,203216,P1002,37
9015403,206577,P1006,81.24
9015404,203287,P1005,181.05
9015405,209602,P1001,57.72
9015406,208148,P1004,89.75
9015407,211819,P1006,48.92
9015408,207625,P1004,34.53
9015409,210286,P1002,175.81
9015410,200235,P1002,64.52
9015411,209280,P1002,36.21
9015412,200045,P1002,300.83
9015413,206884,P1004,44.36
9015414,200602,P1004,64.24
9015415,207787,P1006,134.1
9015416,205308,P1004,60.68
9015417,205307,P1006,155.99
9015418,205669,P1004,62.05
9015419,211324,P1001,72.78
9015420,207739,P1006,115.83
9015421,208233,P1006,43.5
9015422,200930,P1002,62.95
9015423,210532,P1002,200.55
9015424,204623,P1005,41.66
9015425,209714,P1006,148.71
9015426,200498,P1004,30.83
9015427,201903,P1002,136.12
9015428,206206,P1002,121.82
9015429,208184,P1002,49.72
9015430,200557,P1003,351.18
9015431,211474,P1004,272.7
9015432,204068,P1002,124.09
9015433,210769,P1003,275.53
9015434,211193,P1001,71.51
9015435,207101,P1005,87.26
9015436,203117,P1004,138.54
9015437,200459,P1004,113.53
9015438,204831,P1005,275.96
9015439,204296,P1006,74.66
9015440,201871,P1005,117.62
9015441,211340,P1005,66.4
9015442,210678,P1006,120.18
9015443,200738,P1001,49.02
9015444,202718,P1006,85.39
9015445,210129,P1005,24.36
9015446,208344,P1004,274.24
9015447,201892,P1001,41.74
9015448,209101,P1001,52.09
9015449,208473,P1003,176.69
9015450,200929,P1003,87.91
9015451,205742,P1004,135.43
9015452,210421,P1005,95.28
9015453,206609,P1004,85.87
9015454,206035,P1004,18.62
9015455,201833,P1001,26.74
9015456,200394,P1001,90.48
9015457,205776,P1005,42.32
9015458,209585,P1005,27.19
9015459,210381,P1002,87.78
9015460,211231,P1002,46.5
9015461,209940,P1004,89.1
9015462,211167,P1003,135.39
9015463,204826,P1003,29.31
9015464,204551,P1004,59.39
9015465,210352,P1003,196.78
9015466,207286,P1006,101.28
9015467,204599,P1005,71.57
9015468,209472,P1003,29.41
9015469,204421,P1005,228.23
9015470,209976,P1001,237.44
9015471,204333,P1002,83.76
9015472,211273,P1005,40.29
9015473,206326,P1004,163.22
9015474,200652,P1006,42.17
9015475,204276,P1005,34.79
9015476,211646,P1001,30.08
9015477,200575,P1004,135.4
9015478,206429,P1002,85.57
9015479,205529,P1002,281.66
9015480,211534,P1006,50.15
9015481,209584,P1006,111.03
9015482,206499,P1001,142.66
9015483,203022,P1005,184.06
9015484,201770,P1003,303.32
9015485,210681,P1001,89.37
9015486,211878,P1002,89.32
9015487,208711,P1004,33.86
9015488,201691,P1004,86.89
9015489,204568,P1006,54.85
9015490,203366,P1005,105.18
9015491,209418,P1003,175.91
9015492,201213,P1001,143.5
9015493,203588,P1001,125.87
9015494,203018,P1006,170.63
9015495,205545,P1001,98.46
9015496,209948,P1005,153.75
9015497,202137,P1006,113.63
9015498,206350,P1003,192.41
9015499,201989,P1002,94.35
9015500,210015,P1005,283.94
9015501,206263,P1003,61.27
9015502,208701,P1005,36.69
9015503,207186,P1003,128.67
9015504,202296,P1001,201.95
9015505,210866,P1002,185.4
9015506,204054,P1005,18.64
9015507,201094,P1001,52.49
9015508,202183,P1004,45.74
9015509,201448,P1003,80.59
9015510,211709,P1006,85.11
9015511,200283,P1005,117.14
9015512,206365,P1005,22.87
9015513,202086,P1004,98.76
9015514,203080,P1002,34.05
9015515,210530,P1002,229.83
9015516,200134,P1004,29.52
9015517,201602,P1002,22.2
9015518,200055,P1003,99.95
9015519,209266,P1001,89.71
9015520,202395,P1001,121.98
9015521,208099,P1005,116.78
9015522,205453,P1002,165.88
9015523,204035,P1003,138.39
9015524,208714,P1004,20.35
9015525,205149,P1002,157.73
9015526,211407,P1006,95.43
9015527,202232,P1005,189.91
9015528,203166,P1001,134.82
9015529,201980,P1001,165.09
9015530,205754,P1002,33.21
9015531,206022,P1003,106.93
9015532,200113,P1001,133.87
9015533,211615,P1002,40.66
9015534,206537,P1005,50.45
9015535,202966,P1003,102.26
9015536,205838,P1002,218.14
9015537,204936,P1001,127.64
9015538,209628,P1002,40.25
9015539,208757,P1004,136.66
9015540,206448,P1002,25.32
9015541,209961,P1004,88.52
9015542,207892,P1001,148.3
9015543,210128,P1005,53.03
9015544,202941,P1003,50.72
9015545,202972,P1003,75.96
9015546,200893,P1005,80.51
9015547,208051,P1004,55.03
9015548,211423,P1002,276.74
9015549,201114,P1003,61.41
9015550,206095,P1006,63.25
9015551,206213,P1005,118.57
9015552,201458,P1004,77.94
9015553,202751,P1001,83.05
9015554,200098,P1006,64.43
9015555,204649,P1005,170.16
9015556,202711,P1002,99.25
9015557,204415,P1004,89.71
9015558,204749,P1002,12.34
9015559,203980,P1006,100.49
9015560,208648,P1003,33.08
9015561,210143,P1005,75.61
9015562,200485,P1006,5.97
9015563,201630,P1004,135.3
9015564,209575,P1003,82.51
9015565,202168,P1006,171.37
9015566,206662,P1001,105.15
9015567,210054,P1006,233.7
9015568,202836,P1002,19.53
9015569,209587,P1006,36.87
9015570,202905,P1004,177.88
9015571,211915,P1001,91.59
9015572,210765,P1002,77.21
9015573,209625,P1006,10.03
9015574,206281,P1003,343.8
9015575,204627,P1004,148.42
9015576,205682,P1006,304.36
9015577,200201,P1003,28.11
9015578,209584,P1006,11.32
9015579,200661,P1005,54.29
9015580,211592,P1001,203.57
9015581,204377,P1003,154.39
9015582,208895,P1005,50.94
9015583,201439,P1005,81.04
9015584,210761,P1001,54.33
9015585,201623,P1001,155.1
9015586,203566,P1006,88.58
9015587,204856,P1001,37.31
9015588,207569,P1005,50.23
9015589,205716,P1003,100.94
9015590,200468,P1006,8.89
9015591,207263,P1002,50.37
9015592,202484,P1003,36.04
9015593,210820,P1002,154.14
9015594,204511,P1002,69.22
9015595,202903,P1002,79.87
9015596,209126,P1002,51.74
9015597,210534,P1005,57.43
9015598,201802,P1004,22.74
9015599,201155,P1001,252.23
9015600,200785,P1005,103.82
9015601,205088,P1002,250.72
9015602,200222,P1005,96.22
9015603,210532,P1005,62.89
9015604,206976,P1004,24.76
9015605,209920,P1005,106.16
9015606,203969,P1005,37.45
9015607,209971,P1006,28.5
9015608,204925,P1001,251.76
9015609,202183,P1004,53.33
9015610,206521,P1003,40.96
9015611,202148,P1003,50.14
9015612,211819,P1006,18.63
9015613,206567,P1006,118.27
9015614,206052,P1004,110.92
9015615,204589,P1001,40.33
9015616,201649,P1004,62.03
9015617,209102,P1004,94.8
9015618,209981,P1004,45.09
9015619,208509,P1003,106.27
9015620,201442,P1002,22.58
9015621,209146,P1006,150.48
9015622,207404,P1006,53.21
9015623,208384,P1002,45.03
9015624,201225,P1003,108.53
9015625,206565,P1001,48.2
9015626,207477,P1002,69.97
9015627,204529,P1001,165.11
9015628,205570,,67.39
9015629,208685,P1005,92.23
9015630,203101,P1001,53.98
9015631,209481,P1001,31.42
9015632,200403,P1002,67.5
9015633,204679,P1006,14.57
9015634,200630,P1002,143.62
9015635,205153,P1003,163.32
9015636,204651,P1003,105.93
9015637,204225,P1002,125.99
9015638,206766,P1004,28.05
9015639,210191,P1001,56.1
9015640,206085,P1005,19.15
9015641,205866,P1006,105.91
9015642,205347,P1005,95.95
9015643,203305,P1006,18.08
9015644,204495,P1005,95.3
9015645,211282,P1005,78.5
9015646,210028,P1006,281.94
9015647,209732,P1001,71.55
9015648,202085,P1001,26.16
9015649,209591,P1001,146.19
9015650,202944,P1003,29.51
9015651,201123,P1004,89.22
9015652,204604,P1001,289.31
9015653,203172,P1003,112.56
9015654,201413,P1005,20.38
9015655,211550,P1006,30.63
9015656,200516,P1003,179.86
9015657,205692,P1003,144.04
9015658,205370,P1003,208.96
9015659,202728,P1002,241.65
9015660,206089,P1005,93.61
9015661,205130,P1003,97.4
9015662,203323,P1001,93.02
9015663,204886,P1003,46.01
9015664,202168,P1006,44.86
9015665,200785,P1006,238.53
9015666,205410,P1005,150.8
9015667,204074,P1002,141.97
9015668,204645,P1005,22.71
9015669,205384,P1006,170.63
9015670,210320,P1002,69.37
9015671,204361,P1001,57.69
9015672,202203,P1002,82.55
9015673,210698,P1002,13.85
9015674,201543,P1006,22.11
9015675,207434,P1004,123.16
9015676,206560,P1003,129.86
9015677,201829,P1004,108.9
9015678,206145,P1006,146.36
9015679,211200,P1001,234.4
9015680,206387,P1004,71.9
9015681,205858,P1003,114.98
9015682,200020,P1002,19.59
9015683,206938,P1001,91.67
9015684,211305,P1001,30.14
9015685,210956,P1002,26.01
9015686,205631,P1005,96.43
9015687,211082,P1006,152.07
9015688,209082,P1003,95.06
9015689,207149,P1001,147.13
9015690,206254,P1005,53.67
9015691,204709,P1004,61.1
9015692,204371,P1002,55.76
9015693,209599,P1006,80.28
9015694,203818,P1003,109.16
9015695,202981,P1005,110.05
9015696,210578,P1005,82.5
9015697,207131,P1005,37.75
9015698,203593,P1001,47.51
9015699,208659,P1004,85.81
9015700,210367,P1001,96.94
9015701,208116,P1002,54
9015702,205904,P1003,141.33
9015703,203351,P1005,44.59
9015704,210083,P1003,37.29
9015705,210830,P1006,81.5
9015706,211571,P1002,72.27
9015707,210575,P1003,51.4
9015708,201250,P1006,170.19
9015709,209901,P1005,60.51
9015710,210912,P1002,228.38
9015711,210299,P1006,30.67
9015712,209413,P1005,125.32
9015713,208009,P1001,138.46
9015714,200904,P1006,72.15
9015715,204100,P1005,90.45
9015716,211758,P1002,22.74
9015717,211527,P1001,86.26
9015718,202315,P1003,212.31
9015719,211546,P1003,123.81
9015720,210007,P1004,29.98
9015721,202850,P1006,115.07
9015722,208954,P1001,45.96
9015723,207402,P1001,333.72
9015724,202685,P1004,101.91
9015725,204294,P1006,166.54
9015726,206903,P1002,43.76
9015727,211649,P1005,294.54
9015728,201483,P1001,17.65
9015729,204210,P1002,181.81
9015730,202605,P1005,63.1
9015731,206760,P1006,40.24
9015732,206068,P1005,44.19
9015733,207658,P1004,32
9015734,205004,P1005,30.19
9015735,204762,P1001,15.31
9015736,207548,P1004,52.68
9015737,201900,P1002,115.31
9015738,206136,P1006,37.97
9015739,211383,P1005,47.33
9015740,206838,P1006,187.7
9015741,210998,P1003,115.92
9015742,206603,P1002,97.32
9015743,206562,P1001,137.38
9015744,207463,P1001,198.05
9015745,208141,P1006,66.39
9015746,201942,P1006,67.63
9015747,208576,P1005,36.42
9015748,200797,P1006,32.28
9015749,202442,P1002,86.29
9015750,208935,P1006,58.25
9015751,209582,P1004,80.39
9015752,211426,P1006,63.38
9015753,203610,P1004,30.32
9015754,210169,P1005,148.71
9015755,208724,P1002,78.36
9015756,208951,P1005,84.35
9015757,207473,P1006,94.87
9015758,202663,P1001,45.32
9015759,203663,P1001,153.2
9015760,207709,P1001,19.51
9015761,209324,P1005,62.64
9015762,200948,P1005,90.6
9015763,201126,P1004,37.91
9015764,207506,P1003,67.9
9015765,205294,P1006,34.14
9015766,208209,P1006,21.18
9015767,203509,P1003,139.69
9015768,203873,P1001,35.81
9015769,202677,P1003,29.33
9015770,204159,P1001,150.52
9015771,200993,P1001,239.8
9015772,211278,P1004,126.11
9015773,205406,P1006,66.74
9015774,201334,P1005,127.21
9015775,204499,P1001,10.06
9015776,206279,P1006,58.05
9015777,205660,P1001,8.14
9015778,203428,P1005,181.06
9015779,203186,P1001,94.75
9015780,202686,P1006,96.73
9015781,203184,P1003,235.77
9015782,209793,P1002,41.36
9015783,206740,P1006,101.68
9015784,205453,P1003,75.61
9015785,201931,P1004,56.56
9015786,208606,P1006,54.98
9015787,205195,P1002,127.64
9015788,209189,P1002,119.49
9015789,206208,P1005,95.96
9015790,211644,P1006,105.43
9015791,201791,P1001,194.48
9015792,200178,P1004,220.52
9015793,211460,P1005,58.42
9015794,209102,P1005,63.89
9015795,200891,P1005,157.21
9015796,200383,P1004,83.31
9015797,205727,P1002,27.54
9015798,209225,P1006,85.96
9015799,203881,P1003,127.57
9015800,205371,P1005,50.59
9015801,211657,P1004,16.01
9015802,210959,P1006,108.68
9015803,205729,P1003,51.38
9015804,208100,P1004,98.02
9015805,200147,P1004,11.2
9015806,202295,P1004,104.07
9015807,208020,P1006,51.67
9015808,202464,P1005,105.08
9015809,205977,P1003,53.31
9015810,209964,P1001,127.99
9015811,211010,P1002,98.84
9015812,201181,P1002,166.71
9015813,208095,P1005,78.63
9015814,201654,P1005,159.94
9015815,201772,P1003,184.63
9015816,200687,P1005,126.39
9015817,204424,P1003,104.47
9015818,205915,P1006,49.62
9015819,209179,P1004,14.13
9015820,207850,P1002,86.81
9015821,208588,P1005,46.23
9015822,206261,P1004,68.17
9015823,204779,P1005,86.79
9015824,209481,P1005,155.71
9015825,208219,P1003,91.19
9015826,207909,P1006,46.74
9015827,201896,P1006,88.56
9015828,200864,P1005,123.59
9015829,203523,P1002,59.31
9015830,209699,P1002,62.62
9015831,200965,P1006,20.53
9015832,200247,P1006,122.14
9015833,201706,P1002,109.83
9015834,207879,P1006,19.26
9015835,204583,P1002,281.02
9015836,200907,P1003,72.94
9015837,210802,P1001,66.08
9015838,211735,P1004,52.51
9015839,209951,P1003,80.89
9015840,201820,P1005,81.35
9015841,206222,P1002,98.81
9015842,210375,P1006,52.07
9015843,204110,P1003,123.11
9015844,204109,P1005,105.58
9015845,210827,P1006,184.3
9015846,200114,P1004,90.87
9015847,206480,P1005,65.04
9015848,204825,P1001,25.18
9015849,208491,P1004,75.19
9015850,210690,P1004,57.69
9015851,201442,P1004,135.3
9015852,203012,P1003,194.82
9015853,211233,P1002,260.11
9015854,208523,P1003,42.1
9015855,200405,P1002,180.11
9015856,201450,P1006,193.01
9015857,203958,P1003,51.36
9015858,204236,P1004,54.87
9015859,200094,P1003,104.03
9015860,207556,P1003,102.33
9015861,211896,P1004,356.02
9015862,206746,P1003,208.08
9015863,207294,P1004,36.38
9015864,203084,P1004,75.56
9015865,208502,P1004,52.18
9015866,201295,P1003,35.86
9015867,205405,P1005,108.9
9015868,203207,P1003,49.65
9015869,204657,P1005,38.76
9015870,201548,P1003,135.45
9015871,203433,P1003,301.33
9015872,204412,P1004,74.97
9015873,202216,P1002,69.22
9015874,208294,P1003,47.29
9015875,208240,P1004,100.3
9015876,205283,P1006,22.59
9015877,201273,P1005,36.39
9015878,201953,P1006,121.09
9015879,200723,P1006,109.59
9015880,208848,P1005,60.14
9015881,210316,P1005,9.91
9015882,206603,P1003,80.34
9015883,206035,P1002,30.26
9015884,210284,P1002,27.03
9015885,208380,P1006,84.54
9015886,200618,P1004,195.76
9015887,208448,P1005,75.3
9015888,205400,P1001,45.65
9015889,202861,P1001,111.57
9015890,205202,P1005,18.65
9015891,206405,P1005,133.39
9015892,208769,P1004,160.89
9015893,211258,P1001,161.39
9015894,211148,P1002,73.69
9015895,205635,P1002,123.47
9015896,205244,P1001,29.45
9015897,207219,P1006,39.37
9015898,211696,P1002,253.36
9015899,207319,P1005,51.24
9015900,207553,P1003,178.34
9015901,201123,P1006,29.41
9015902,204418,P1006,232.6
9015903,208988,P1001,51.26
9015904,201944,P1002,109.91
9015905,205152,P1002,170.46
9015906,202926,P1004,106.36
9015907,210895,P1004,21.83
9015908,209638,P1006,159.92
9015909,203216,P1001,67.53
9015910,205677,P1004,98.58
9015911,207723,P1006,99.35
9015912,200918,P1001,95.2
9015913,201421,P1002,205.19
9015914,208745,P1001,137.2
9015915,204931,P1004,193.35
9015916,208736,P1003,133.8
9015917,204907,P1002,71.05
9015918,210935,P1005,90.6
9015919,202833,P1003,71.48
9015920,210412,P1002,163.95
9015921,201730,P1001,78.66
9015922,204404,P1003,83.19
9015923,206154,P1004,67.46
9015924,202825,P1005,99.3
9015925,206180,P1003,100.32
9015926,203387,P1006,148.72
9015927,210310,P1002,7.97
9015928,203800,P1005,100.02
9015929,202201,P1006,219.15
9015930,210783,P1004,28.46
9015931,200914,P1003,22.23
9015932,210664,P1004,87.18
9015933,209045,P1002,125.9
9015934,204800,P1003,71.07
9015935,201587,P1002,62.12
9015936,202069,P1006,37.42
9015937,203168,P1006,120.07
9015938,205051,P1006,28.05
9015939,209796,P1002,76.21
9015940,210095,P1001,106.72
9015941,201542,P1001,73.26
9015942,201948,P1005,66.28
9015943,208775,P1003,79.63
9015944,203184,P1003,95.37
9015945,210055,P1002,41.78
9015946,209776,P1001,111.15
9015947,202765,P1004,37.58
9015948,208395,P1005,49.98
9015949,205622,P1005,92.35
9015950,206366,P1002,58.34
9015951,206967,P1001,216.59
9015952,208090,P1001,109.96
9015953,207128,P1001,77.1
9015954,207406,P1004,273.08
9015955,202803,P1006,77.67
9015956,206371,P1006,46.17
9015957,206759,P1001,194.59
9015958,205607,P1004,98.63
9015959,202570,P1006,60.8
9015960,206826,P1004,113.92
9015961,201850,P1004,63.27
9015962,211278,,70.68
9015963,202781,P1002,340.64
9015964,209091,P1006,193.31
9015965,205831,P1006,188.72
9015966,207879,P1005,252.11
9015967,210989,P1004,99.17
9015968,209120,P1005,108.03
9015969,201972,P1001,61.52
9015970,210072,P1005,148.14
9015971,210712,P1001,51.81
9015972,208508,P1001,49.05
9015973,209367,P1005,43.28
9015974,208098,P1006,46.15
9015975,208728,P1001,285.41
9015976,210236,P1005,65.42
9015977,202833,P1006,98.66
9015978,204477,P1001,150.5
9015979,205204,P1003,33.72
9015980,203111,P1001,36.05
9015981,204699,P1002,64.49
9015982,201061,P1001,209.36
9015983,201803,P1005,35.33
9015984,208599,P1004,84.54
9015985,202369,P1001,278.31
9015986,203555,P1006,62.36
9015987,204341,P1005,119.05
9015988,207154,P1001,106.3
9015989,204098,P1003,37.87
9015990,206152,P1001,27.41
9015991,207099,P1006,33.62
9015992,202642,P1006,265.46
9015993,201559,P1002,73.66
9015994,209924,P1004,54.25
9015995,206619,P1001,221.82
9015996,201478,P1001,59.77
9015997,200604,P1005,207.68
9015998,201716,P1005,37.36
9015999,202810,P1006,41.35
9016000,206278,P1006,356.84
9016001,207796,P1005,107.08
9016002,204312,P1003,109.46
9016003,206623,P1003,142.81
9016004,200545,P1005,289.66
9016005,203641,P1002,127.99
9016006,200345,P1004,164.42
9016007,201143,P1005,99.97
9016008,202481,P1005,87.15
9016009,205313,P1005,97.8
9016010,206496,P1004,271.03
9016011,210312,P1004,163.55
9016012,209866,P1002,69.05
9016013,209131,P1002,32.57
9016014,202521,P1003,43.15
9016015,207624,P1004,282.67
9016016,206851,P1001,52.09
9016017,204335,P1001,151.9
9016018,206381,P1006,111.4
9016019,210513,P1003,139.61
9016020,210152,P1003,103.61
9016021,209515,P1005,144.36
9016022,209849,P1004,78.64
9016023,200971,P1006,47.59
9016024,201473,P1004,15.3
9016025,204800,P1003,83.52
9016026,211063,P1006,325.77
9016027,207807,P1001,75.23
9016028,201239,P1006,44.65
9016029,211056,P1002,150.47
9016030,211622,P1004,56.78
9016031,210787,P1003,132.29
9016032,210182,P1001,78.6
9016033,204822,P1003,70.55
9016034,209908,P1004,119.5
9016035,209579,P1001,47.54
9016036,207932,P1005,55.18
9016037,200218,P1001,47.01
9016038,205274,P1004,71.38
9016039,205057,P1004,23.12
9016040,208482,P1001,101.8
9016041,200063,P1005,39.05
9016042,209632,P1001,40.47
9016043,204926,P1005,197.68
9016044,200238,P1004,121.71
9016045,211598,P1001,63.24
9016046,202378,P1003,41.38
9016047,203731,P1003,52.08
9016048,203546,P1001,46.66
9016049,202372,P1006,61.16
9016050,201090,P1004,98.77
9016051,210197,P1006,114.4
9016052,210701,P1003,40.44
9016053,205538,P1002,114.12
9016054,202864,P1006,13.79
9016055,204907,P1001,16.69
9016056,207189,P1003,263.17
9016057,207435,P1003,135.44
9016058,207163,P1004,231.85
9016059,203117,P1005,16.85
9016060,208331,P1005,18.9
9016061,202420,P1006,119.14
9016062,201760,P1002,74.21
9016063,207925,P1002,101.03
9016064,208726,P1002,55.81
9016065,209094,P1006,108.06
9016066,202910,P1003,46.84
9016067,209843,P1001,137.4
9016068,204518,P1003,22.83
9016069,206112,P1002,161.94
9016070,209060,P1003,34.84
9016071,202035,P1003,37.74
9016072,206934,P1005,86.54
9016073,207317,P1003,197.41
9016074,206931,P1006,79.99
9016075,200092,P1003,67.6
9016076,203397,P1004,89.58
9016077,201161,P1001,145.04
9016078,201081,P1005,64.92
9016079,206232,P1006,58
9016080,210695,P1002,135.31
9016081,200883,P1001,235.44
9016082,202404,P1004,98.68
9016083,206466,P1004,138.81
9016084,205585,P1002,50.93
9016085,209928,P1006,29.86
9016086,206682,P1002,39.64
9016087,205988,P1006,33.47
9016088,210547,P1006,63.48
9016089,202643,P1005,72.19
9016090,203414,P1001,54.72
9016091,202124,P1003,52.5
9016092,210218,P1002,49.9
9016093,200518,P1003,66.54
9016094,208120,P1005,78.75
9016095,200371,P1004,100.01
9016096,202843,P1006,134.27
9016097,209821,P1005,52.69
9016098,202794,P1006,71.38
9016099,202798,P1005,29.86
9016100,208524,P1006,60.89
9016101,200886,P1006,166.43
9016102,204081,P1006,87.62
9016103,209703,P1001,42.18
9016104,208567,P1002,31.62
9016105,211832,P1005,38.31
9016106,207256,P1006,74.04
9016107,201923,P1003,113.66
9016108,203970,P1004,302.84
9016109,201789,P1005,48.49
9016110,205359,P1005,63.25
9016111,208309,P1001,157.73
9016112,204074,P1003,52.16
9016113,210798,P1001,51.64
9016114,202588,P1005,47.58
9016115,201962,P1004,18.29
9016116,204656,P1001,32.57
9016117,208341,P1003,144
9016118,202883,P1003,218.07
9016119,207129,P1004,65.88
9016120,202659,P1003,77.01
9016121,203089,P1006,49.89
9016122,208977,P1001,226.4
9016123,211683,P1001,213
9016124,206406,P1001,40.35
9016125,208746,P1005,14.28
9016126,201025,P1002,78.36
9016127,204398,P1003,128.99
9016128,200700,P1004,39.34
9016129,208904,P1004,112.03
9016130,209429,P1003,65.25
9016131,209437,P1004,35.83
9016132,206803,P1004,315.77
9016133,206895,P1001,101.86
9016134,209667,P1001,83.26
9016135,204828,P1001,124.47
9016136,202813,P1002,56.12
9016137,200344,P1005,87.03
9016138,207989,P1001,49.04
9016139,204724,P1001,3.71
9016140,207319,P1004,84.63
9016141,203175,P1005,103.97
9016142,201034,P1005,165.54
9016143,206803,P1004,73.11
9016144,207459,P1004,59.76
9016145,206230,P1002,47.13
9016146,210155,P1003,131.19
9016147,211139,P1004,103.94
9016148,205526,P1006,31.55
9016149,211959,P1005,93.53
9016150,207256,P1001,27.62
9016151,204377,P1002,54.07
9016152,204429,P1005,39.61
9016153,209580,P1003,144.73
9016154,207673,P1004,39.32
9016155,208776,P1002,139.79
9016156,209405,P1001,98.87
9016157,200537,P1002,104.43
9016158,206487,P1006,101.81
9016159,200255,P1004,87.14
9016160,208619,P1005,49.02
9016161,200237,P1002,99.65
9016162,206473,P1005,31.09
9016163,201942,P1001,125.11
9016164,209878,P1003,87.09
9016165,205240,P1003,154.68
9016166,202160,P1006,22.07
9016167,205191,P1003,116.91
9016168,207230,P1006,124.31
9016169,205059,P1005,75.78
9016170,211505,P1005,67.3
9016171,201665,P1003,258.04
9016172,202898,P1005,95.87
9016173,208830,P1001,176.37
9016174,201804,P1003,24.04
9016175,200684,P1004,136.67
9016176,200677,P1004,33.95
9016177,203691,P1003,83.74
9016178,202328,P1002,76.03
9016179,200207,P1006,75.73
9016180,207836,P1006,223.28
9016181,202573,P1005,34.74
9016182,209497,P1001,179.5
9016183,202119,P1001,177.5
9016184,210977,P1006,119.9
9016185,206046,P1001,82.12
9016186,201811,P1004,135.81
9016187,206064,P1006,73.36
9016188,209082,P1002,15.57
9016189,206534,P1002,152.64
9016190,210919,P1002,107.69
9016191,205270,P1004,71.74
9016192,211886,P1005,176.92
9016193,200310,P1006,77.83
9016194,210829,P1005,89.76
9016195,204083,P1002,137.27
9016196,208653,P1004,60.22
9016197,210005,P1002,347.99
9016198,201834,P1003,114.52
9016199,200935,P1006,33.67
9016200,202886,P1005,180.52
9016201,202440,P1001,50.22
9016202,209265,P1004,43.09
9016203,211305,P1001,17.25
9016204,206106,P1001,388.45
9016205,204358,P1005,187.55
9016206,211768,P1001,59.62
9016207,204374,P1004,95.74
9016208,202436,P1004,74.01
9016209,211470,P1002,156.06
9016210,204134,P1006,26.51
9016211,203549,P1001,19.44
9016212,211229,P1006,23.9
9016213,206513,P1001,59.4
9016214,201889,P1001,75.18
9016215,209219,P1002,24.75
9016216,210393,P1006,11.63
9016217,208465,P1001,59.18
9016218,209929,P1004,59.77
9016219,206694,P1005,95.55
9016220,209266,P1003,36.16
9016221,210483,P1005,151.08
9016222,201891,P1005,48.55
9016223,206243,P1002,32.38
9016224,201317,P1001,163.99
9016225,202095,P1001,84.34
9016226,205697,P1006,125.02
9016227,205831,P1004,113.92
9016228,203043,P1005,306.15
9016229,207120,P1005,121.49
9016230,203103,P1005,57.78
9016231,211254,P1004,70.21
9016232,202481,P1003,278.5
9016233,201260,P1006,72.31
9016234,201962,P1003,69.44
9016235,205940,P1001,113.7
9016236,211565,P1001,15.92
9016237,204977,P1003,51.49
9016238,206556,P1002,58
9016239,204888,P1005,57.48
9016240,204229,P1005,150.33
9016241,200314,P1005,111.95
9016242,211071,P1003,25.66
9016243,207521,P1004,294.7
9016244,202025,P1005,68.79
9016245,208700,P1004,30.7
9016246,202636,P1006,28.99
9016247,210649,P1005,38.29
9016248,200548,P1002,171.31
9016249,204537,P1003,77.99
9016250,210472,P1002,108.18
9016251,201465,P1003,188.91
9016252,204999,P1003,140.74
9016253,202832,P1004,92.36
9016254,210200,P1006,26.24
9016255,208631,P1002,70.93
9016256,206923,P1003,81.7
9016257,204910,P1005,68.95
9016258,204000,P1005,78.62
9016259,207134,P1004,159.92
9016260,202327,P1004,26.76
9016261,206691,P1001,55.91
9016262,200929,P1005,99.5
9016263,211954,P1006,53.51
9016264,210876,P1001,39.01
9016265,207142,P1005,35.98
9016266,205330,P1001,143.94
9016267,208696,P1006,113.66
9016268,203222,P1001,21.32
9016269,210205,P1006,31.69
9016270,208489,P1004,49.34
9016271,200665,P1003,41.87
9016272,200478,P1005,37.54
9016273,204977,P1002,143.14
9016274,207687,P1005,48.41
9016275,201172,P1003,54.38
9016276,200184,P1002,61.55
9016277,207767,P1006,43.84
9016278,201299,P1006,100.02
9016279,205852,P1001,393.99
9016280,203266,P1006,108.55
9016281,207347,P1001,26.01
9016282,209075,P1001,248.5
9016283,203884,P1005,209.83
9016284,207021,P1003,72.66
9016285,209763,P1003,146.04
9016286,209826,P1004,39.38
9016287,211583,P1006,77.69
9016288,211618,P1001,48.89
9016289,207733,P1006,127.88
9016290,207658,P1003,48.76
9016291,203670,P1001,267.98
9016292,205812,P1002,68.32
9016293,206158,P1004,33.71
9016294,207528,P1004,120.07
9016295,203892,P1002,48.85
9016296,200322,P1001,156.15
9016297,201404,P1002,224.02
9016298,201706,P1004,125.3
9016299,202274,P1006,20.99
9016300,209700,P1006,146.02
9016301,200237,P1003,131.22
9016302,205093,P1002,158.81
9016303,207242,P1002,30.28
9016304,206563,P1002,78.89
9016305,211746,P1002,114.53
9016306,209837,P1005,125.01
9016307,207884,P1005,13.29
9016308,201438,P1005,38.93
9016309,210578,P1003,103.97
9016310,202741,P1004,11.6
9016311,208619,P1004,33.78
9016312,203966,P1005,20.67
9016313,205661,P1006,20.85
9016314,209086,P1004,137.02
9016315,211465,P1006,127.09
9016316,210971,P1001,3.81
9016317,209154,P1004,68.71
9016318,202325,P1003,64.8
9016319,201136,P1003,142.42
9016320,211768,P1004,49.8
9016321,209237,P1004,87.86
9016322,205803,P1002,34.04
9016323,201753,P1006,145.52
9016324,201554,P1001,63.56
9016325,211136,P1003,42.47
9016326,204120,P1003,115.36
9016327,207935,P1006,88.62
9016328,202412,P1001,17.61
9016329,211259,P1003,239.75
9016330,205280,P1006,94.04
9016331,200272,P1001,76.61
9016332,202135,P1004,95.59
9016333,200901,P1003,18
9016334,204984,P1002,40.26
9016335,210286,P1005,71.95
9016336,205252,P1002,343.49
9016337,208498,P1002,46.83
9016338,202417,P1002,39.54
9016339,205134,P1003,153.59
9016340,202760,P1004,63.67
9016341,207875,P1001,77.66
9016342,206840,P1006,114.74
9016343,206087,P1006,94.95
9016344,209968,P1002,188.84
9016345,204258,P1002,115.63
9016346,209010,P1002,45.63
9016347,201342,P1005,99.13
9016348,211702,P1006,220.43
9016349,209251,P1003,146.27
9016350,203943,P1004,45.1
9016351,204442,P1005,41.61
9016352,208109,P1004,44.45
9016353,203110,P1005,42.53
9016354,209074,P1005,40.24
9016355,209237,P1001,120.16
9016356,203117,P1004,293.16
9016357,200377,P1006,54.39
9016358,205662,P1004,139.27
9016359,205548,P1006,16.98
9016360,204563,P1004,30.9
9016361,203711,P1005,156.39
9016362,200173,P1004,40.81
9016363,207651,P1004,102.13
9016364,203070,P1002,49.03
9016365,210255,P1004,49.63
9016366,207611,P1005,164.66
9016367,209209,P1004,43.95
9016368,204252,P1006,126.46
9016369,202610,P1006,32.48
9016370,203930,P1004,102.79
9016371,200373,P1004,30.55
9016372,200995,P1005,211.49
9016373,211872,P1003,54.19
9016374,204156,P1001,166.85
9016375,203979,P1004,171.37
9016376,200281,P1004,26.49
9016377,203004,P1001,64.94
9016378,203602,P1004,158.54
9016379,210717,P1002,183.17
9016380,208308,P1003,59.93
9016381,205647,P1002,220.77
9016382,207640,P1001,28.59
9016383,210070,P1003,67.24
9016384,210188,P1004,108.96
9016385,204534,P1003,49.76
9016386,205239,P1001,89.91
9016387,201159,P1003,237.65
9016388,204747,P1005,41.7
9016389,207436,P1005,32.19
9016390,206538,P1002,13.16
9016391,204533,P1004,56.82
9016392,201210,P1005,288.93
9016393,210378,P1001,23.6
9016394,200517,P1006,72.07
9016395,206850,P1006,62.99
9016396,204717,P1004,131.74
9016397,206261,P1006,46.69
9016398,205410,P1002,32.89
9016399,209675,P1004,207.21
9016400,207248,P1003,53.91
9016401,204020,P1002,58.81
9016402,202252,P1005,95.9
9016403,204650,P1002,60.99
9016404,205159,P1004,23.94
9016405,203505,P1004,111.94
9016406,203023,P1003,164.85
9016407,203296,P1004,201.33
9016408,209400,P1004,48.89
9016409,206496,P1001,66.93
9016410,203907,P1005,171.53
9016411,207302,P1006,49.11
9016412,207683,P1005,132.63
9016413,204508,P1002,121.21
9016414,209068,P1006,27.37
9016415,210346,P1006,139.96
9016416,203399,P1006,75.25
9016417,205296,P1005,55.69
9016418,201646,P1001,116.21
9016419,206306,P1004,165.94
9016420,201951,P1001,16.85
9016421,210388,P1003,73.75
9016422,211344,P1001,100.47
9016423,204193,P1005,95.95
9016424,201930,P1006,79.94
9016425,208895,P1006,105.34
9016426,210618,P1002,190.82
9016427,203901,P1004,197.12
9016428,205507,P1002,35.63
9016429,204459,P1005,30.24
9016430,208899,P1005,83.87
9016431,209249,P1006,67.89
9016432,210858,P1004,130.07
9016433,202892,P1001,29.59
9016434,209598,P1004,30.19
9016435,208699,P1006,146.62
9016436,203397,P1005,38.5
9016437,207097,P1002,106.4
9016438,206254,P1001,168.71
9016439,207648,P1001,26.5
9016440,209117,P1006,100.55
9016441,207406,P1005,34.12
9016442,202015,P1001,171.56
9016443,200524,P1003,59.24
9016444,207773,P1006,56.18
9016445,209915,P1005,35.22
9016446,202355,P1005,37.05
9016447,201877,P1005,149.54
9016448,200445,P1004,16.19
9016449,205610,P1001,149.64
9016450,210125,P1003,60.07
9016451,202049,P1002,281.5
9016452,200043,P1003,204.12
9016453,210982,P1006,143.46
9016454,211089,P1006,244.03
9016455,202120,P1001,89.63
9016456,203191,P1004,199.82
9016457,203593,P1001,19.86
9016458,202812,P1006,53.75
9016459,202000,P1006,152.37
9016460,210209,P1001,73.7
9016461,208024,P1006,27.67
9016462,202972,P1002,69.54
9016463,201600,P1002,57.59
9016464,204997,P1006,68.76
9016465,204709,P1004,42.53
9016466,205493,P1001,103.22
9016467,208524,P1001,67.88
9016468,202810,P1001,149.32
9016469,204872,P1005,57.04
9016470,205099,P1005,117.18
9016471,203834,P1001,33.23
9016472,203776,P1003,45.46
9016473,210089,P1006,83.13
9016474,208699,P1003,43.59
9016475,203241,P1001,90.85
9016476,204001,P1001,271.53
9016477,203958,P1004,85.13
9016478,209189,P1005,117
9016479,204498,P1005,44.49
9016480,207148,P1004,88.38
9016481,205774,P1002,60.83
9016482,201091,P1002,144.95
9016483,201762,P1005,55.29
9016484,201729,P1001,73.38
9016485,211559,P1002,52.08
9016486,204202,P1006,79.41
9016487,200294,P1006,21.12
9016488,202063,P1002,25.78
9016489,201852,P1006,142.35
9016490,208300,P1004,109.64
9016491,201721,P1004,103.01
9016492,206877,P1005,6.73
9016493,211712,P1004,131.56
9016494,205654,P1004,80.12
9016495,200737,P1006,215.39
9016496,205256,P1005,141.13
9016497,208523,P1001,26.79
9016498,211055,P1001,49.8
9016499,210934,P1006,159.43
9016500,209856,P1002,66.41
9016501,209437,P1001,23.88
9016502,204555,P1002,86.26
9016503,208497,P1005,31.79
9016504,209117,P1002,34.13
9016505,203422,P1002,141.05
9016506,209284,P1001,46.47
9016507,207566,P1001,50.46
9016508,210715,P1002,83.18
9016509,203815,P1003,84
9016510,208021,P1002,38.5
9016511,208288,P1001,236.94
9016512,211281,P1002,142.84
9016513,207181,P1004,26.2
9016514,211086,P1003,17.72
9016515,202249,P1006,45.09
9016516,200307,P1005,129.91
9016517,208330,P1004,53.44
9016518,211899,P1003,141.13
9016519,209794,P1006,140.23
9016520,203453,P1005,213.76
9016521,201977,P1005,33.25
9016522,207512,P1006,46.15
9016523,202672,P1001,19.6
9016524,209806,P1002,13.36
9016525,206714,P1001,42.75
9016526,210799,P1006,199.07
9016527,208349,P1003,194.89
9016528,202257,P1003,173.14
9016529,200924,P1003,22.15
9016530,200819,P1006,48.55
9016531,204879,P1001,63.57
9016532,200825,P1002,69.22
9016533,206738,P1004,256.23
9016534,200316,P1006,135.09
9016535,211284,P1003,64.72
9016536,208602,P1002,23.94
9016537,201675,P1006,173.51
9016538,203922,P1004,154.19
9016539,202175,P1005,77.8
9016540,206163,P1002,195.84
9016541,209872,P1002,85.38
9016542,203953,P1004,103.97
9016543,204735,P1003,64.46
9016544,201168,P1003,204.16
9016545,202776,P1006,44.49
9016546,207716,P1006,79.28
9016547,203532,P1003,66.12
9016548,201833,P1003,196.88
9016549,200747,P1006,162.47
9016550,200347,P1001,177.75
9016551,211312,P1004,72.36
9016552,206288,P1004,203.19
9016553,209973,P1001,56.01
9016554,211500,P1001,17.1
9016555,205161,P1002,118.95
9016556,208302,P1001,59.41
9016557,204944,P1001,14.38
9016558,203048,P1005,298.5
9016559,204962,P1004,92.7
9016560,207745,P1004,179.02
9016561,208360,P1004,147.58
9016562,201175,P1002,71.35
9016563,211844,P1002,17.73
9016564,209751,P1004,125.94
9016565,204455,P1005,172.74
9016566,206352,P1005,35.12
9016567,211814,P1003,105.18
9016568,207504,P1003,105.54
9016569,204993,P1003,73.35
9016570,210058,P1003,45.34
9016571,209444,P1006,91.63
9016572,211565,P1005,48.76
9016573,211760,P1006,32.13
9016574,209175,P1002,78.38
9016575,200228,P1003,59.9
9016576,202528,P1004,129.18
9016577,205623,P1005,275.06
9016578,208809,P1004,208.54
9016579,206437,P1004,105.46
9016580,205193,P1006,80.65
9016581,205080,P1005,34.35
9016582,207166,P1003,58.68
9016583,205260,P1001,130.89
9016584,204468,P1001,103.87
9016585,209927,P1004,131.32
9016586,210741,P1006,224.79
9016587,207815,P1002,40.13
9016588,201437,P1002,226.76
9016589,207892,P1006,76.04
9016590,211115,P1002,51.35
9016591,200209,P1004,5.6
9016592,201389,P1004,71.1
9016593,204445,P1005,56.32
9016594,200288,P1002,47.27
9016595,206821,P1005,158.8
9016596,206677,P1003,72.24
9016597,211107,P1003,112.77
9016598,208629,P1002,224.54
9016599,205160,P1002,72.19
9016600,205169,P1001,197.26
9016601,202306,P1005,33.01
9016602,202749,P1003,48.58
9016603,209247,P1003,123.44
9016604,208436,P1005,136.8
9016605,209300,P1006,71.29
9016606,206081,P1003,72.53
9016607,204854,P1004,29.11
9016608,205737,P1005,43.09
9016609,207616,P1002,66.68
9016610,206804,P1002,57.02
9016611,210176,P1004,41.97
9016612,202854,P1005,92.6
9016613,205423,P1006,111.53
9016614,202048,P1002,227.6
9016615,207581,P1001,87.1
9016616,207428,P1004,19.15
9016617,211081,P1002,193.83
9016618,205513,P1001,26.61
9016619,205968,P1003,136.79
9016620,206144,P1001,14.1
9016621,203319,P1002,140.65
9016622,204717,P1006,117.09
9016623,206589,P1003,38.2
9016624,203503,P1001,91.32
9016625,209549,P1003,121.62
9016626,206615,P1006,335.89
9016627,201653,P1001,132.12
9016628,205455,P1006,26.99
9016629,210724,P1001,112.54
9016630,207228,P1003,59.55
9016631,206080,P1001,47.1
9016632,209392,P1003,104.54
9016633,205101,P1001,51.71
9016634,207421,P1003,50.51
9016635,207146,P1005,139
9016636,210044,P1003,241.27
9016637,205310,P1006,105.67
9016638,206182,P1006,113.09
9016639,205617,P1003,61.79
9016640,208801,P1006,305.64
9016641,210395,P1006,193.73
9016642,205518,P1003,80.77
9016643,201462,P1003,89.9
9016644,208141,P1006,15.03
9016645,211742,P1001,65.76
9016646,206127,P1006,117.34
9016647,204074,P1002,70.41
9016648,200141,P1001,110.08
9016649,200491,P1001,201.55
9016650,211828,P1005,49.32
9016651,208853,P1006,47.13
9016652,209259,P1006,88.17
9016653,207433,P1002,64.6
9016654,200763,P1006,82.73
9016655,200570,P1001,104.05
9016656,201345,P1001,79.41
9016657,209948,P1006,64.35
9016658,211221,P1005,197.5
9016659,209685,P1006,99.89
9016660,204542,P1002,126.58
9016661,205569,P1001,43.99
9016662,208247,P1005,81.64
9016663,206035,P1006,58.13
9016664,204264,P1002,157.66
9016665,205390,P1006,51.61
9016666,208993,P1005,93.47
9016667,209688,P1003,65.51
9016668,202987,P1004,296.95
9016669,202273,,124.75
9016670,206807,P1005,221.3
9016671,210448,P1006,62.43
9016672,210028,P1001,23.58
9016673,201827,P1005,248.82
9016674,200325,P1002,48.63
9016675,209163,P1003,165.21
9016676,201873,P1001,46.8
9016677,211506,P1001,179.55
9016678,205482,P1002,49.43
9016679,207893,P1003,39.49
9016680,210247,P1006,119.08
9016681,208429,P1004,101.78
9016682,200770,P1003,59.54
9016683,209785,P1004,67.69
9016684,211168,P1006,111.7
9016685,201552,P1001,81.86
9016686,203148,P1006,64.36
9016687,203562,P1005,20.14
9016688,202021,P1005,105.96
9016689,211721,P1003,174.76
9016690,200332,P1004,48.56
9016691,207706,P1004,37.72
9016692,210430,P1006,90.25
9016693,210225,P1006,90.94
9016694,208338,P1003,93.41
9016695,204967,P1001,143.18
9016696,210111,P1001,40.13
9016697,207106,P1004,91.98
9016698,202237,P1005,85.53
9016699,202115,P1002,149.09
9016700,206001,P1006,56.22
9016701,209763,P1005,55.59
9016702,201021,P1003,69.85
9016703,203822,P1005,69.7
9016704,201330,P1006,55.92
9016705,202644,P1001,7.5
9016706,206255,P1005,55.83
9016707,203246,P1004,101.39
9016708,208187,P1003,118.36
9016709,207376,P1004,49.52
9016710,203969,P1004,47.96
9016711,201661,P1001,47.26
9016712,201124,P1006,77.36
9016713,206632,P1004,204.4
9016714,209895,P1003,189.07
9016715,202091,P1003,157.86
9016716,211729,P1002,83.8
9016717,209076,P1004,150.55
9016718,200170,P1005,25.52
9016719,207665,P1003,33.87
9016720,204429,P1006,84.1
9016721,206262,P1005,13.84
9016722,207645,P1001,71.42
9016723,208096,P1001,71.75
9016724,211869,P1003,159.33
9016725,205942,P1004,165.4
9016726,206270,P1005,57.07
9016727,204083,P1004,96.51
9016728,206815,P1003,71.59
9016729,206033,P1003,106.64
9016730,201660,P1005,54.7
9016731,200532,P1005,98.56
9016732,206764,P1005,66.05
9016733,211657,P1001,185.12
9016734,201311,P1002,35.8
9016735,210134,P1005,96.49
9016736,211842,P1001,229.23
9016737,205686,P1003,98.63
9016738,211463,P1006,100.6
9016739,210458,P1004,50.59
9016740,201564,P1003,53.68
9016741,202807,P1004,61.29
9016742,201149,P1003,67.42
9016743,202196,P1002,114.25
9016744,211612,P1003,20.33
9016745,202855,P1005,11.31
9016746,202814,P1002,44.06
9016747,211351,P1002,87.39
9016748,202570,,12.89
9016749,204003,P1005,151.57
9016750,207845,P1001,28.62
9016751,203945,P1002,7.73
9016752,209332,P1006,24.47
9016753,201825,P1001,61.65
9016754,210201,P1001,93.29
9016755,210086,P1004,178.75
9016756,209292,P1005,61.77
9016757,202965,P1002,59.74
9016758,211046,P1006,36.06
9016759,203263,P1003,248.42
9016760,203173,P1002,40.91
9016761,206082,P1001,15.65
9016762,206033,P1004,27.72
9016763,205110,P1004,193.86
9016764,210669,P1003,224.99
9016765,206157,P1001,186.73
9016766,211265,P1004,73.61
9016767,211291,P1006,68
9016768,210437,P1001,32.41
9016769,204939,P1001,8.47
9016770,202851,P1006,98.63
9016771,201330,P1003,74.96
9016772,211067,P1004,73.57
9016773,202944,P1006,20.73
9016774,200224,P1006,34.77
9016775,205879,P1003,99.04
9016776,200440,P1004,80.1
9016777,203083,P1004,59.74
9016778,200329,P1003,65.06
9016779,211383,P1001,107.92
9016780,204218,P1006,42.6
9016781,210114,P1006,202.05
9016782,200602,P1005,86.22
9016783,201250,P1002,96.23
9016784,201597,P1003,460.88
9016785,207696,P1006,19.69
9016786,209508,P1004,282.1
9016787,200779,P1003,106.69
9016788,204932,P1003,20.88
9016789,205798,P1002,27.12
9016790,202769,P1005,80.05
9016791,211087,P1004,73.67
9016792,211162,P1004,35.52
9016793,208495,P1005,67.2
9016794,209903,P1004,82.38
9016795,210867,P1006,32.52
9016796,201043,P1002,64.19
9016797,205683,P1006,64.18
9016798,207263,P1002,62.05
9016799,202825,P1004,30.44
9016800,208314,P1003,72.67
9016801,200290,P1001,126.11
9016802,210213,P1004,198.1
9016803,201567,P1002,99.72
9016804,211572,P1001,57.9
9016805,210063,P1004,41.78
9016806,203621,P1001,25.11
9016807,200891,P1002,149.6
9016808,204177,P1005,111.16
9016809,207513,P1003,121.09
9016810,211411,P1003,37.2
9016811,202528,P1006,54.9
9016812,203231,P1006,58.16
9016813,202430,P1005,85.79
9016814,210097,P1004,77.09
9016815,200451,P1002,99.44
9016816,209466,P1005,76.16
9016817,208873,P1004,177.43
9016818,205820,P1003,47.06
9016819,207364,P1006,228.03
9016820,210774,P1001,112.15
9016821,211227,P1003,52.82
9016822,207389,P1001,67.16
9016823,208113,P1006,103.34
9016824,205160,P1003,183.85
9016825,207623,P1005,33.98
9016826,208745,P1004,100.98
9016827,204798,P1001,120.01
9016828,201285,P1006,214.13
9016829,210902,P1006,88.54
9016830,206670,P1002,70.48
9016831,203537,P1005,19.93
9016832,201697,P1001,79.47
9016833,205164,P1006,55.71
9016834,202187,P1004,110.93
9016835,207495,P1005,51.15
9016836,210946,P1006,46.52
9016837,203516,P1006,60.53
9016838,202894,P1003,99.7
9016839,202173,P1001,203.56
9016840,203356,P1002,33.83
9016841,207100,P1005,146.62
9016842,209503,P1005,74.41
9016843,205859,P1003,1.5
9016844,211618,P1005,157.09
9016845,206585,P1006,95.24
9016846,211087,P1002,192.01
9016847,207065,P1004,74.87
9016848,210725,P1003,57.38
9016849,203552,P1006,66.48
9016850,201566,P1003,68.44
9016851,203173,P1006,155.03
9016852,205253,P1005,44.79
9016853,205852,P1001,247.09
9016854,211872,P1003,122.28
9016855,206146,P1002,208.82
9016856,207509,P1006,67.18
9016857,200671,P1001,49.62
9016858,205956,P1002,37.77
9016859,201168,P1004,88.16
9016860,206183,P1006,45.09
9016861,208309,P1001,46.57
9016862,211724,P1004,173.13
9016863,204556,P1003,9.93
9016864,206265,P1004,111.03
9016865,200034,P1002,43.35
9016866,211371,P1005,65.32
9016867,210012,P1005,81.39
9016868,202547,P1001,74.15
9016869,203306,P1006,189.49
9016870,206220,P1004,82.09
9016871,204811,P1006,92.99
9016872,200762,P1005,307.33
9016873,208532,P1006,186.02
9016874,208889,P1006,9.7
9016875,211705,P1003,111.73
9016876,204369,P1005,106.42
9016877,208332,P1005,314.98
9016878,206359,P1006,197.91
9016879,202196,P1006,120.11
9016880,202723,P1004,134.33
9016881,204602,P1005,119.49
9016882,201559,P1001,61.39
9016883,202526,P1006,112.74
9016884,211558,P1004,156.29
9016885,207076,P1005,27.29
9016886,211186,P1001,318.47
9016887,201742,P1004,74.9
9016888,201045,P1003,67.24
9016889,205167,P1003,277.28
9016890,200720,P1005,42.13
9016891,210795,P1004,50.97
9016892,205217,P1001,44.12
9016893,202566,P1003,36.01
9016894,209962,P1006,55.48
9016895,203975,P1005,151.97
9016896,211006,P1004,66.41
9016897,201154,P1006,72.44
9016898,209010,P1003,148.38
9016899,202654,P1002,36.72
9016900,211499,P1003,104.49
9016901,204587,P1005,70.71
9016902,210379,P1004,99.9
9016903,211372,P1003,74.13
9016904,206215,P1006,345.53
9016905,208761,P1004,174.13
9016906,211863,P1005,135.79
9016907,210863,P1005,210.74
9016908,202905,P1003,80.8
9016909,208834,P1005,88.06
9016910,210602,P1004,206.37
9016911,203546,P1001,47.26
9016912,205100,P1001,32.38
9016913,205694,P1003,145.7
9016914,207882,P1003,53.77
9016915,208320,P1002,278.5
9016916,211228,P1002,85.41
9016917,207530,P1002,4.22
9016918,211805,P1002,331.61
9016919,206569,P1003,54.38
9016920,209933,P1003,130.18
9016921,201378,P1003,215.44
9016922,209150,P1003,49.63
9016923,210859,P1003,76.92
9016924,202568,P1006,29.32
9016925,204437,P1003,37.64
9016926,205134,P1003,157.1
9016927,202029,P1005,40.1
9016928,204002,P1001,188.56
9016929,206523,P1004,135.5
9016930,204554,P1004,56.48
9016931,207362,P1006,41.97
9016932,202869,P1002,46.65
9016933,207372,P1004,32.73
9016934,210882,P1002,168.85
9016935,208176,P1006,107.62
9016936,200276,P1001,160.26
9016937,207535,P1002,19.09
9016938,208671,P1006,153.08
9016939,207325,P1005,113.6
9016940,206838,P1006,106.29
9016941,208249,P1001,66.31
9016942,202976,P1002,353.74
9016943,200604,P1005,44.88
9016944,200684,P1001,147.16
9016945,207404,P1004,82.24
9016946,202095,P1002,170.24
9016947,201587,P1003,65.64
9016948,211547,P1003,72.97
9016949,210050,P1002,104.03
9016950,204796,P1004,110.91
9016951,204756,P1005,178.94
9016952,206539,P1003,192.47
9016953,201075,P1004,70.52
9016954,205852,P1002,19.68
9016955,210050,P1006,61.93
9016956,208317,P1002,172.28
9016957,206567,P1002,24.23
9016958,205031,P1003,102.22
9016959,205677,P1001,23.49
9016960,201333,P1003,96.43
9016961,202665,P1005,149.22
9016962,204155,P1004,86.38
9016963,210734,P1004,51.16
9016964,201115,P1003,73.85
9016965,210798,P1006,94.1
9016966,203272,P1006,35.28
9016967,208047,P1002,161.16
9016968,208054,P1002,115.57
9016969,205320,P1001,126.55
9016970,210218,P1004,77.13
9016971,205587,P1002,79.21
9016972,203175,P1006,184.9
9016973,201696,P1005,98.3
9016974,205838,P1003,24.55
9016975,206026,P1002,43.65
9016976,204621,P1005,105.17
9016977,204222,P1004,146.61
9016978,211103,P1002,92.52
9016979,208840,P1003,174.35
9016980,210727,P1005,190.74
9016981,208639,P1004,300.03
9016982,206840,P1004,32.44
9016983,200024,P1005,144.67
9016984,209130,P1004,21.52
9016985,211106,P1003,173.2
9016986,208836,P1003,149.7
9016987,207051,P1003,37.73
9016988,209439,P1001,7.29
9016989,202582,P1003,151.98
9016990,209421,P1005,157.93
9016991,205740,P1002,340.33
9016992,203601,P1006,56.43
9016993,208830,P1005,28
9016994,206799,P1001,76.99
9016995,208881,P1001,112.29
9016996,210290,P1001,14.54
9016997,207086,P1005,42.57
9016998,207391,P1004,8.31
9016999,200478,P1003,83.5
9017000,208941,P1004,39.14
9017001,208427,P1003,171.6
9017002,201822,P1003,174.47
9017003,208310,P1002,20.71
9017004,201303,P1006,100.86
9017005,202048,P1006,132.22
9017006,207464,P1006,25.01
9017007,202753,P1004,86.62
9017008,211390,P1003,32.2
9017009,211427,P1004,29.2
9017010,210698,P1004,76.63
9017011,202894,P1001,27.64
9017012,204593,P1003,46.51
9017013,203765,P1005,76.31
9017014,205648,P1001,108.02
9017015,209573,P1001,22.8
9017016,210150,P1006,47.98
9017017,200982,P1001,84.71
9017018,207867,P1001,123.69
9017019,208503,P1004,83.53
9017020,202411,P1005,11.82
9017021,200096,P1005,62.51
9017022,201895,P1004,162.82
9017023,200029,P1003,76.87
9017024,200452,P1003,30.42
9017025,211821,P1006,119.74
9017026,201729,P1001,24.08
9017027,202639,P1004,65.55
9017028,207514,P1002,187.51
9017029,205409,P1001,105.97
9017030,211778,P1005,40.73
9017031,200325,P1002,51.37
9017032,208946,P1006,54.63
9017033,205988,P1003,111.95
9017034,202884,P1005,38.48
9017035,207408,P1001,4.79
9017036,200252,P1003,28.43
9017037,203461,P1006,163.16
9017038,210026,P1002,29.65
9017039,200348,P1006,83.11
9017040,211624,P1003,234.38
9017041,202506,P1001,72.38
9017042,209902,P1004,134.46
9017043,203119,P1003,70.04
9017044,210764,P1004,148.18
9017045,200687,P1003,69.7
9017046,202670,P1001,106.52
9017047,207861,P1003,139.43
9017048,210875,P1002,84.23
9017049,211830,P1001,54.88
9017050,207560,P1002,114.69
9017051,206118,P1003,72.7
9017052,207743,P1001,69.84
9017053,201621,P1001,35.27
9017054,205089,P1001,78.42
9017055,204750,P1003,197.15
9017056,206072,P1002,12.9
9017057,203518,P1005,102.5
9017058,205171,P1004,46.22
9017059,207559,P1003,45.23
9017060,207554,P1002,167.78
9017061,203507,P1001,70.25
9017062,209194,P1002,47.81
9017063,201407,P1001,116.72
9017064,206549,P1006,158.55
9017065,208699,P1001,84.17
9017066,205556,P1002,81.22
9017067,200287,P1003,68.2
9017068,204211,P1001,84.27
9017069,200583,P1005,154.65
9017070,202003,P1001,253.73
9017071,210784,P1001,72.25
9017072,202708,P1004,39.51
9017073,200233,P1004,29.15
9017074,205594,P1001,48.22
9017075,206200,P1004,276.73
9017076,208276,P1005,13.69
9017077,206846,P1005,19.44
9017078,211716,P1002,35.15
9017079,205879,P1001,144.34
9017080,209569,P1005,122.9
9017081,209907,P1003,236.89
9017082,205389,P1004,69.58
9017083,201606,P1004,15.75
9017084,205016,P1001,89.91
9017085,210597,P1006,102.87
9017086,210200,P1006,97.69
9017087,209842,P1003,195.56
9017088,208773,P1002,66.15
9017089,208055,P1003,7.76
9017090,210100,P1003,165.21
9017091,206884,P1005,149.53
9017092,211536,P1005,221.12
9017093,205722,P1003,42.82
9017094,203992,P1001,76.57
9017095,206098,P1005,55.09
9017096,204065,P1003,35.69
9017097,206069,P1002,39.72
9017098,209759,P1004,28.04
9017099,207518,P1004,108.26
9017100,208912,P1004,107.32
9017101,200788,P1005,161.73
9017102,205671,P1001,110.19
9017103,210101,P1005,86.22
9017104,207767,P1001,59.11
9017105,203959,P1003,48.46
9017106,208324,P1005,77.41
9017107,205271,P1002,56.83
9017108,203663,P1003,50.8
9017109,205016,P1006,141.88
9017110,200662,P1001,89.09
9017111,211754,P1003,136.46
9017112,205422,P1002,29.9
9017113,208201,P1002,162.26
9017114,205651,P1001,12.2
9017115,201758,P1003,46.3
9017116,210089,P1005,102.14
9017117,203058,P1004,83.42
9017118,201213,P1005,167.89
9017119,210380,P1003,26.94
9017120,206532,P1002,136.66
9017121,203316,P1004,92.02
9017122,203273,P1003,24.32
9017123,200902,P1006,60.44
9017124,203264,P1002,129.01
9017125,201976,P1005,75.09
9017126,204427,P1001,38.51
9017127,200561,P1002,30.98
9017128,201559,P1005,60.22
9017129,203776,P1005,43.95
9017130,209798,P1001,59.02
9017131,209863,P1003,61.23
9017132,208973,P1002,193.15
9017133,200291,P1006,53.77
9017134,200675,P1004,34.65
9017135,200693,P1001,248.07
9017136,204567,P1004,213.83
9017137,211119,P1001,107.49
9017138,208954,P1002,83.2
9017139,207684,P1004,141.31
9017140,211025,P1006,87.96
9017141,201888,P1006,105.69
9017142,210227,P1002,137.64
9017143,204451,P1003,23.12
9017144,208942,P1006,158.28
9017145,211577,P1006,59.38
9017146,206220,P1002,64.57
9017147,200042,P1003,20.69
9017148,201438,P1002,69.5
9017149,211271,P1006,145.56
9017150,211314,P1004,32.82
9017151,205629,P1004,5.03
9017152,204985,P1006,139.63
9017153,205630,P1003,28.77
9017154,205491,P1005,33.97
9017155,200333,P1004,138.64
9017156,205074,P1001,78.93
9017157,210149,P1005,33.15
9017158,209625,P1005,214.31
9017159,205975,P1004,188.86
9017160,209682,P1002,83.07
9017161,202661,P1002,97.81
9017162,200191,P1004,100.81
9017163,202850,P1004,36.94
9017164,207295,P1002,64.36
9017165,204655,P1004,51.12
9017166,207836,P1003,200.06
9017167,203459,P1001,81.48
9017168,204455,P1002,76.21
9017169,211791,P1003,213.69
9017170,207057,P1006,226.71
9017171,210328,P1002,90.5
9017172,203441,P1005,41.02
9017173,203109,P1004,27.79
9017174,203873,P1006,73.5
9017175,210401,P1002,176.07
9017176,201368,P1004,63.54
9017177,210482,P1001,125.38
9017178,200302,P1006,43
9017179,203591,P1003,212.91
9017180,202667,P1002,15.76
9017181,204264,P1002,19.84
9017182,205931,P1003,110.29
9017183,205960,P1004,159.62
9017184,204114,P1002,102.69
9017185,204066,P1002,99.48
9017186,203919,P1004,14.17
9017187,200004,P1003,129.9
9017188,210870,P1006,93.85
9017189,201880,P1003,98.76
9017190,200614,P1004,51.77
9017191,208016,P1006,46.07
9017192,200805,P1006,36.18
9017193,205206,P1002,88.4
9017194,202786,P1005,217
9017195,208841,P1001,127.73
9017196,206373,P1004,87.18
9017197,203736,P1003,113.86
9017198,202652,P1006,35.77
9017199,202230,P1002,29.3
9017200,209308,P1004,60.56
9017201,203145,P1003,8.01
9017202,200038,P1001,113.85
9017203,207037,P1002,66.87
9017204,204493,P1004,141.39
9017205,205824,P1003,31.5
9017206,202800,P1006,59.97
9017207,211161,P1003,129.6
9017208,205024,P1002,11.41
9017209,203992,P1005,15.18
9017210,204559,P1003,250.74
9017211,210628,P1005,46.82
9017212,206044,P1004,28.61
9017213,207600,P1005,9.39
9017214,204556,P1001,76.02
9017215,210982,P1006,52.4
9017216,203897,P1005,92.04
9017217,207684,P1004,98.69
9017218,207536,P1006,19.1
9017219,206510,P1004,117.41
9017220,203116,P1005,50.08
9017221,206187,P1005,5.57
9017222,204469,P1001,94.73
9017223,202924,P1001,73.22
9017224,206953,P1003,11.46
9017225,210804,P1002,245.8
9017226,211585,P1004,65.11
9017227,200872,P1003,56.16
9017228,211811,P1002,36.73
9017229,208411,P1004,45.5
9017230,205315,P1005,32.58
9017231,210084,P1004,51.54
9017232,207201,P1006,139.98
9017233,203234,P1004,13.18
9017234,207536,P1002,119.28
9017235,208570,P1002,36.51
9017236,211741,P1005,28.93
9017237,200452,P1005,71.53
9017238,202773,P1006,88.37
9017239,209779,P1003,10.98
9017240,201533,P1006,89.79
9017241,208785,P1004,68.08
9017242,210838,P1001,36.7
9017243,207497,P1002,220.33
9017244,208586,P1004,119.71
9017245,206722,P1001,146.45
9017246,202658,P1001,138.03
9017247,206182,P1002,89.03
9017248,205488,P1006,131.09
9017249,206530,P1001,82.4
9017250,204597,P1001,180.5
9017251,203597,P1003,217.83
9017252,206165,P1004,123.67
9017253,208388,P1002,154.3
9017254,202784,P1002,190.92
9017255,208778,P1006,32.33
9017256,211218,P1006,14.82
9017257,204966,P1005,112.5
9017258,211313,P1005,74.8
9017259,209912,P1006,36.25
9017260,203251,P1001,25.35
9017261,207473,P1004,39.72
9017262,201199,P1005,178.91
9017263,202329,P1002,127.02
9017264,211191,P1002,79.19
9017265,203272,P1006,88.06
9017266,206736,P1002,104.14
9017267,208931,P1006,35.96
9017268,206111,P1006,28.32
9017269,202426,P1006,103.8
9017270,202679,P1006,72.41
9017271,208518,P1004,30.47
9017272,210358,P1001,92.34
9017273,207686,P1006,36.69
9017274,201745,P1006,67.6
9017275,209141,P1002,88.36
9017276,211452,P1003,62.82
9017277,206663,P1006,15.26
9017278,202222,P1001,160.58
9017279,209154,P1002,103.35
9017280,206290,P1004,235.35
9017281,202829,P1003,194.81
9017282,202811,P1005,74.69
9017283,208621,P1006,169.2
9017284,201634,P1001,4.72
9017285,206655,P1005,53.73
9017286,202047,P1002,92.77
9017287,211747,P1001,41.4
9017288,203752,P1002,75.86
9017289,204379,P1006,42.15
9017290,208800,P1003,203.94
9017291,200553,P1004,7.34
9017292,206898,P1004,88.26
9017293,201305,P1004,53.41
9017294,204848,P1006,80.04
9017295,203957,P1004,153.21
9017296,201970,P1001,191.45
9017297,204997,P1006,118.94
9017298,205473,P1002,40.03
9017299,200432,P1005,105.85
9017300,201043,P1005,43.64
9017301,200340,P1001,79.44
9017302,207938,P1002,200.64
9017303,208864,P1005,56.07
9017304,211641,P1001,52.62
9017305,204338,P1002,75.07
9017306,203839,P1002,32.91
9017307,208029,P1006,32.31
9017308,203657,P1002,80.42
9017309,201034,P1004,155.6
9017310,209937,P1004,133.92
9017311,202044,P1003,119.46
9017312,202726,P1002,21.57
9017313,200932,P1003,157.83
9017314,202338,P1006,97.98
9017315,205530,P1003,61.22
9017316,210867,P1006,77.15
9017317,206098,P1002,51.33
9017318,209286,P1002,80.46
9017319,205089,P1005,58.98
9017320,210850,P1006,208.26
9017321,201440,P1004,114.93
9017322,203872,P1003,53.73
9017323,200758,P1005,136.31
9017324,211552,P1005,124.28
9017325,201409,P1001,60.57
9017326,211814,P1004,63.85
9017327,201020,P1006,62.11
9017328,207374,P1005,63.52
9017329,211049,P1002,124.95
9017330,210394,P1006,77.43
9017331,202492,P1006,135.68
9017332,204899,P1001,16.45
9017333,204547,P1001,48.43
9017334,202162,P1006,211.94
9017335,205932,P1002,39.95
9017336,200325,P1002,35.04
9017337,202809,P1005,160.02
9017338,204343,P1004,52.52
9017339,208377,P1001,64.83
9017340,202502,P1002,78.9
9017341,210986,P1001,75.12
9017342,205926,P1003,221.83
9017343,200552,P1006,138.5
9017344,206281,P1006,237.49
9017345,209726,P1006,100.52
9017346,202234,P1006,64.46
9017347,209361,P1002,39.01
9017348,206261,P1003,159.17
9017349,202989,P1004,102.92
9017350,203821,P1006,305.67
9017351,206328,P1006,98.19
9017352,208673,P1004,39.38
9017353,211663,P1001,34.89
9017354,202403,P1006,73.3
9017355,206390,P1001,27.46
9017356,211954,P1005,350.94
9017357,211711,P1001,14.68
9017358,209494,P1005,109.64
9017359,209961,P1006,182.75
9017360,209306,P1001,101.99
9017361,202161,P1005,57.4
9017362,210172,P1005,102.02
9017363,208847,P1003,75
9017364,202607,P1005,18.71
9017365,210532,P1001,34.49
9017366,209971,P1002,156.79
9017367,201845,P1001,105.28
9017368,211198,P1001,72.96
9017369,210098,P1003,76.65
9017370,210216,P1005,46.29
9017371,202632,P1005,101.48
9017372,207641,P1005,70.82
9017373,200197,P1003,108.92
9017374,202577,P1004,164.92
9017375,210128,P1004,99.27
9017376,209060,P1001,132.46
9017377,205487,P1005,72.89
9017378,204948,P1006,115.54
9017379,203510,P1006,66.39
9017380,203482,P1001,114.65
9017381,211842,P1002,46.97
9017382,202371,P1004,30.07
9017383,206734,P1004,26.51
9017384,208168,P1005,123.79
9017385,200043,P1004,32.95
9017386,205660,P1001,51.51
9017387,201189,P1002,30.46
9017388,200427,P1002,67.32
9017389,202344,P1006,208.01
9017390,209632,P1003,142.7
9017391,209691,P1006,77.69
9017392,200131,P1003,140.43
9017393,207292,P1003,225.91
9017394,207211,P1005,66.1
9017395,200399,P1003,123.82
9017396,202194,P1001,149.39
9017397,203967,P1002,64.81
9017398,207302,P1001,54.98
9017399,200336,P1001,115.3
9017400,211237,P1001,59.02
9017401,206260,P1001,55.01
9017402,204185,P1006,153.32
9017403,201992,P1003,131.83
9017404,205496,P1002,221.95
9017405,211188,P1001,85.95
9017406,201715,P1003,59.22
9017407,207038,P1006,102.02
9017408,207031,P1006,192.96
9017409,207438,P1005,146.71
9017410,204773,P1006,61.56
9017411,203444,P1006,78.23
9017412,210214,P1004,87.2
9017413,205051,P1005,152.63
9017414,208270,P1006,123.48
9017415,211313,P1003,209.07
9017416,205935,P1001,115.28
9017417,200041,P1005,37.15
9017418,210831,P1006,90.27
9017419,202942,P1002,13.47
9017420,202911,P1004,66.44
9017421,202876,P1005,59.14
9017422,205995,P1005,134.55
9017423,201273,P1002,36.11
9017424,207415,P1004,129.32
9017425,211750,P1003,190.56
9017426,204978,P1005,132.2
9017427,205607,P1006,111.97
9017428,209340,P1001,131.36
9017429,211037,P1001,126.58
9017430,211741,P1004,198.48
9017431,205649,P1001,260.7
9017432,206133,P1005,63.25
9017433,208709,P1002,49.84
9017434,207917,P1002,68.07
9017435,203026,P1001,272.39
9017436,204876,P1004,59.27
9017437,204876,P1005,128.81
9017438,211057,P1006,60.84
9017439,210961,P1003,98.65
9017440,201960,P1002,197.75
9017441,200197,P1006,51.53
9017442,205880,P1005,81.37
9017443,203502,P1001,80.04
9017444,207722,P1001,95.06
9017445,202881,P1005,27.19
9017446,200321,P1003,183.39
9017447,211122,P1001,140.56
9017448,203763,P1003,55.66
9017449,203819,P1004,37.28
9017450,200778,P1005,12.41
9017451,203948,P1005,37.74
9017452,204186,P1005,18.31
9017453,211128,P1004,73.87
9017454,206899,P1003,189.81
9017455,210820,P1001,146.11
9017456,206396,P1001,40.09
9017457,210196,P1005,37.23
9017458,209113,P1002,61.07
9017459,201774,P1003,68.9
9017460,203802,P1006,113.48
9017461,202150,P1004,35.99
9017462,201280,P1006,97.56
9017463,209711,P1006,137.34
9017464,209609,P1006,97.3
9017465,202913,P1004,46.45
9017466,205416,P1006,214.1
9017467,204793,P1004,283.29
9017468,210055,P1006,39.15
9017469,211710,P1003,89.54
9017470,202011,P1001,211.46
9017471,200389,P1005,43.86
9017472,200738,P1003,137.54
9017473,209632,P1003,127.92
9017474,208749,P1003,69.06
9017475,210648,P1004,74.53
9017476,206010,P1006,22.69
9017477,206397,P1004,169.83
9017478,205405,P1002,20.31
9017479,211593,P1006,164.09
9017480,207829,P1004,96.07
9017481,211953,P1002,112.95
9017482,207974,P1005,44.64
9017483,203573,P1002,163.49
9017484,209506,P1001,125.22
9017485,209820,P1002,53.96
9017486,206806,P1006,96.76
9017487,209367,P1006,123.19
9017488,204808,P1001,192.07
9017489,206400,P1004,143.97
9017490,202457,P1005,130.93
9017491,210307,P1004,44.8
9017492,205404,P1004,48.28
9017493,202461,P1005,86.08
9017494,208180,P1004,62.8
9017495,201390,P1003,57.97
9017496,201199,P1004,264.84
9017497,207119,P1001,171.24
9017498,209357,P1006,57.78
9017499,209654,P1006,226.15
9017500,207694,P1002,121.06
9017501,203596,P1004,70.55
9017502,206182,P1004,81.89
9017503,203490,P1001,122.04
9017504,202991,P1002,71.28
9017505,207293,P1001,26.23
9017506,206233,P1006,214.37
9017507,209224,P1006,106.8
9017508,203189,P1002,82.49
9017509,205255,P1001,292.33
9017510,205296,P1006,86.69
9017511,210109,P1001,40.77
9017512,208855,P1003,44.45
9017513,210286,P1004,49.35
9017514,204196,P1006,16.33
9017515,202108,P1003,157.91
9017516,209778,P1003,248.37
9017517,201497,P1005,10.24
9017518,211127,P1004,96.85
9017519,209494,P1006,31.47
9017520,211376,P1003,25.31
9017521,208530,P1006,46.44
9017522,203548,P1006,293.1
9017523,210167,P1004,107.09
9017524,202142,P1002,95.84
9017525,207238,P1003,34.17
9017526,207764,P1002,57.4
9017527,205599,P1005,140.94
9017528,208028,P1005,41.97
9017529,205595,P1005,100.65
9017530,211356,P1002,62.55
9017531,205606,P1005,7.09
9017532,209695,P1002,69.83
9017533,211330,P1006,164.4
9017534,201432,P1001,65.96
9017535,210734,P1006,55.16
9017536,201341,P1003,240.76
9017537,208490,P1004,68.82
9017538,200642,P1002,33.01
9017539,203509,P1002,184.65
9017540,203786,P1004,212.82
9017541,201546,P1002,296.74
9017542,201594,P1005,95.38
9017543,210480,P1005,124.36
9017544,205777,P1004,164.49
9017545,200311,P1005,100.04
9017546,201980,P1002,12.27
9017547,208558,P1005,68.99
9017548,211838,P1006,50.62
9017549,204326,P1001,122.98
9017550,206710,P1003,100.55
9017551,205307,P1003,100.24
9017552,208118,P1002,38.36
9017553,202056,P1002,19.47
9017554,210011,P1006,251.69
9017555,200445,P1005,44.95
9017556,211235,P1002,146.65
9017557,211807,P1002,169.18
9017558,204397,P1002,40.9
9017559,200749,P1006,82.47
9017560,203105,P1002,162.77
9017561,202825,P1001,131.41
9017562,208152,P1006,16.32
9017563,204608,P1005,89.41
9017564,202758,P1004,166.7
9017565,203377,P1005,14.38
9017566,207832,P1001,123.88
9017567,206736,P1006,14.03
9017568,201324,P1004,35.98
9017569,206320,P1004,37.82
9017570,204229,P1003,52.67
9017571,210307,P1002,237.2
9017572,207500,P1006,219.27
9017573,209532,P1003,46.88
9017574,208429,P1006,12.85
9017575,208722,P1005,145.78
9017576,209831,P1001,32.34
9017577,211448,P1001,17.9
9017578,200895,P1001,76.97
9017579,207686,P1002,39.89
9017580,201362,P1002,116.88
9017581,211817,P1001,79.13
9017582,211527,P1002,210.37
9017583,202291,P1002,96.43
9017584,209424,P1005,84.44
9017585,206959,P1003,64.52
9017586,201157,P1002,98.3
9017587,209907,P1006,81.56
9017588,211411,P1003,143
9017589,206391,P1002,103.79
9017590,205294,P1003,101.56
9017591,207580,P1001,52.65
9017592,203107,P1006,110.38
9017593,211516,P1005,60.59
9017594,201473,P1001,156.1
9017595,207081,P1002,181.15
9017596,201234,P1004,57.58
9017597,208206,P1006,145.07
9017598,211447,P1003,46.53
9017599,201171,P1003,34.25
9017600,205832,P1006,54.52
9017601,207945,P1005,97.42
9017602,209975,P1003,41.34
9017603,206084,P1002,141.9
9017604,206585,P1005,136.35
9017605,205312,P1001,92.45
9017606,210197,P1002,104.2
9017607,208584,P1002,192.57
9017608,206269,P1001,104.96
9017609,207911,P1001,82.34
9017610,210692,P1004,59.15
9017611,209661,P1006,147.43
9017612,200942,P1004,23.93
9017613,202333,P1006,60.73
9017614,210366,P1003,56.6
9017615,207346,P1003,47.56
9017616,202240,P1002,20.87
9017617,206750,P1005,25.97
9017618,210699,P1002,43.33
9017619,202553,P1002,89.64
9017620,201933,P1005,28.43
9017621,211430,P1002,70.33
9017622,205412,P1004,58.73
9017623,211683,P1004,60.4
9017624,204861,P1003,139.09
9017625,207669,P1003,221.39
9017626,204412,P1001,58.01
9017627,210609,P1002,0
9017628,203325,P1001,12.02
9017629,203491,P1004,68.33
9017630,202669,P1001,40.51
9017631,205449,P1002,40.74
9017632,203657,P1002,215.37
9017633,209625,P1001,100.33
9017634,206566,P1004,80.06
9017635,205129,P1006,125.67
9017636,209042,P1002,130.08
9017637,202875,P1005,165.49
9017638,208681,P1005,166.58
9017639,202581,P1006,62.37
9017640,207819,P1005,69.21
9017641,207374,P1006,146.81
9017642,204564,P1004,119.67
9017643,211181,P1004,67.57
9017644,203463,P1001,126.16
9017645,210506,P1002,45.09
9017646,202559,P1005,87.29
9017647,203244,P1002,86.98
9017648,205204,P1003,40.37
9017649,210163,P1001,87.18
9017650,211470,P1001,124.49
9017651,208935,P1006,31.29
9017652,202821,P1003,79.38
9017653,207814,P1001,83.38
9017654,202021,P1006,39.3
9017655,203367,P1003,128.56
9017656,209285,P1004,107.2
9017657,207588,P1006,351.34
9017658,200001,P1006,75.44
9017659,200122,P1004,38.33
9017660,202306,P1002,208.22
9017661,210061,P1002,112.49
9017662,203535,P1002,54.77
9017663,207168,P1004,170.67
9017664,205537,P1003,77.83
9017665,211320,P1004,89.4
9017666,207589,P1006,26.59
9017667,207992,P1001,22.07
9017668,207674,P1001,102.42
9017669,205648,P1002,130.16
9017670,201485,P1005,64.25
9017671,201848,P1004,54.43
9017672,205567,P1004,14.09
9017673,207606,P1002,209.51
9017674,201259,P1001,44.72
9017675,200552,P1003,150.66
9017676,200259,P1006,55.96
9017677,203047,P1003,179.94
9017678,205561,P1002,262.63
9017679,203659,P1005,30.57
9017680,210027,P1005,28.41
9017681,205815,P1003,57.49
9017682,209189,P1002,203.83
9017683,201874,P1003,82.09
9017684,208184,P1001,66.32
9017685,203598,P1005,21.03
9017686,200886,P1002,32
9017687,205701,P1002,83.56
9017688,206374,P1003,70.93
9017689,205969,P1005,158.92
9017690,203639,P1002,44.32
9017691,210659,P1006,49.97
9017692,206922,P1002,32.98
9017693,204485,P1005,159.27
9017694,209137,P1006,190.06
9017695,207074,P1003,19.12
9017696,202266,P1001,161.55
9017697,210284,P1003,64.75
9017698,208291,P1004,95.01
9017699,203894,P1006,110.04
9017700,200114,P1004,153.4
9017701,209449,P1006,63.73
9017702,201547,P1001,123.92
9017703,205337,P1004,230.37
9017704,205354,P1005,52.75
9017705,203512,P1001,93.98
9017706,208690,P1001,49.75
9017707,203559,P1004,40.72
9017708,209626,P1006,81.23
9017709,209950,P1006,162.9
9017710,202324,P1006,73.41
9017711,208430,P1004,42.31
9017712,208477,P1003,420.62
9017713,202871,P1003,204.03
9017714,210343,P1004,37.07
9017715,202161,P1006,120.38
9017716,207050,P1001,41.67
9017717,205368,P1002,55.93
9017718,207108,P1006,192.65
9017719,203198,P1001,128.79
9017720,208522,P1001,87.68
9017721,201962,P1005,44.98
9017722,207428,P1006,70.53
9017723,201001,P1001,89.04
9017724,207643,P1006,196.19
9017725,204743,P1005,81.75
9017726,207636,P1002,105.76
9017727,201537,P1005,184.33
9017728,207955,P1006,29.54
9017729,202677,P1005,125.9
9017730,207698,P1002,72.11
9017731,209676,P1001,69.25
9017732,201462,P1002,31.12
9017733,208084,P1004,120.22
9017734,204521,P1004,50.57
9017735,204698,P1002,26.8
9017736,205283,P1001,94.95
9017737,211575,P1001,289.6
9017738,211667,P1005,226.07
9017739,206502,P1003,229.31
9017740,206498,P1004,83
9017741,209771,P1005,140.01
9017742,200342,P1006,67.53
9017743,204885,P1006,147.8
9017744,200830,P1005,38.3
9017745,207647,P1006,134.18
9017746,211856,P1002,9.67
9017747,202174,P1001,180.37
9017748,210103,P1001,176.54
9017749,211703,P1006,26.04
9017750,207148,P1001,165.24
9017751,204550,P1006,156.88
9017752,202127,P1006,86.08
9017753,201286,P1002,248.27
9017754,201212,P1002,97.01
9017755,209051,P1006,173.59
9017756,210112,P1001,10.6
9017757,201564,P1001,134.26
9017758,207374,P1006,86.64
9017759,206774,P1005,61.4
9017760,211464,P1002,138.61
9017761,209522,P1001,111.04
9017762,203164,P1004,71.21
9017763,208881,P1002,9.56
9017764,211148,P1001,41.54
9017765,208178,P1003,55.35
9017766,208701,P1004,31.34
9017767,207533,P1003,39.29
9017768,205127,P1002,108.46
9017769,205789,P1001,18.6
9017770,209499,P1003,147.02
9017771,204774,P1002,128.07
9017772,201947,P1005,53.33
9017773,202251,P1003,5.07
9017774,211637,P1005,7.39
9017775,211822,P1006,21.99
9017776,203310,P1001,54.04
9017777,203602,P1001,45.42
9017778,205930,P1004,90.92
9017779,209363,P1004,54.67
9017780,207696,P1004,153.9
9017781,208553,P1004,103.54
9017782,202346,P1006,168.44
9017783,210953,P1002,110.95
9017784,210435,P1006,80.62
9017785,210813,P1006,63.22
9017786,204881,P1003,43.79
9017787,202862,P1004,86.06
9017788,206534,P1003,23.74
9017789,206878,P1001,134.06
9017790,202463,P1001,113.33
9017791,207429,P1004,7.96
9017792,207724,P1002,173.76
9017793,208819,P1005,45.06
9017794,203443,P1002,162.35
9017795,209509,P1006,69.7
9017796,207246,P1001,38.56
9017797,206058,P1005,122.07
9017798,211667,P1001,62.48
9017799,205256,P1005,72.12
9017800,209788,P1002,202.09
9017801,209398,P1003,235.12
9017802,207761,P1001,76.53
9017803,206558,P1003,80.97
9017804,205806,P1004,329.63
9017805,204445,P1005,64.54
9017806,203687,P1001,173.07
9017807,206282,P1002,121.74
9017808,201356,P1003,65.4
9017809,203246,P1006,83.77
9017810,209626,P1004,263.18
9017811,206632,P1002,28.93
9017812,210770,P1005,151.66
9017813,200314,P1002,121.39
9017814,209035,P1004,111.01
9017815,202435,P1005,34.93
9017816,208354,P1001,19.83
9017817,201406,P1003,59.81
9017818,207566,P1002,45.8
9017819,206401,P1004,68.64
9017820,211083,P1001,117.73
9017821,201439,P1002,45.53
9017822,204831,P1004,127.91
9017823,201565,P1004,81.48
9017824,209679,P1004,76.68
9017825,206770,P1002,74.84
9017826,207850,P1001,125.03
9017827,206653,P1003,173.33
9017828,209430,P1006,117.12
9017829,201436,P1006,22.21
9017830,211049,P1005,80.75
9017831,204318,P1002,195.91
9017832,200425,P1005,43.59
9017833,208959,P1002,155.2
9017834,204809,P1006,190.27
9017835,209308,P1006,135.89
9017836,209411,P1005,108.75
9017837,210767,P1002,213.05
9017838,202575,P1005,180.27
9017839,206714,P1005,172.67
9017840,205865,P1003,75.12
9017841,200300,P1001,276.28
9017842,201564,P1003,117.13
9017843,206939,P1004,40.05
9017844,211956,P1002,17.86
9017845,205644,P1002,243.06
9017846,205759,P1001,118.68
9017847,202664,P1001,42.95
9017848,209235,P1006,34.29
9017849,207178,P1004,33.92
9017850,202307,P1005,246.72
9017851,211655,P1006,33.47
9017852,200701,P1002,100.79
9017853,206210,P1002,37.33
9017854,211766,P1002,42.18
9017855,209133,P1003,69.61
9017856,203450,P1005,13.92
9017857,203589,P1004,91.93
9017858,206563,P1006,89.81
9017859,201173,P1001,77.58
9017860,201792,P1006,31.06
9017861,205958,P1003,13.97
9017862,208546,P1006,299.1
9017863,211706,P1001,115.3
9017864,202601,P1006,208.54
9017865,209600,P1001,148.45
9017866,209692,P1005,148.11
9017867,204693,P1004,198.42
9017868,201342,P1002,53.48
9017869,204258,P1005,85.39
9017870,202886,P1002,45.96
9017871,208852,P1002,95.01
9017872,209313,P1001,117.89
9017873,201526,P1006,69.39
9017874,209055,P1002,99.92
9017875,210410,P1002,206.14
9017876,201116,P1004,59.81
9017877,205418,P1001,100.17
9017878,203730,P1004,54.5
9017879,202500,P1006,79.1
9017880,201151,P1003,82.71
9017881,207742,P1002,167.49
9017882,205127,P1004,139.26
9017883,201622,P1005,109.24
9017884,205221,P1004,246.88
9017885,209388,P1004,208.02
9017886,200524,P1003,66.06
9017887,206006,P1002,133.12
9017888,210931,P1002,27.32
9017889,204023,P1003,112.69
9017890,204045,P1005,66.67
9017891,205984,P1001,61.27
9017892,204288,P1004,126.29
9017893,207906,P1003,40.48
9017894,203793,P1001,114.53
9017895,201357,P1001,25
9017896,211021,P1001,94.93
9017897,202932,P1002,26.9
9017898,211510,P1005,58.84
9017899,203026,P1006,91.16
9017900,207803,P1005,70.96
9017901,204968,P1002,132.57
9017902,202568,P1001,74.2
9017903,205260,P1003,70.76
9017904,207672,P1005,162.03
9017905,203394,P1004,68.04
9017906,205617,P1005,222.01
9017907,206356,P1003,195.37
9017908,200886,P1006,141.11
9017909,210008,P1005,58.41
9017910,211718,P1002,117.18
9017911,201133,P1003,63.61
9017912,207453,P1003,65.37
9017913,200482,P1001,50.64
9017914,200897,P1004,142.78
9017915,204902,P1002,45.31
9017916,202042,P1006,61.96
9017917,209982,P1001,96.06
9017918,209312,P1006,75.7
9017919,202234,P1003,349.39
9017920,208676,P1006,134.29
9017921,204138,P1006,11.21
9017922,209731,P1002,35.44
9017923,206525,P1003,40.68
9017924,200659,P1005,133.08
9017925,211781,P1006,38.74
9017926,203988,P1002,243.36
9017927,206825,P1006,109.37
9017928,208480,P1005,73.65
9017929,204890,P1003,37.27
9017930,209471,P1003,52.57
9017931,203470,P1002,53.56
9017932,201322,P1002,78.19
9017933,200698,P1005,74.02
9017934,209853,P1006,29.98
9017935,210150,P1002,288.92
9017936,206789,P1005,92.45
9017937,210890,P1003,31.84
9017938,201401,P1004,175.83
9017939,203518,P1005,103.74
9017940,210496,P1002,313.92
9017941,207903,P1002,84.88
9017942,205361,P1002,83.01
9017943,210224,P1006,104.01
9017944,205969,P1005,219.3
9017945,208067,P1001,117.4
9017946,203224,P1005,207.52
9017947,200726,P1004,111.76
9017948,202613,P1003,43.76
9017949,205414,P1001,43.56
9017950,205360,P1001,213.15
9017951,210948,P1002,37.28
9017952,207629,P1006,196.57
9017953,205930,P1003,24.71
9017954,200627,P1005,144.04
9017955,208584,P1002,127.46
9017956,210617,P1003,128.76
9017957,207046,P1003,73.38
9017958,208718,P1001,62.75
9017959,200463,P1005,192.67
9017960,200900,P1006,106.52
9017961,203242,P1001,153.73
9017962,207741,P1002,88.42
9017963,205128,P1002,162.35
9017964,210915,P1003,22.49
9017965,200023,P1004,204.28
9017966,202104,P1003,157.16
9017967,207851,P1003,264.96
9017968,205580,P1001,93.57
9017969,201691,P1003,175.93
9017970,202770,P1002,73.57
9017971,202612,P1003,322.5
9017972,209430,P1006,125.08
9017973,201272,P1005,47.68
9017974,202897,P1003,158.27
9017975,203459,P1006,24.52
9017976,203425,P1002,115.09
9017977,206441,P1006,55.47
9017978,209946,P1006,125.08
9017979,205638,P1004,123.74
9017980,209831,P1003,140.34
9017981,210929,P1001,148.94
9017982,206654,P1002,61.35
9017983,203586,P1006,176.71
9017984,205193,P1001,34.61
9017985,204887,P1004,48.3
9017986,203485,P1003,43.65
9017987,203899,P1001,56.26
9017988,203689,P1004,76.38
9017989,200668,P1001,75.62
9017990,208931,P1002,80.16
9017991,201585,P1004,50
9017992,206751,P1006,45.22
9017993,210125,P1001,19.72
9017994,200553,P1006,56.53
9017995,202816,P1003,80.52
9017996,207947,P1002,36.33
9017997,201716,P1001,19.31
9017998,202212,P1002,18.16
9017999,207590,P1003,88.24
9018000,210057,P1003,92.37
9018001,201099,P1003,107.87
9018002,205242,P1006,138.12
9018003,210833,P1003,36.3
9018004,204673,P1004,73.77
9018005,205720,P1001,26.7
9018006,208856,P1001,48.1
9018007,211002,P1006,146
9018008,208237,P1006,199.59
9018009,203621,P1001,175.24
9018010,208695,P1003,159.46
9018011,203472,P1004,20.81
9018012,211526,P1003,119.25
9018013,205127,P1001,156.24
9018014,201399,P1004,69.71
9018015,209982,P1005,31.31
9018016,201181,P1004,98.88
9018017,205361,P1006,51.24
9018018,200907,P1001,67.77
9018019,210647,P1003,121.15
9018020,204200,P1005,125.26
9018021,200060,P1002,135.35
9018022,211443,P1003,159.67
9018023,205253,P1005,85.05
9018024,205348,P1005,59.79
9018025,204660,P1001,84.01
9018026,202212,P1006,74.75
9018027,207406,P1006,139.7
9018028,202837,P1003,65.74
9018029,207540,P1003,144.37
9018030,200470,P1006,11.97
9018031,208443,P1005,203.8
9018032,206770,P1002,218.08
9018033,210860,P1003,109.37
9018034,203230,P1004,66.12
9018035,208649,P1005,58.42
9018036,200573,P1004,28.98
9018037,210392,P1004,149.19
9018038,203067,P1005,187.5
9018039,205026,P1005,109.64
9018040,200600,P1006,18.78
9018041,201794,P1003,67.71
9018042,203479,P1001,199.16
9018043,208863,P1006,387.17
9018044,208796,P1002,37.29
9018045,202479,P1005,44.9
9018046,200038,P1005,107.64
9018047,211666,P1006,77.07
9018048,200461,P1005,101.35
9018049,209313,P1004,113.92
9018050,209579,P1004,99.51
9018051,206826,P1002,198.9
9018052,211628,P1001,98.09
9018053,200113,P1002,34.07
9018054,202060,P1004,73.61
9018055,208251,P1006,39.96
9018056,205927,P1003,117.74
9018057,202232,P1005,47.96
9018058,202771,P1004,198.93
9018059,202965,P1004,87.05
9018060,202785,P1006,84.32
9018061,204396,P1001,117.38
9018062,202340,P1005,253.16
9018063,204566,P1003,30.07
9018064,211358,P1005,47.77
9018065,205078,P1001,52.12
9018066,200679,P1005,41.33
9018067,201932,P1005,56.04
9018068,210136,P1002,148.88
9018069,200333,P1003,172.66
9018070,205099,P1004,72.67
9018071,203258,P1001,96.59
9018072,203084,P1002,202.07
9018073,205544,P1002,21.36
9018074,203619,P1006,41.3
9018075,209772,P1005,78.96
9018076,200734,P1001,249.04
9018077,200296,P1005,72.07
9018078,202147,P1004,97.22
9018079,205170,P1006,47.18
9018080,200692,P1002,33.34
9018081,205771,P1001,85.75
9018082,203809,P1004,148.39
9018083,211889,P1001,88.64
9018084,208360,P1003,162.2
9018085,204237,P1004,179.35
9018086,202999,P1001,40.88
9018087,210116,P1006,84.97
9018088,200456,P1006,41.81
9018089,201494,P1004,137.8
9018090,206038,P1001,65.18
9018091,205877,P1001,190.09
9018092,210407,P1002,111.6
9018093,208256,P1002,50.93
9018094,210688,P1006,37.74
9018095,203767,P1004,141.92
9018096,210861,P1005,73.07
9018097,201625,P1004,36.83
9018098,208759,P1004,133.04
9018099,211887,P1003,233.59
9018100,204961,P1003,28.51
9018101,211546,P1006,133.51
9018102,209252,P1004,80.07
9018103,200500,P1005,147.24
9018104,209201,P1001,89.35
9018105,211035,P1004,135.41
9018106,208054,P1001,44.35
9018107,203795,P1001,4.86
9018108,205579,P1001,152.99
9018109,210389,P1005,10.07
9018110,204671,P1005,13.21
9018111,210393,P1005,32.11
9018112,203360,P1004,8.39
9018113,210793,P1004,84.09
9018114,204312,P1005,76.19
9018115,206475,P1004,138.12
9018116,206001,P1006,127.7
9018117,208909,P1001,54.79
9018118,202798,P1005,137.22
9018119,203268,P1004,77.56
9018120,205607,P1006,13.59
9018121,206455,P1001,89.27
9018122,202744,P1002,51.68
9018123,202137,P1006,54.98
9018124,208617,P1005,79.24
9018125,211171,P1002,109.05
9018126,209508,P1002,37.62
9018127,211141,P1003,55.81
9018128,209685,P1006,210.11
9018129,204258,P1001,89.73
9018130,203548,P1003,108.45
9018131,208567,P1004,59.08
9018132,203766,P1001,130.14
9018133,208269,P1005,34.17
9018134,207172,P1006,69.92
9018135,205584,P1002,34.1
9018136,200904,P1001,56.62
9018137,204424,P1002,136.52
9018138,205314,P1005,57.71
9018139,202043,P1001,151.08
9018140,205037,P1003,44.41
9018141,204160,P1003,109.08
9018142,203780,P1002,34.58
9018143,202060,P1003,31.23
9018144,201038,P1002,48.27
9018145,200602,P1002,2.03
9018146,211013,P1006,108.57
9018147,203459,P1006,91.92
9018148,206146,P1003,24.72
9018149,209176,P1002,209.87
9018150,208397,P1004,51.3
9018151,200098,P1001,61.53
9018152,211625,P1001,99.18
9018153,203357,P1004,32.6
9018154,204874,P1004,60.5
9018155,210545,P1005,142.22
9018156,207125,P1004,96.28
9018157,200769,P1003,64.14
9018158,203633,P1004,242.72
9018159,203584,P1005,104.49
9018160,209683,P1006,90.27
9018161,202093,P1002,152.49
9018162,204303,P1004,77.28
9018163,201631,P1005,65.16
9018164,209306,P1005,239.56
9018165,200962,P1003,25.56
9018166,206766,P1003,166.26
9018167,210164,P1005,23.39
9018168,208665,P1004,40.46
9018169,209568,P1001,145.89
9018170,211303,P1005,78.4
9018171,200196,P1001,12.47
9018172,203352,P1002,21.22
9018173,211512,P1001,16.55
9018174,200808,P1002,84.91
9018175,206488,P1001,140.34
9018176,204283,P1004,118
9018177,207335,P1002,88.4
9018178,207041,P1006,55.72
9018179,205214,P1002,253.1
9018180,206186,P1006,119.29
9018181,208925,P1006,188.47
9018182,205462,P1005,130.36
9018183,204249,P1006,206.6
9018184,205890,P1006,86.45
9018185,208185,P1006,77.99
9018186,208419,P1005,119.83
9018187,204532,P1006,173.15
9018188,202665,P1006,153.93
9018189,206160,P1003,72.69
9018190,211900,P1005,38.79
9018191,206291,P1002,51.33
9018192,202950,P1004,54.92
9018193,200812,P1004,21.5
9018194,201260,P1006,115.04
9018195,202057,P1003,69.13
9018196,201927,P1005,43.67
9018197,211791,P1006,22.82
9018198,204660,P1002,194.83
9018199,202598,P1004,79.86
9018200,208812,P1004,35.11
9018201,209497,P1001,146.45
9018202,201320,P1005,39.83
9018203,207749,P1003,22
9018204,208102,P1005,157.82
9018205,209612,P1001,122.4
9018206,201525,P1001,54.52
9018207,206269,P1005,72.92
9018208,211725,P1001,213.91
9018209,206241,P1001,120.03
9018210,205175,P1001,58.7
9018211,200627,P1001,102.6
9018212,210457,P1001,97.44
9018213,211139,P1001,132.04
9018214,201341,P1004,94.04
9018215,202368,P1001,28.23
9018216,201878,P1003,92.81
9018217,209810,P1002,105.89
9018218,201873,P1003,111.14
9018219,209694,P1003,277.38
9018220,203768,P1001,74.72
9018221,209146,P1006,45.14
9018222,209639,P1003,83.19
9018223,210929,P1006,16.82
9018224,200591,P1002,113.05
9018225,205858,P1002,25.61
9018226,200305,P1006,99.22
9018227,206214,P1004,74.29
9018228,207215,P1004,36.09
9018229,208658,P1003,283.08
9018230,204549,P1001,156.09
9018231,207818,P1003,96.28
9018232,205817,P1006,8.72
9018233,203030,P1005,158.02
9018234,208643,P1004,65.21
9018235,211226,P1001,99.61
9018236,210058,P1006,102.59
9018237,200360,P1003,121.76
9018238,205637,P1003,224.62
9018239,207904,P1003,76.4
9018240,202233,P1001,127.54
9018241,202783,P1005,124.94
9018242,204433,P1005,209.04
9018243,207716,P1006,124.92
9018244,207475,P1006,33.62
9018245,201271,P1002,9.28
9018246,201064,P1004,38.49
9018247,200162,P1003,49.56
9018248,206068,P1006,21.16
9018249,210882,P1006,73.48
9018250,202527,P1001,137.5
9018251,210701,P1004,42.96
9018252,205949,P1004,86.16
9018253,203830,P1003,62.93
9018254,204506,P1004,25.4
9018255,205292,P1002,53.09
9018256,205903,P1005,116.87
9018257,209860,P1005,306.4
9018258,201825,P1002,51.71
9018259,201446,P1004,83.38
9018260,205092,P1004,4.5
9018261,208402,P1005,134.76
9018262,204181,P1006,161.71
9018263,204487,P1004,90.26
9018264,202439,P1006,201.96
9018265,203267,P1004,31.59
9018266,208020,P1002,89.09
9018267,208622,P1001,153.69
9018268,209782,P1005,178.22
9018269,209961,P1006,215.54
9018270,206140,P1006,177.18
9018271,208282,P1002,21.1
9018272,205433,P1004,113.91
9018273,209810,P1002,94.84
9018274,204739,P1006,127
9018275,203498,P1005,85.5
9018276,200248,P1001,120.96
9018277,208829,P1003,21.72
9018278,205924,P1002,41.3
9018279,205859,P1001,26.5
9018280,211522,P1001,224.52
9018281,204851,P1004,129.88
9018282,206652,P1004,19.38
9018283,202937,P1003,39.4
9018284,203837,P1004,138.87
9018285,203651,P1001,193.81
9018286,202892,P1006,107.67
9018287,206210,P1001,51.74
9018288,208573,P1001,145.32
9018289,204674,P1005,115.44
9018290,206791,P1001,89.68
9018291,205250,P1001,26.72
9018292,204144,P1006,54.3
9018293,211693,P1006,79.65
9018294,211887,P1004,343.74
9018295,202985,P1001,97.47
9018296,209012,P1006,93.02
9018297,205991,P1002,71.48
9018298,208819,P1005,269.89
9018299,207712,P1005,56.11
9018300,200303,P1001,44.39
9018301,208814,P1006,105.45
9018302,203281,P1001,105.59
9018303,200714,P1006,49.19
9018304,211019,P1001,29.16
9018305,208641,P1004,29.26
9018306,205474,P1003,202.21
9018307,211356,P1003,40.55
9018308,204691,P1002,55.35
9018309,210838,P1003,51.73
9018310,208176,P1002,142.64
9018311,211154,P1004,132.71
9018312,203082,P1006,179.12
9018313,205207,P1004,7.12
9018314,210599,P1003,189.17
9018315,206561,P1003,193.21
9018316,208331,P1002,201.5
9018317,200187,P1005,33.39
9018318,211828,P1001,63.22
9018319,200130,P1005,65.2
9018320,203786,P1005,130.27
9018321,205585,P1005,362.39
9018322,202254,P1002,15.14
9018323,210676,P1004,108.55
9018324,203415,P1003,50.88
9018325,202397,P1003,286.28
9018326,201735,P1001,17.57
9018327,203203,P1005,64.79
9018328,205608,P1006,149.7
9018329,204638,P1001,70.02
9018330,205778,P1005,105.19
9018331,200277,P1004,299.36
9018332,205515,P1004,66.87
9018333,206469,P1006,82.54
9018334,205924,P1005,162.38
9018335,203206,P1002,109.73
9018336,205739,P1001,43.56
9018337,206027,P1002,143.84
9018338,209098,P1001,156.12
9018339,201193,P1005,147.86
9018340,205994,,159.25
9018341,210735,P1005,79.83
9018342,206770,P1003,61.76
9018343,202972,P1006,21.86
9018344,201051,P1001,13.51
9018345,204807,P1002,67.93
9018346,203956,P1005,43.93
9018347,202184,P1001,19.44
9018348,205393,P1005,50.16
9018349,205372,P1001,81.35
9018350,207152,P1001,19.8
9018351,204144,P1005,147.61
9018352,205846,P1003,114.24
9018353,203509,P1005,133.35
9018354,206134,P1005,7.04
9018355,206493,P1001,25.29
9018356,210075,P1004,40.19
9018357,204875,P1004,57.95
9018358,200795,P1006,30.09
9018359,209579,P1002,44.56
9018360,203097,P1001,201.39
9018361,211554,P1001,75.5
9018362,207293,P1002,58.47
9018363,208706,P1005,10.1
9018364,201857,P1005,333.63
9018365,211345,P1004,137.01
9018366,208049,P1005,88.61
9018367,210533,P1001,210.58
9018368,209642,P1004,116.12
9018369,203655,P1005,118.94
9018370,204326,P1004,118.36
9018371,204390,P1003,35.23
9018372,200646,P1002,108.52
9018373,202927,P1003,67.39
9018374,205605,P1001,70.85
9018375,203061,P1004,28.54
9018376,202307,P1003,111.39
9018377,203639,P1004,119.76
9018378,211113,P1005,84.91
9018379,207730,P1005,103.52
9018380,206424,P1004,233.49
9018381,200002,P1004,261.27
9018382,206552,P1002,22.12
9018383,208661,P1004,56.25
9018384,210642,P1005,60.72
9018385,209989,P1005,62.47
9018386,211160,P1006,84.39
9018387,206094,P1004,223.1
9018388,200173,P1004,247.57
9018389,208941,P1003,43.37
9018390,206706,P1001,264.27
9018391,205628,P1001,83.55
9018392,202525,P1003,67.19
9018393,207025,P1006,108.45
9018394,201163,P1002,119.84
9018395,208248,P1004,78.4
9018396,207963,P1002,217.74
9018397,201399,P1006,49.18
9018398,201427,P1005,95.87
9018399,206619,P1006,177.7
9018400,205125,P1002,46.38
9018401,205381,P1005,65.6
9018402,211298,P1002,92.05
9018403,205881,P1003,76.51
9018404,211132,P1004,110.63
9018405,201924,P1001,25.76
9018406,201202,P1006,244.16
9018407,206777,P1005,157.45
9018408,209239,P1005,13.26
9018409,201557,P1006,16.54
9018410,209107,P1001,170.1
9018411,211813,P1006,70.85
9018412,211779,P1005,112.46
9018413,211098,P1001,216.69
9018414,210391,P1001,311.71
9018415,210612,P1002,82.1
9018416,202962,P1002,70.42
9018417,203707,P1002,120.75
9018418,200678,P1005,133.54
9018419,209376,P1005,57
9018420,210823,P1002,85.44
9018421,200592,P1001,66.15
9018422,208967,P1006,49.92
9018423,209218,P1002,61.14
9018424,202506,P1002,67.86
9018425,208004,P1002,27.08
9018426,201264,P1002,209.16
9018427,209920,P1005,54.4
9018428,211529,P1003,64.49
9018429,211809,P1005,79.74
9018430,203321,P1002,80.54
9018431,209707,P1002,112.58
9018432,207416,P1003,3.3
9018433,209686,P1001,59.96
9018434,201941,P1006,33.85
9018435,211152,P1006,76.61
9018436,207312,P1004,27.31
9018437,207509,P1005,135.67
9018438,206283,P1005,189.71
9018439,204624,P1005,92.5
9018440,200053,P1006,96.08
9018441,205568,P1005,27.16
9018442,206690,P1001,57.36
9018443,208707,P1001,176.12
9018444,201102,P1003,53.93
9018445,204475,P1001,34.29
9018446,200662,P1003,220.99
9018447,210373,P1006,17.33
9018448,205253,P1006,199.53
9018449,211460,P1002,92.37
9018450,203869,P1004,40.87
9018451,202040,P1002,45.38
9018452,205695,P1001,11.25
9018453,206658,P1006,64.08
9018454,206985,P1005,103.12
9018455,203301,P1005,192.99
9018456,205472,P1004,104.73
9018457,201496,P1001,73.79
9018458,206956,P1006,119.15
9018459,209076,P1002,24.27
9018460,203785,P1004,111.04
9018461,200567,P1004,72.33
9018462,204634,P1006,90.61
9018463,209084,P1002,299.21
9018464,209819,P1003,100.5
9018465,203720,P1004,120.52
9018466,201833,P1002,209.52
9018467,208180,P1006,206.32
9018468,203643,P1003,108.93
9018469,200316,P1001,175.98
9018470,209188,P1004,112.87
9018471,203851,P1004,114.03
9018472,209025,P1004,36.59
9018473,203332,P1005,26.84
9018474,208320,P1002,49.78
9018475,203102,P1006,175.73
9018476,204526,P1002,54.87
9018477,202708,P1003,144.39
9018478,208840,P1002,61.14
9018479,202686,P1004,106.98
9018480,209706,P1004,43.02
9018481,207915,P1006,59.83
9018482,200812,P1002,90.44
9018483,205761,P1002,37.7
9018484,211657,P1002,51.11
9018485,208591,P1003,53.07
9018486,200136,P1001,19.72
9018487,206859,P1006,41.04
9018488,207476,P1006,11.43
9018489,209787,P1003,7.54
9018490,200848,P1005,112.5
9018491,205030,P1002,76.18
9018492,211092,P1006,33.44
9018493,209601,P1001,63.47
9018494,207081,P1004,66.72
9018495,202255,P1006,107.26
9018496,206615,P1003,62.27
9018497,207237,P1006,184.55
9018498,208738,P1003,109.78
9018499,204484,P1002,51.35
9018500,211252,P1004,190.98
9018501,204382,P1001,29.21
9018502,208734,P1004,29.26
9018503,203180,P1001,24.95
9018504,206932,P1003,50.32
9018505,209168,P1003,114.48
9018506,208099,P1003,271.23
9018507,206098,P1003,87.33
9018508,210127,P1005,18.4
9018509,201235,P1006,61.03
9018510,211244,P1003,153.41
9018511,202132,P1004,168.75
9018512,204453,P1003,35.77
9018513,211007,P1004,47.74
9018514,200151,P1001,54.74
9018515,202511,P1004,102.61
9018516,205852,P1002,224.35
9018517,206250,P1002,128.36
9018518,202212,P1002,54.32
9018519,203094,P1002,141.66
9018520,209164,P1003,85.51
9018521,200724,P1006,19.55
9018522,208826,P1006,109.08
9018523,203156,P1003,308.58
9018524,204094,P1002,64.03
9018525,201711,P1004,44.69
9018526,208529,P1005,34.3
9018527,206248,P1006,218.36
9018528,205902,P1005,47.96
9018529,206003,P1006,37.84
9018530,200274,P1004,197.65
9018531,203398,P1003,85.77
9018532,207612,P1003,25.2
9018533,204505,P1001,64.07
9018534,206784,P1005,154.82
9018535,210630,P1005,66.88
9018536,202626,P1006,109.91
9018537,204498,P1006,210
9018538,203483,P1006,126.69
9018539,208026,P1001,41.43
9018540,208959,P1005,12.16
9018541,207906,P1006,189.83
9018542,205728,P1005,32.88
9018543,210565,P1006,268.14
9018544,203914,P1003,86.37
9018545,211724,P1005,37.64
9018546,200964,P1006,78.89
9018547,201288,P1006,24.93
9018548,206739,P1004,95.51
9018549,211657,P1005,210.63
9018550,205078,P1001,210.12
9018551,204935,P1002,157.17
9018552,201062,P1006,24.37
9018553,202548,P1001,34.62
9018554,209807,P1003,111.41
9018555,204565,P1003,60.04
9018556,210332,P1001,111.89
9018557,207241,P1005,64.24
9018558,209233,P1002,130.9
9018559,200591,P1002,138.51
9018560,201365,P1006,151.51
9018561,205293,P1006,58.16
9018562,204733,P1001,108.98
9018563,200517,P1003,93.16
9018564,204459,P1006,27.63
9018565,211289,P1003,58.57
9018566,200987,P1006,103.55
9018567,211282,P1002,171.9
9018568,200404,P1004,287.77
9018569,204701,P1002,106.54
9018570,206111,P1005,37.14
9018571,209896,P1006,132.99
9018572,204561,P1001,126.39
9018573,205732,P1004,58.72
9018574,201686,P1004,120.08
9018575,203645,P1004,179.96
9018576,209221,P1004,253.76
9018577,211047,P1004,59.54
9018578,203028,P1003,152.65
9018579,210013,P1004,214.51
9018580,205727,P1006,101.64
9018581,207378,P1003,68.94
9018582,205095,P1002,101.23
9018583,206838,P1006,164.57
9018584,201005,P1001,51.75
9018585,209953,P1003,259.08
9018586,210359,P1005,145.86
9018587,208609,P1004,141.97
9018588,206075,P1006,134
9018589,211609,P1002,234.5
9018590,206143,P1001,50.23
9018591,211455,P1005,39.73
9018592,206937,P1003,111.7
9018593,208472,P1004,113.09
9018594,203870,P1003,151.65
9018595,209067,P1002,57.53
9018596,209311,P1003,54.16
9018597,210574,P1001,303.52
9018598,203921,P1005,139.33
9018599,203121,P1006,261.43
9018600,205544,P1001,43.61
9018601,207874,P1001,244.91
9018602,208122,P1002,152.55
9018603,207730,P1006,135.91
9018604,205084,P1001,126.07
9018605,208579,P1004,152.85
9018606,200201,P1005,65.9
9018607,208769,P1006,102.87
9018608,201279,P1004,180.46
9018609,205758,P1004,46.02
9018610,201697,P1004,142.18
9018611,209139,P1003,171.21
9018612,210127,P1005,120.66
9018613,201476,P1004,9.57
9018614,204562,P1004,106.01
9018615,210153,P1003,144.47
9018616,203196,P1004,13.19
9018617,210469,P1006,53.67
9018618,204975,P1003,139.46
9018619,211200,P1003,82.87
9018620,210261,P1005,118.93
9018621,209713,P1004,19.79
9018622,200253,P1001,138.71
9018623,200641,P1003,291.95
9018624,202946,P1002,163.05
9018625,201026,P1005,30.42
9018626,203726,P1001,52.3
9018627,202532,P1003,79.48
9018628,202702,P1002,67.42
9018629,205495,P1004,102.22
9018630,204775,P1001,120.48
9018631,203892,P1001,154.94
9018632,208981,P1003,84.82
9018633,210027,P1001,110.79
9018634,204986,P1005,135.22
9018635,204917,P1003,20.48
9018636,201814,P1001,136.82
9018637,203669,P1003,62.96
9018638,203371,P1002,1.37
9018639,200143,P1005,118
9018640,203535,P1003,21.12
9018641,210707,P1004,154.54
9018642,200175,P1003,53.24
9018643,204473,P1001,77.43
9018644,203517,P1004,60.78
9018645,210771,P1003,80.25
9018646,200883,P1001,175.84
9018647,210018,P1002,299.32
9018648,200825,P1001,29.91
9018649,211421,P1005,51.68
9018650,206394,P1001,78.97
9018651,211744,P1002,49.75
9018652,211257,P1006,89.97
9018653,204192,P1002,153.16
9018654,200619,P1003,220.66
9018655,206321,P1005,97.47
9018656,200877,P1004,12.67
9018657,204662,P1004,55.22
9018658,207377,P1005,91.23
9018659,210264,P1005,37.52
9018660,211750,P1001,65.02
9018661,210551,P1001,43.52
9018662,205880,P1001,45.47
9018663,207384,P1003,74.13
9018664,205782,P1002,133.32
9018665,211417,P1003,83.97
9018666,211325,P1005,195.15
9018667,201650,P1006,92.03
9018668,210946,P1005,16.04
9018669,205489,P1002,22.12
9018670,205062,P1006,87.72
9018671,209180,P1004,130.78
9018672,204888,P1003,85.01
9018673,206903,P1004,45.8
9018674,200501,P1006,77.5
9018675,201379,P1004,176.79
9018676,200373,P1002,166.24
9018677,201561,P1006,87.87
9018678,202382,P1005,72.45
9018679,211644,P1001,327.91
9018680,210136,P1002,142.53
9018681,204036,P1001,68.79
9018682,209446,P1003,207.33
9018683,204822,P1006,194.32
9018684,200954,P1004,120.94
9018685,207490,P1003,152.48
9018686,211213,P1005,24.82
9018687,203357,P1005,99.12
9018688,209209,P1004,112.12
9018689,205998,P1003,12.91
9018690,203445,P1001,84.73
9018691,204106,P1005,95.36
9018692,200056,P1003,253.15
9018693,211797,P1003,56.59
9018694,205112,P1002,27.95
9018695,205033,P1001,165.33
9018696,203032,P1004,44.06
9018697,200758,P1006,77.12
9018698,203135,P1004,22.1
9018699,204238,P1004,98.96
9018700,209498,P1006,203.37
9018701,206631,P1004,265.97
9018702,207435,P1003,68.17
9018703,206164,P1006,161.8
9018704,201989,P1003,38.16
9018705,209278,P1006,66.19
9018706,208864,P1006,184.1
9018707,202131,P1004,71.65
9018708,208634,P1005,172.65
9018709,201684,P1001,136.14
9018710,205792,P1005,17.03
9018711,207551,P1004,51.83
9018712,205079,P1005,70.57
9018713,208267,P1004,84.35
9018714,207322,P1002,214.46
9018715,207969,P1006,37
9018716,211671,P1005,42.48
9018717,200617,P1005,48.06
9018718,202813,P1003,101.69
9018719,211474,P1005,17.54
9018720,201780,P1006,130.64
9018721,203014,P1001,138.14
9018722,209733,P1001,129.62
9018723,205446,P1002,63.6
9018724,211527,P1005,86.3
9018725,206408,P1005,55.63
9018726,206161,P1006,125.84
9018727,204572,P1002,156.84
9018728,205637,P1006,153.16
9018729,202034,P1004,54.83
9018730,201981,P1002,125.92
9018731,210377,P1003,50.7
9018732,201420,P1006,40.83
9018733,204966,P1005,79.08
9018734,208705,P1005,72.82
9018735,203701,P1006,95.29
9018736,201139,P1004,105.55
9018737,203073,P1006,244.24
9018738,201711,P1005,275.23
9018739,200978,P1004,195.54
9018740,205573,P1001,15.55
9018741,209811,P1004,143.45
9018742,210460,P1004,114.44
9018743,202055,P1002,41.99
9018744,202194,P1006,41.25
9018745,202866,P1003,355.59
9018746,201311,P1002,84.47
9018747,200587,P1005,81.75
9018748,205021,P1004,12.09
9018749,207248,P1006,138.83
9018750,203343,P1001,102.44
9018751,207270,P1006,51.73
9018752,203719,P1005,71.62
9018753,210883,P1002,44.91
9018754,200485,P1003,265.43
9018755,210373,P1005,66.2
9018756,205839,P1001,75.39
9018757,205339,P1003,28.52
9018758,200616,P1006,53.32
9018759,210112,P1002,156.92
9018760,205487,P1003,46.78
9018761,203195,P1006,58.9
9018762,202592,P1004,30.96
9018763,208758,P1003,62.03
9018764,200663,P1003,105.7
9018765,211907,P1001,82.72
9018766,207406,P1003,40.85
9018767,204405,P1001,31.53
9018768,203283,P1002,106.83
9018769,211253,P1006,51.99
9018770,206168,P1004,171.77
9018771,209350,P1004,13.01
9018772,209403,P1002,114.53
9018773,210545,P1002,49.6
9018774,204428,P1004,49.96
9018775,201997,P1002,92.95
9018776,201557,P1004,158.6
9018777,200337,P1002,65.09
9018778,201509,P1001,121.35
9018779,203818,P1001,152.8
9018780,204610,P1002,44.79
9018781,210776,P1001,114.77
9018782,200150,P1002,82.49
9018783,203540,P1001,28.22
9018784,204520,P1002,172.49
9018785,204456,P1006,49.63
9018786,203239,P1001,152.32
9018787,208470,P1005,50.32
9018788,210745,P1002,248.19
9018789,201105,P1005,226.12
9018790,202319,P1002,192.03
9018791,203257,,69.86
9018792,211671,P1006,129.19
9018793,209021,P1001,153.04
9018794,205997,P1005,85.98
9018795,210796,P1004,209.31
9018796,203975,P1006,76.54
9018797,201259,P1003,120.78
9018798,210305,P1004,116.41
9018799,203024,P1006,98.76
9018800,209959,P1006,170.58
9018801,202810,P1002,220.16
9018802,209945,P1006,115.17
9018803,201556,P1004,268.44
9018804,208367,P1005,75.74
9018805,209279,P1006,127.55
9018806,200033,P1002,163.29
9018807,211494,P1004,115.78
9018808,204493,P1006,141.17
9018809,201426,P1003,59.68
9018810,211667,P1003,46.02
9018811,207023,P1004,75.27
9018812,207205,P1003,69.16
9018813,209749,P1002,83.2
9018814,209276,P1002,44.15
9018815,206722,P1001,81.93
9018816,202637,P1003,18.44
9018817,204036,P1002,48.28
9018818,203629,P1001,88.11
9018819,203247,P1003,36.78
9018820,207627,P1004,116.16
9018821,205663,P1003,164.92
9018822,203266,P1006,129.51
9018823,206721,P1003,107.15
9018824,211519,P1006,87.84
9018825,200972,P1004,139.35
9018826,209564,P1001,43.81
9018827,210515,P1004,111.5
9018828,206770,P1004,122.35
9018829,203051,P1002,251.57
9018830,209804,P1004,99.52
9018831,202715,P1005,84.04
9018832,205435,P1001,105.25
9018833,203374,P1002,93.18
9018834,202391,P1001,183.83
9018835,210703,P1001,334.47
9018836,211859,P1005,164.34
9018837,203684,P1001,32.65
9018838,207816,P1005,39.53
9018839,209214,P1003,102.79
9018840,202011,P1005,162.59
9018841,208775,P1003,54.54
9018842,203262,P1005,129.04
9018843,208323,P1001,83.95
9018844,205109,P1006,62.3
9018845,210971,P1005,16.92
9018846,201593,P1005,207.99
9018847,204272,P1003,124.12
9018848,211850,P1004,30.71
9018849,211070,P1003,12.4
9018850,207609,P1004,70.74
9018851,203662,P1004,60.78
9018852,207736,P1006,26.97
9018853,200839,P1005,263.07
9018854,208178,P1002,111.2
9018855,210642,P1005,126.78
9018856,202208,P1006,24.59
9018857,201883,P1001,82.74
9018858,207748,P1001,48.72
9018859,205380,P1002,85.34
9018860,203103,P1002,43.25
9018861,206774,P1001,174.39
9018862,202441,P1004,14.17
9018863,211414,P1003,52.07
9018864,210690,P1003,65.35
9018865,203111,P1006,100.1
9018866,210516,P1004,71.28
9018867,204051,P1004,40.94
9018868,208632,P1006,194.27
9018869,205831,P1005,88.09
9018870,205439,P1006,28.95
9018871,207266,P1005,42.33
9018872,207323,P1002,26.71
9018873,209604,P1004,108.51
9018874,210179,P1003,55.22
9018875,204097,P1006,119.38
9018876,204483,P1005,212.77
9018877,201902,P1006,197.68
9018878,201801,P1001,108.48
9018879,206574,P1002,26.68
9018880,211732,P1005,65.54
9018881,200244,P1001,138.77
9018882,203001,P1003,216.44
9018883,203512,P1001,58.35
9018884,208738,P1002,132.72
9018885,207317,P1003,106.03
9018886,201265,P1005,176.34
9018887,206031,P1002,47.87
9018888,205799,P1001,123.21
9018889,210274,P1004,39.28
9018890,209163,P1004,99.93
9018891,201075,P1005,17.94
9018892,211544,P1001,48.19
9018893,206250,P1005,11.4
9018894,209075,P1003,128.38
9018895,204344,P1004,164.66
9018896,211506,P1006,29.88
9018897,201388,P1006,116.83
9018898,201352,P1003,113.93
9018899,206735,P1004,63.36
9018900,209570,P1002,39.49
9018901,208822,P1006,194.33
9018902,203303,P1002,56.69
9018903,206062,P1003,93.49
9018904,201357,P1005,27.31
9018905,209807,P1004,29.03
9018906,204997,P1002,97.86
9018907,209629,P1003,117.74
9018908,205016,P1006,348.38
9018909,201981,P1006,132.5
9018910,210355,P1004,62.02
9018911,206350,P1003,244.42
9018912,211621,P1006,19.95
9018913,204467,P1003,187.51
9018914,203525,P1002,87.21
9018915,211663,P1003,76.45
9018916,204020,P1004,128.78
9018917,206301,P1003,77.12
9018918,206108,P1005,40.42
9018919,203634,P1003,105.46
9018920,205288,P1006,27.44
9018921,201570,P1004,93.69
9018922,205894,P1003,160.18
9018923,200575,P1004,63.22
9018924,207363,P1005,111.82
9018925,203835,P1005,94.96
9018926,205000,P1003,144.35
9018927,202790,P1005,16.29
9018928,211586,P1002,45.92
9018929,201005,P1002,132.11
9018930,205690,P1001,51.68
9018931,210886,P1002,59.49
9018932,208526,P1006,106.97
9018933,208473,P1003,109.83
9018934,203090,P1003,145.73
9018935,211913,,102.05
9018936,201739,P1005,44.18
9018937,200647,P1003,110.93
9018938,205609,P1005,109.55
9018939,202325,P1004,169.74
9018940,207877,,160.4
9018941,207622,P1001,227.16
9018942,206913,P1001,69.24
9018943,205097,P1002,86.88
9018944,201236,P1006,34.77
9018945,205124,P1006,97.79
9018946,210591,P1003,110.15
9018947,207518,P1002,72.94
9018948,209590,P1005,86.8
9018949,207150,P1004,70.67
9018950,211195,P1001,52.23
9018951,204210,P1005,23.03
9018952,206350,P1001,99.44
9018953,200213,P1006,233.6
9018954,208163,P1003,64.24
9018955,205022,P1003,59.75
9018956,207852,P1006,56.24
9018957,200037,P1004,57.26
9018958,201704,P1004,29.94
9018959,211347,P1003,339.86
9018960,200970,P1005,117.91
9018961,206066,P1006,79.63
9018962,202481,P1004,271.47
9018963,209376,P1006,47.47
9018964,209930,P1003,179.37
9018965,207760,P1002,83.54
9018966,200053,P1004,108.65
9018967,210469,P1004,186.49
9018968,210200,P1002,159.65
9018969,204985,P1004,48.12
9018970,206744,P1001,13.35
9018971,208080,P1004,83.42
9018972,202033,P1003,106.45
9018973,211030,P1006,126.52
9018974,210576,P1006,51.73
9018975,209117,P1005,85.77
9018976,205054,P1001,62.52
9018977,204694,P1006,99.02
9018978,201955,P1002,65.56
9018979,210560,P1003,85.63
9018980,203158,P1005,107.84
9018981,210902,P1001,64.5
9018982,204716,P1005,239.91
9018983,209131,P1003,69.77
9018984,205613,P1001,166.32
9018985,206659,P1002,29.95
9018986,201037,P1005,104.78
9018987,205655,P1001,71.09
9018988,200071,P1003,34.7
9018989,206348,P1005,6.21
9018990,202402,P1006,81.78
9018991,200178,P1003,285.05
9018992,210105,P1001,91.74
9018993,201809,P1006,170.55
9018994,200238,P1004,420.76
9018995,209411,P1002,45.62
9018996,205540,P1004,102.43
9018997,208329,P1001,66.97
9018998,211442,P1004,46.66
9018999,211532,P1001,65.52
9019000,201416,P1006,102.91
9019001,211424,P1006,38.83
9019002,211069,P1004,92.77
9019003,206019,P1004,11.49
9019004,203383,P1004,103.46
9019005,209330,P1006,101.92
9019006,207991,P1006,100.86
9019007,207964,P1005,12.23
9019008,208636,P1003,119.97
9019009,203109,P1006,1.71
9019010,211886,P1004,165.48
9019011,209508,P1004,175.29
9019012,204147,P1004,208.64
9019013,210641,P1001,56.73
9019014,201534,P1005,49.18
9019015,210274,P1004,301.73
9019016,200848,P1004,56.48
9019017,202261,P1001,69.28
9019018,211641,P1002,81.12
9019019,201796,P1002,81.59
9019020,208061,P1002,70.71
9019021,202604,P1001,123.3
9019022,210776,P1003,55.23
9019023,204972,P1001,268.08
9019024,200493,P1001,59.65
9019025,208072,P1002,64.95
9019026,211516,P1001,76.49
9019027,210603,P1006,116.34
9019028,210384,P1005,128.97
9019029,209151,P1002,92.8
9019030,206958,P1006,65.85
9019031,203027,P1002,147.79
9019032,208700,P1003,58.48
9019033,207772,P1004,122.36
9019034,206528,P1002,18.56
9019035,207939,P1002,28.38
9019036,211665,P1001,74.17
9019037,203711,P1002,40.54
9019038,210089,P1002,173.78
9019039,207425,P1002,36.59
9019040,200836,P1002,93.79
9019041,204030,P1002,69.22
9019042,202821,P1005,192.18
9019043,203485,P1003,174.34
9019044,201263,P1003,100.67
9019045,208487,P1002,63.94
9019046,204326,P1006,32.88
9019047,208049,P1005,130.46
9019048,201788,P1001,147.83
9019049,202150,P1003,107.63
9019050,204733,P1003,174.29
9019051,206978,P1004,48.35
9019052,206592,P1005,58.32
9019053,203350,P1003,30.15
9019054,202374,P1002,65.65
9019055,205736,P1005,92.01
9019056,209353,P1005,11.54
9019057,207309,P1006,58.64
9019058,211773,P1003,73.41
9019059,209749,P1006,97.02
9019060,202619,P1002,126.99
9019061,203339,P1003,187.33
9019062,205334,P1002,107.35
9019063,209556,P1003,12.57
9019064,209486,P1004,126.99
9019065,207170,P1001,165.05
9019066,204214,P1003,162.42
9019067,210315,P1005,48.76
9019068,209937,P1005,130.92
9019069,208593,P1001,27.96
9019070,205380,P1003,53.19
9019071,203883,P1003,76.52
9019072,207061,P1002,22.43
9019073,210606,P1003,137.01
9019074,202050,P1004,56.91
9019075,206326,P1006,21.95
9019076,210866,P1002,202.31
9019077,201060,P1006,60.1
9019078,209720,P1001,33.43
9019079,210697,P1005,152.23
9019080,202237,P1004,93.42
9019081,203816,P1002,210.35
9019082,201486,P1002,32.26
9019083,207703,P1003,92.26
9019084,207097,P1004,12.28
9019085,205492,P1001,72.24
9019086,209059,P1003,56.54
9019087,203150,P1003,132.13
9019088,207504,P1003,108.78
9019089,202166,P1003,156.52
9019090,205545,P1001,41.82
9019091,202431,P1002,13.01
9019092,206395,P1004,123.17
9019093,201347,P1004,59.23
9019094,211722,P1006,141.45
9019095,210505,P1002,68.47
9019096,209179,P1006,52.12
9019097,206272,P1004,58.26
9019098,208735,P1001,160.38
9019099,208432,P1004,155.64
9019100,210283,P1004,130.34
9019101,202577,P1004,143.69
9019102,202334,P1003,84.64
9019103,205924,P1006,95.37
9019104,201739,P1001,103.81
9019105,206512,P1002,119.54
9019106,208412,P1002,70.85
9019107,204142,P1002,44.16
9019108,204992,P1001,282.05
9019109,211326,P1001,189.09
9019110,209026,P1002,37.31
9019111,200138,P1005,49.76
9019112,200627,P1002,29.41
9019113,201305,P1006,240.48
9019114,209031,P1005,28.18
9019115,209360,P1002,143.54
9019116,203264,P1001,40.36
9019117,201964,P1004,127.43
9019118,202612,P1005,53.75
9019119,201291,P1002,213.85
9019120,207129,P1002,43.91
9019121,208383,P1003,221.6
9019122,204258,P1001,15.97
9019123,200797,P1003,65.21
9019124,211951,P1001,152.77
9019125,200422,P1006,220.99
9019126,210608,P1005,76.87
9019127,202082,P1005,26.33
9019128,203021,P1001,53.62
9019129,201622,P1001,58.62
9019130,208874,P1002,141.12
9019131,201106,P1002,98.18
9019132,201203,P1005,31.13
9019133,207009,P1005,101.6
9019134,207368,P1004,16.08
9019135,205208,P1006,78.07
9019136,205567,P1002,221.74
9019137,200631,P1003,54.71
9019138,211502,P1004,72.16
9019139,205592,P1006,36.66
9019140,209333,P1002,9.5
9019141,205116,P1006,52.87
9019142,209744,P1002,210.39
9019143,210196,P1002,29.17
9019144,208600,P1006,126.42
9019145,200769,P1001,58.12
9019146,205855,P1003,58.86
9019147,201569,P1005,74.16
9019148,204476,P1001,103.27
9019149,201427,,30.82
9019150,204839,P1002,91.94
9019151,210966,P1005,36.53
9019152,203961,P1006,234.6
9019153,204538,P1002,128.54
9019154,201168,P1003,210.2
9019155,210945,P1005,66.15
9019156,209108,P1006,114.83
9019157,208141,P1005,26.62
9019158,206513,P1002,28.02
9019159,211177,P1001,90.3
9019160,202155,P1004,146.81
9019161,211148,P1006,63.67
9019162,202527,P1003,119.57
9019163,201547,P1003,22.54
9019164,204550,P1001,37.93
9019165,206587,P1001,62.75
9019166,209970,P1006,135.57
9019167,206474,P1005,23.44
9019168,204210,P1003,168.17
9019169,207727,P1006,14.48
9019170,200205,P1004,93.67
9019171,204806,P1002,193.28
9019172,200494,P1003,5.01
9019173,203881,P1002,136.96
9019174,205636,P1005,57.3
9019175,200221,P1003,92.1
9019176,209495,P1003,30.39
9019177,206678,P1006,211.04
9019178,204586,P1004,147.71
9019179,204656,P1001,51.42
9019180,207637,P1003,150.9
9019181,202258,P1003,155.85
9019182,206445,P1005,174.34
9019183,209578,P1005,67.42
9019184,206428,P1003,98.9
9019185,201921,P1004,162.98
9019186,204128,P1003,95.3
9019187,206221,P1002,57.89
9019188,201007,P1002,123.72
9019189,208418,P1005,110.57
9019190,205679,P1001,76.31
9019191,210625,P1005,212.61
9019192,206129,P1002,153.15
9019193,211827,P1003,54.64
9019194,202932,P1006,52.06
9019195,209777,P1006,106.11
9019196,201315,P1002,34.2
9019197,200576,P1003,46.5
9019198,201182,P1001,126.11
9019199,201866,P1005,79.68
9019200,207836,P1004,110.84
9019201,210043,P1004,80.98
9019202,206559,P1005,124.05
9019203,204061,P1005,214.9
9019204,205432,P1006,52.45
9019205,200023,P1003,59.5
9019206,208301,P1002,47.74
9019207,207630,P1005,135.12
9019208,203167,P1006,91.07
9019209,206718,P1003,60.44
9019210,209881,P1002,162.5
9019211,206759,P1004,254.68
9019212,205999,P1004,99.42
9019213,207838,P1006,32.44
9019214,206520,P1003,190.28
9019215,207971,P1005,25.51
9019216,201193,P1001,222
9019217,206246,P1002,63.7
9019218,206816,P1001,27.09
9019219,200933,P1002,96.42
9019220,202278,P1005,158.46
9019221,201428,P1006,8.32
9019222,207926,P1001,93.63
9019223,201822,P1005,171.81
9019224,202514,P1004,94.09
9019225,202371,P1006,31.39
9019226,201270,,61.24
9019227,208579,P1003,17.25
9019228,206999,P1006,175.43
9019229,206098,P1003,29.41
9019230,202811,P1001,110.61
9019231,200373,P1001,214.41
9019232,209559,P1001,255.98
9019233,211833,P1003,124.89
9019234,204644,P1002,119.13
9019235,209354,P1004,136.9
9019236,208982,P1005,38.39
9019237,210801,P1005,65.43
9019238,208057,P1004,291.21
9019239,208456,P1001,150.27
9019240,204686,P1001,40.74
9019241,210847,P1006,77.07
9019242,205716,P1005,36.89
9019243,205297,P1006,133.13
9019244,209273,P1003,233.31
9019245,206544,P1002,109.45
9019246,202133,P1005,152.54
9019247,204752,P1005,207.49
9019248,208599,P1002,77.46
9019249,203705,P1002,139.5
9019250,205384,P1001,104.57
9019251,204749,P1004,48.64
9019252,202843,P1006,144.92
9019253,207011,P1001,46.53
9019254,200007,P1001,154.05
9019255,209375,P1003,42.11
9019256,211760,P1005,93.61
9019257,206301,P1006,154.84
9019258,202713,P1002,217.04
9019259,201260,P1003,87.65
9019260,207070,P1003,141.55
9019261,210380,P1002,128.23
9019262,200566,P1001,48.75
9019263,204053,P1004,132.53
9019264,207805,P1003,46.89
9019265,200483,P1004,131.95
9019266,209432,P1005,43.75
9019267,203506,P1003,37.06
9019268,200618,P1003,73.28
9019269,203744,P1001,103.39
9019270,205441,P1004,113.19
9019271,210928,P1003,110.78
9019272,207243,P1004,79.34
9019273,204517,P1004,230.66
9019274,211447,P1006,53.03
9019275,207312,P1002,69.03
9019276,210110,P1006,289.33
9019277,202416,P1004,54.15
9019278,201682,P1001,184.62
9019279,200874,P1004,65.17
9019280,201628,P1006,177.81
9019281,203473,P1005,164.08
9019282,200690,P1005,268.94
9019283,210640,P1004,20.66
9019284,210648,P1004,80.23
9019285,211542,P1005,71.11
9019286,203877,P1001,15.3
9019287,202889,P1002,170.12
9019288,202825,P1003,80.21
9019289,209642,P1003,234.78
9019290,205806,P1004,60.7
9019291,202206,P1005,87.92
9019292,211318,P1001,59.49
9019293,200879,P1003,146.02
9019294,204653,P1004,32.4
9019295,204136,P1005,48.75
9019296,203245,P1002,63.14
9019297,202872,P1006,92.22
9019298,206951,P1005,145.62
9019299,210415,P1006,139.37
9019300,204357,P1004,93.27
9019301,200528,P1003,49.99
9019302,210531,P1005,254.68
9019303,207345,P1005,148.26
9019304,210266,P1004,9.7
9019305,207449,P1002,325.45
9019306,204964,P1006,77.39
9019307,202997,P1005,193.88
9019308,208727,P1001,57.51
9019309,208224,P1005,67.4
9019310,207300,P1005,53.11
9019311,200335,P1004,63.39
9019312,204624,P1006,79
9019313,206105,P1003,25.23
9019314,210986,P1003,35.18
9019315,204913,P1006,29.3
9019316,206963,P1003,85.84
9019317,200491,P1005,51.88
9019318,204276,P1006,49.13
9019319,204879,P1001,12.79
9019320,207283,P1001,298
9019321,205693,P1003,124.12
9019322,207236,P1001,90.8
9019323,210399,P1001,38.21
9019324,204507,P1002,225.95
9019325,209654,P1001,156.3
9019326,211413,P1001,164.95
9019327,205436,P1004,80.98
9019328,211452,P1004,7.15
9019329,203841,P1001,45.1
9019330,200166,P1001,238.66
9019331,200307,P1003,193.32
9019332,205197,P1004,310.66
9019333,206784,P1002,137.87
9019334,206939,P1005,24.37
9019335,202366,P1005,109.79
9019336,202725,P1005,108.17
9019337,208954,P1005,157.43
9019338,209386,P1005,33.31
9019339,210212,P1002,129.14
9019340,208253,P1001,186.96
9019341,209159,P1005,43.29
9019342,206059,P1006,83.57
9019343,202052,P1001,122.73
9019344,209189,P1006,36.54
9019345,208296,P1003,98.81
9019346,206046,P1003,51.31
9019347,204274,P1005,147.97
9019348,201769,P1003,117.49
9019349,211755,P1005,88.85
9019350,211677,P1003,123.14
9019351,203893,P1005,100.36
9019352,207156,P1006,49.54
9019353,202917,P1001,410.43
9019354,200423,P1005,69.74
9019355,200277,P1006,166.74
9019356,207801,P1005,22.13
9019357,207858,P1004,109.68
9019358,201296,P1004,431.51
9019359,203377,P1002,85.56
9019360,205951,P1001,204.19
9019361,207217,P1006,68.55
9019362,210901,P1003,74.49
9019363,210557,P1005,29.27
9019364,206264,P1002,136.32
9019365,200537,P1003,176.09
9019366,206058,P1005,326.29
9019367,206487,P1005,74.57
9019368,210210,P1001,56.49
9019369,211286,P1002,50.61
9019370,209820,P1001,110.02
9019371,205874,P1004,219.48
9019372,202447,P1001,131.39
9019373,203681,P1005,83.83
9019374,202413,P1002,139.15
9019375,201308,P1004,35.29
9019376,202975,P1002,76.9
9019377,204900,P1006,82.6
9019378,202234,P1003,123.22
9019379,201910,P1004,26.84
9019380,201395,P1002,105.38
9019381,201526,P1005,133.33
9019382,209456,P1003,32.94
9019383,205002,P1004,43.2
9019384,208986,P1005,63.25
9019385,206537,P1002,100.19
9019386,200122,P1001,19.03
9019387,210457,P1002,25.7
9019388,200808,P1003,41.36
9019389,203313,P1002,155.88
9019390,211082,P1003,132.15
9019391,203703,,102.45
9019392,206566,P1002,54.61
9019393,211313,P1002,77.25
9019394,207400,P1002,126.48
9019395,206807,P1003,64.58
9019396,201438,P1002,118.27
9019397,209650,P1002,223.14
9019398,201353,P1005,171.73
9019399,205350,P1002,47.74
9019400,209321,P1003,202.12
9019401,206698,P1002,62.93
9019402,205926,P1001,71.28
9019403,203569,P1005,145.59
9019404,205637,P1004,68.58
9019405,206794,P1001,114.41
9019406,208320,P1002,108.7
9019407,200574,P1001,135.03
9019408,202469,P1004,86.76
9019409,200977,P1002,52.02
9019410,201437,P1001,220.51
9019411,206590,P1005,128.75
9019412,202646,P1002,88.29
9019413,203579,P1001,24.09
9019414,202785,P1003,27.64
9019415,200126,P1005,50.08
9019416,200758,P1001,71.2
9019417,207001,P1001,146.19
9019418,203853,P1005,58.38
9019419,205490,P1006,137.27
9019420,203460,P1003,35.5
9019421,208004,P1002,37
9019422,209794,P1004,105.39
9019423,208861,P1005,85.49
9019424,205532,P1006,32.38
9019425,202074,P1004,143.65
9019426,203742,P1003,38.19
9019427,211517,P1002,49.09
9019428,210860,P1003,18.48
9019429,210625,P1001,95.17
9019430,210997,P1002,74.52
9019431,208953,P1006,69.38
9019432,205346,P1004,85.57
9019433,211322,P1002,242.99
9019434,208405,P1002,131.13
9019435,205912,P1003,60.51
9019436,202108,P1005,111.85
9019437,200629,P1002,194.13
9019438,205985,P1001,74.05
9019439,203038,P1006,16.57
9019440,201280,P1005,178.49
9019441,204755,P1004,145.64
9019442,200207,P1006,117.67
9019443,210064,P1004,50.07
9019444,204553,P1006,47.78
9019445,207973,P1006,22.39
9019446,200042,P1003,94.96
9019447,209305,P1005,52.62
9019448,202567,P1006,141.71
9019449,207706,P1003,138.43
9019450,205283,P1005,31.57
9019451,203790,P1002,27.95
9019452,204064,P1005,41.89
9019453,207529,P1004,237.35
9019454,201337,P1006,44.42
9019455,210630,P1003,41.17
9019456,208053,P1001,48.51
9019457,206856,P1006,93.1
9019458,201421,P1006,163.47
9019459,203062,P1003,121.33
9019460,204160,P1005,100.53
9019461,202918,P1005,115.9
9019462,202256,P1003,90.93
9019463,209587,P1005,208.57
9019464,207872,P1002,80.64
9019465,209101,P1002,38.26
9019466,202825,P1006,31.66
9019467,211114,P1003,167.52
9019468,208353,P1001,224.08
9019469,200691,P1002,38.74
9019470,211044,P1006,140.49
9019471,205712,P1001,160.84
9019472,211155,P1006,225.87
9019473,204946,P1004,26.31
9019474,205919,P1004,73.53
9019475,209976,P1001,72.59
9019476,211509,P1002,41.05
9019477,201604,P1002,65.73
9019478,204729,P1002,136.55
9019479,202101,P1001,93.98
9019480,203202,P1005,17.71
9019481,203409,P1006,21.94
9019482,202997,P1001,76.47
9019483,204111,P1004,141.36
9019484,206965,P1001,127.25
9019485,207476,P1005,100.59
9019486,205346,P1006,36.82
9019487,211941,P1003,72.91
9019488,206076,P1001,94.47
9019489,203478,P1006,110.61
9019490,202899,P1001,185.87
9019491,206250,P1003,54.47
9019492,206775,P1002,34.85
9019493,206391,P1002,43.79
9019494,204479,P1006,190.86
9019495,206737,P1004,60.04
9019496,202765,P1003,108.08
9019497,203394,P1001,107.15
9019498,201018,P1006,43.08
9019499,205001,P1003,289.83
9019500,209581,P1006,158.36
9019501,208390,P1002,73.34
9019502,206576,P1006,150.04
9019503,201550,P1003,89.32
9019504,210857,P1006,354.35
9019505,207638,P1005,36.25
9019506,202824,P1006,120.72
9019507,207744,P1001,99.62
9019508,203057,P1005,106.61
9019509,207803,P1003,81.23
9019510,206026,P1005,97.71
9019511,211273,P1005,284.2
9019512,211532,P1001,44.4
9019513,201762,P1005,61.74
9019514,205486,P1004,171.17
9019515,203579,P1005,62.19
9019516,210022,P1006,329.8
9019517,203520,P1001,52.93
9019518,204739,P1006,30.92
9019519,210953,P1006,53.2
9019520,210582,P1001,30.62
9019521,206129,P1003,87.45
9019522,203757,P1005,238.69
9019523,204609,P1004,123.07
9019524,207723,P1002,58.7
9019525,204155,P1002,58.06
9019526,211136,P1004,91.33
9019527,208244,P1002,85.18
9019528,207173,P1001,82.77
9019529,203753,P1003,160.59
9019530,202714,P1006,21.52
9019531,207484,P1002,301.39
9019532,209520,P1001,242.81
9019533,204448,P1006,149.96
9019534,209257,P1004,100.14
9019535,211219,P1003,54.54
9019536,210450,P1005,317.45
9019537,211631,P1003,98.27
9019538,209047,P1004,110.47
9019539,201411,P1005,188.39
9019540,201218,P1003,65.52
9019541,202572,P1006,62.06
9019542,203407,P1003,163.54
9019543,210846,P1003,217.76
9019544,206121,P1005,105.8
9019545,203989,P1005,35.79
9019546,204855,P1005,39.83
9019547,211335,P1005,128.67
9019548,211802,P1003,27.48
9019549,206360,P1005,111.33
9019550,202040,P1003,49.17
9019551,211208,P1004,76.33
9019552,201297,P1003,84.06
9019553,210098,P1005,78.75
9019554,210906,P1005,73.71
9019555,206076,P1001,74.13
9019556,204154,P1005,31.22
9019557,200654,P1006,50.74
9019558,202528,P1003,92.14
9019559,208034,P1001,41.54
9019560,208549,P1002,30.1
9019561,201972,P1004,32.97
9019562,209604,P1005,134.23
9019563,206659,P1002,34.28
9019564,208874,P1001,61.23
9019565,208546,P1006,264.85
9019566,201697,P1001,265.12
9019567,204123,P1003,93.85
9019568,211134,P1003,50.75
9019569,211600,P1003,81.02
9019570,209268,P1005,153.5
9019571,202016,P1001,88.77
9019572,211920,P1003,101.28
9019573,202728,P1003,77.22
9019574,208379,P1003,167.64
9019575,208415,P1006,85.98
9019576,202704,P1002,48.1
9019577,200818,P1005,145.43
9019578,210481,P1003,98.5
9019579,204479,P1005,16.45
9019580,210594,P1004,50.96
9019581,200519,P1003,66.94
9019582,205181,P1002,40.12
9019583,201286,P1001,12
9019584,203343,P1003,348.57
9019585,200943,P1002,133.49
9019586,207608,P1002,77.37
9019587,202186,P1006,177.75
9019588,206579,P1006,261.99
9019589,203101,P1002,219.49
9019590,205812,P1006,136.47
9019591,209655,P1005,78.12
9019592,202879,P1005,48.09
9019593,210745,P1004,80.97
9019594,209327,P1005,110.7
9019595,204696,P1004,45.39
9019596,209178,P1002,65.33
9019597,210991,P1002,42.8
9019598,205697,P1003,45.89
9019599,207603,P1005,118.33
9019600,201142,P1003,76.85
9019601,203617,P1004,115.61
9019602,208601,P1004,211.63
9019603,201205,P1003,36.45
9019604,210277,P1003,136.53
9019605,208413,P1005,33.32
9019606,201687,P1001,73.94
9019607,204245,P1004,162.99
9019608,209757,P1001,31.19
9019609,210799,P1002,56.6
9019610,211148,P1002,187.89
9019611,210280,P1003,177.85
9019612,202692,P1002,57.36
9019613,205342,P1006,68.41
9019614,207523,P1005,92.81
9019615,203587,P1001,29.59
9019616,204504,P1004,64.51
9019617,200154,P1002,172.35
9019618,209076,P1006,66.37
9019619,208991,P1002,16.07
9019620,208961,P1005,111.3
9019621,200696,P1002,53.65
9019622,205535,P1002,219.75
9019623,204478,P1002,75.88
9019624,210383,P1003,199.68
9019625,202073,P1003,77.27
9019626,201755,P1002,16.39
9019627,202602,P1003,23.17
9019628,206008,P1003,116.06
9019629,201529,P1004,71.25
9019630,207783,P1004,209.9
9019631,201478,P1006,79.12
9019632,209236,P1001,82.24
9019633,208260,P1001,88.23
9019634,207774,P1003,70.91
9019635,201261,P1005,256.22
9019636,205659,P1003,110
9019637,200246,P1002,157.41
9019638,207801,P1005,132.17
9019639,203408,P1003,148.98
9019640,209034,P1003,114.3
9019641,204561,P1004,104.76
9019642,206505,P1005,51.4
9019643,204977,P1001,167.3
9019644,204050,P1003,184.25
9019645,207600,P1002,107.21
9019646,211487,P1006,52.19
9019647,200764,P1005,39.35
9019648,201099,P1003,191.03
9019649,206383,P1005,143.93
9019650,204760,P1006,34.76
9019651,209166,P1002,80.32
9019652,202892,P1001,101.35
9019653,205890,P1002,200.23
9019654,206253,P1004,52.32
9019655,208006,P1001,15.83
9019656,211107,P1005,120.46
9019657,203215,P1004,100.69
9019658,208348,P1006,197.4
9019659,209402,P1001,21.92
9019660,201383,P1001,239.1
9019661,201165,P1002,21.97
9019662,200646,P1001,54.52
9019663,203878,P1005,122.5
9019664,208142,P1001,137.62
9019665,209002,P1003,504.59
9019666,210046,P1005,235.41
9019667,203912,P1004,118.43
9019668,201519,P1006,108.65
9019669,204214,P1004,45.14
9019670,200531,P1002,118.47
9019671,207830,P1001,57.58
9019672,202137,P1001,43.46
9019673,204088,P1002,192.46
9019674,211505,P1003,40.67
9019675,206728,P1003,73.03
9019676,207508,P1001,103.99
9019677,211038,P1003,235.35
9019678,208980,P1005,121.04
9019679,207256,P1004,27.5
9019680,205052,P1002,87.32
9019681,203199,P1005,114.88
9019682,207360,P1003,119.39
9019683,208703,P1003,147.87
9019684,208654,P1004,192.4
9019685,205673,P1003,171.46
9019686,203912,P1002,134.31
9019687,209588,P1004,76.68
9019688,210052,P1002,108.25
9019689,208280,P1004,214.21
9019690,201042,P1004,65.99
9019691,203754,P1002,98.74
9019692,206646,P1004,42.53
9019693,203091,P1001,93.7
9019694,208664,P1006,104.94
9019695,201627,P1005,14.2
9019696,211128,P1002,97.47
9019697,201099,P1001,51.29
9019698,207414,P1006,37.64
9019699,208779,P1004,36.68
9019700,201623,P1001,88.57
9019701,201862,P1002,33.07
9019702,207766,P1001,66.63
9019703,204550,P1006,19.27
9019704,203680,P1003,160.88
9019705,200553,P1005,144.46
9019706,203729,P1006,76.54
9019707,207974,P1003,68.87
9019708,211831,P1001,67.02
9019709,211959,P1002,89
9019710,209034,P1005,75.54
9019711,203129,P1002,60.36
9019712,204451,P1005,34.05
9019713,202020,P1005,236.4
9019714,204942,P1006,103.24
9019715,210641,P1003,120.31
9019716,209199,P1001,76.53
9019717,201639,P1002,207.92
9019718,203304,P1001,159.53
9019719,202061,P1003,188.87
9019720,210787,P1005,153.62
9019721,208318,P1004,157.49
9019722,211266,P1005,266.59
9019723,203222,P1003,36.16
9019724,208459,P1006,81.56
9019725,209654,P1003,118.44
9019726,205902,P1005,106.7
9019727,205332,P1003,129.17
9019728,205599,P1003,13.15
9019729,208502,,96.77
9019730,210192,P1003,62.06
9019731,204896,P1006,67.67
9019732,211923,P1004,46.64
9019733,206223,P1002,134.88
9019734,211140,P1004,67.25
9019735,207318,P1001,47.43
9019736,208232,P1004,60.99
9019737,206164,P1002,90.57
9019738,200017,P1003,156.03
9019739,207776,P1006,74.87
9019740,205185,P1005,75.94
9019741,207530,P1001,131.58
9019742,202425,P1004,75.98
9019743,201789,P1006,119.42
9019744,210677,P1005,67.43
9019745,205265,P1003,225.57
9019746,205460,P1005,23.16
9019747,207615,P1002,28.88
9019748,208029,P1003,30.79
9019749,205933,P1005,49.75
9019750,200024,P1006,10.54
9019751,209730,P1005,51.58
9019752,204523,,86.22
9019753,203853,P1004,29.49
9019754,205141,P1003,196.62
9019755,205327,P1005,108.76
9019756,205276,P1004,65.3
9019757,206713,P1001,395.69
9019758,211532,P1002,182.71
9019759,203580,P1005,72.24
9019760,203623,P1003,54.16
9019761,208261,P1005,27.22
9019762,201865,P1006,192.45
9019763,201948,P1001,14.2
9019764,209297,P1002,24.42
9019765,205001,P1005,95.81
9019766,207059,P1002,190.95
9019767,209932,P1003,85.11
9019768,202547,P1004,151.61
9019769,205463,P1001,21.13
9019770,211587,P1005,179.95
9019771,203055,P1005,176.15
9019772,205600,P1002,56.67
9019773,200249,P1002,89.98
9019774,200044,P1004,175.02
9019775,202561,P1006,15.58
9019776,200148,P1003,2.93
9019777,202817,P1002,176.24
9019778,204788,P1006,18.29
9019779,203454,P1001,105.53
9019780,202004,P1005,100.1
9019781,204071,P1001,165.14
9019782,200981,P1006,68.85
9019783,203407,P1001,105.73
9019784,201003,P1005,77.84
9019785,207182,P1005,46.13
9019786,207314,P1003,104.8
9019787,206285,P1006,86.65
9019788,203965,P1003,27.15
9019789,208417,P1005,230.42
9019790,206863,P1002,196.7
9019791,209199,P1006,64.8
9019792,202667,P1006,114.41
9019793,203199,P1005,12.61
9019794,200628,P1002,90.35
9019795,203610,P1005,212.85
9019796,210174,P1005,64.43
9019797,201663,P1006,190.46
9019798,200283,P1001,29.27
9019799,204983,P1006,31.34
9019800,202182,P1005,66.23
9019801,211526,P1003,105.21
9019802,204759,P1005,40.27
9019803,202303,P1006,167.53
9019804,208294,P1006,44.39
9019805,206026,P1001,48.25
9019806,204121,P1006,34.45
9019807,201692,P1001,133.13
9019808,200308,P1006,53.82
9019809,206650,P1005,17.95
9019810,201888,P1006,142.98
9019811,200234,P1005,67.39
9019812,209755,P1001,43.67
9019813,210654,P1006,63.91
9019814,207256,P1001,36.88
9019815,208267,P1006,23.12
9019816,203342,P1005,187.51
9019817,202402,P1005,86.95
9019818,210085,P1006,18.49
9019819,202424,P1004,274.46
9019820,203030,P1006,82.92
9019821,205119,P1001,69.64
9019822,209527,P1001,62.05
9019823,204345,P1006,281.18
9019824,205969,P1002,74.51
9019825,202321,P1005,171.64
9019826,205894,P1002,38.77
9019827,210469,P1006,22.81
9019828,204739,P1003,88.59
9019829,206924,P1006,44.19
9019830,207238,P1004,24.64
9019831,206595,P1004,131.82
9019832,208088,P1006,23.63
9019833,201372,P1001,61.67
9019834,203597,P1004,104.41
9019835,210906,P1001,59.22
9019836,211104,P1002,44.76
9019837,200859,P1004,88.33
9019838,209140,P1005,181.95
9019839,211232,P1005,39.47
9019840,206458,P1002,189.16
9019841,204592,P1003,142.46
9019842,210796,P1002,138.91
9019843,201296,P1005,52.45
9019844,201147,P1003,54.13
9019845,206183,P1004,41.36
9019846,210361,P1003,129.02
9019847,209087,P1004,97.6
9019848,208956,P1003,131.19
9019849,209990,P1001,153.07
9019850,206654,P1003,129.58
9019851,202492,P1005,69.06
9019852,200296,P1004,62.41
9019853,207364,P1001,145.9
9019854,204710,P1002,91.94
9019855,208393,P1003,15.46
9019856,204319,P1002,154.68
9019857,207725,P1002,41.16
9019858,206807,P1001,128.38
9019859,208253,P1006,30.22
9019860,205240,P1001,49.37
9019861,209655,P1005,82.57
9019862,200956,P1005,54.9
9019863,200246,P1001,158.35
9019864,209286,P1002,102.78
9019865,208212,P1006,84.72
9019866,208147,P1004,117.21
9019867,210576,P1002,16.4
9019868,204376,P1002,84
9019869,210646,P1002,32.09
9019870,210071,P1005,304.62
9019871,201485,P1004,19.06
9019872,206370,P1002,40.31
9019873,202723,P1004,255.28
9019874,202365,P1003,71.05
9019875,205127,P1005,46.36
9019876,200836,P1004,167.84
9019877,209886,P1002,86.67
9019878,210931,P1001,182.33
9019879,207859,P1004,116.12
9019880,207723,P1004,90.56
9019881,204257,P1002,27.87
9019882,208082,P1004,65
9019883,200879,P1005,100.09
9019884,208762,P1005,34.1
9019885,208523,P1004,75.07
9019886,204425,P1004,73.24
9019887,208925,P1005,6.48
9019888,203263,P1002,56.57
9019889,208280,P1001,117.23
9019890,205626,P1002,132.47
9019891,204819,P1003,133.48
9019892,202558,P1006,58.9
9019893,205002,P1006,112.5
9019894,206192,P1005,112.05
9019895,210493,P1003,45.52
9019896,203496,P1002,99.75
9019897,200076,P1003,80.22
9019898,200147,P1001,89.89
9019899,200208,P1006,102.87
9019900,201319,P1005,16.12
9019901,210873,P1005,131
9019902,211432,P1001,149
9019903,201776,P1004,154.19
9019904,207029,P1003,97.64
9019905,210562,P1005,89.58
9019906,209023,P1005,114.49
9019907,201632,P1005,119.97
9019908,201205,P1005,59.87
9019909,201084,P1006,196.41
9019910,203604,P1004,78.6
9019911,200823,P1001,45.66
9019912,207772,P1003,182.51
9019913,207413,P1006,42
9019914,202614,P1003,67.59
9019915,201636,P1006,23.14
9019916,206625,P1002,68.8
9019917,207044,P1004,35.84
9019918,200182,P1003,121.84
9019919,202365,P1001,156.64
9019920,205331,P1006,6.05
9019921,203023,P1005,11.45
9019922,202485,P1004,158.47
9019923,208526,P1002,99.09
9019924,201393,P1003,121.89
9019925,204825,P1005,40.38
9019926,210282,P1005,20.09
9019927,206587,P1003,40.03
9019928,203748,P1002,20.38
9019929,211717,P1005,74.07
9019930,202242,P1001,236.99
9019931,211177,P1001,73.97
9019932,206659,P1003,83.78
9019933,205481,P1004,183.74
9019934,206727,P1005,98.77
9019935,206234,P1006,50.76
9019936,203300,P1003,124.46
9019937,202641,P1004,81.39
9019938,206282,P1006,220.04
9019939,209016,P1001,84.1
9019940,211220,P1005,122.72
9019941,211426,P1004,212.41
9019942,201275,P1003,122
9019943,211456,P1004,56.48
9019944,201681,P1005,117.72
9019945,201816,P1006,50.05
9019946,200748,P1001,66.32
9019947,206511,P1003,48.48
9019948,206033,P1001,51.32
9019949,209043,P1005,62.64
9019950,202704,P1003,10.83
9019951,208487,P1003,31.25
9019952,211000,P1006,144.27
9019953,208880,P1004,4.9
9019954,210995,P1006,45.83
9019955,209422,P1002,34.89
9019956,209106,P1003,175.26
9019957,201032,P1002,98.62
9019958,204403,P1002,28.96
9019959,204876,P1004,115.07
9019960,205717,P1004,53.42
9019961,202643,P1005,121.65
9019962,202222,P1004,20.31
9019963,208905,P1004,136.66
9019964,210085,P1003,139.75
9019965,210142,P1005,142.93
9019966,209077,P1002,41.51
9019967,209710,P1004,62.82
9019968,204779,P1004,34.66
9019969,207643,P1002,111.09
9019970,201257,P1006,191.36
9019971,203376,P1002,118.73
9019972,207711,P1006,120.53
9019973,202396,P1005,59.34
9019974,210396,P1004,38.62
9019975,206040,P1006,110.37
9019976,211540,P1006,96.86
9019977,210303,P1005,150.33
9019978,207907,P1006,62.29
9019979,202795,P1006,86.82
9019980,204950,P1006,103.22
9019981,204914,P1006,88.88
9019982,211905,P1003,42.61
9019983,209082,P1002,121.56
9019984,209681,P1001,88.39
9019985,207139,P1001,113.2
9019986,208892,P1002,68.56
9019987,209851,P1001,90.88
9019988,203527,P1006,128.24
9019989,201248,P1003,116.55
9019990,211778,P1003,148.59
9019991,200940,P1005,23.84
9019992,206508,P1003,36.92
9019993,201365,P1004,128.38
9019994,211471,P1003,265.43
9019995,203486,P1003,137.86
9019996,200255,P1006,86.7
9019997,205889,P1003,69.76
9019998,206856,P1005,111.37
9019999,202752,P1002,25.32
9020000,206587,P1003,14.34
9020001,201814,P1004,109.71
9020002,211048,P1005,130.72
9020003,202633,P1003,202.7
9020004,210736,P1001,74.41
9020005,204782,P1002,53.78
9020006,208056,P1001,77.49
9020007,200014,P1003,103.98
9020008,204576,P1004,75.83
9020009,203340,P1005,77.08
9020010,208091,P1002,106.55
9020011,203395,P1005,256.01
9020012,202784,P1003,141.94
9020013,209278,P1006,18.03
9020014,208439,P1004,105.91
9020015,205275,P1005,42.45
9020016,205938,P1005,46.49
9020017,211861,P1005,101.71
9020018,203983,P1004,56.54
9020019,204096,P1002,67.55
9020020,207538,P1006,40.22
9020021,211304,P1003,116.25
9020022,206773,P1002,31.96
9020023,206112,P1003,71.22
9020024,201772,P1003,86.56
9020025,202470,P1004,214.6
9020026,211526,P1003,118.92
9020027,207827,P1003,35.32
9020028,203294,P1002,49.67
9020029,203094,P1003,148.23
9020030,209997,P1006,66.53
9020031,211904,P1003,143.53
9020032,210919,P1005,144.53
9020033,211900,P1002,97.75
9020034,206260,P1003,64.85
9020035,208249,P1002,103.19
9020036,210940,P1003,100.71
9020037,210805,P1006,65.06
9020038,211515,P1002,27.5
9020039,210164,P1003,156.04
9020040,200508,P1006,86.3
9020041,201261,P1004,73.84
9020042,205867,P1004,72.46
9020043,208475,P1001,37.82
9020044,208483,P1003,58.7
9020045,209233,P1001,64.55
9020046,211681,P1003,183.5
9020047,210552,P1006,51.6
9020048,209340,P1001,121.97
9020049,207689,P1005,19
9020050,211868,P1005,119.36
9020051,209395,P1005,119.28
9020052,206019,P1002,24.09
9020053,200973,P1002,58.78
9020054,208358,P1006,67.9
9020055,200772,P1004,49.18
9020056,202067,P1002,45.44
9020057,209761,P1006,17.84
9020058,205010,P1003,60.77
9020059,210576,P1005,28.44
9020060,202599,P1002,110
9020061,207286,P1002,89.24
9020062,211380,P1006,217.9
9020063,200191,P1005,53.01
9020064,209408,P1004,32.85
9020065,210310,P1003,87.36
9020066,210857,P1003,21.21
9020067,211031,P1002,245.06
9020068,204219,P1005,61.53
9020069,207096,P1002,91.91
9020070,209071,P1006,51.18
9020071,201262,P1004,45.94
9020072,202422,P1006,86.19
9020073,206251,P1006,95.08
9020074,206561,P1003,32.58
9020075,202638,P1006,30.37
9020076,207469,P1006,59.91
9020077,208912,P1002,136.66
9020078,207522,P1004,245.12
9020079,204429,P1002,58.14
9020080,210262,P1002,40.15
9020081,204762,P1005,216.53
9020082,202914,P1006,79.9
9020083,209487,P1002,65.62
9020084,209229,P1001,145.08
9020085,203835,P1005,132.93
9020086,206530,P1006,72.24
9020087,211611,P1004,19.1
9020088,203536,P1004,126.89
9020089,201413,P1005,63.59
9020090,210221,P1004,319.15
9020091,203373,P1005,99.54
9020092,202489,P1006,40.32
9020093,210925,P1005,74.86
9020094,203683,P1002,166.13
9020095,202984,P1004,37.68
9020096,203597,P1004,119.19
9020097,202673,P1005,47.46
9020098,207702,P1001,100.73
9020099,208652,P1006,19.97
9020100,201430,P1005,125.63
9020101,206383,P1005,40.85
9020102,210134,P1004,44.39
9020103,208295,P1004,28.11
9020104,204234,P1006,73.07
9020105,211771,P1004,47.45
9020106,202189,P1004,236.27
9020107,201137,P1005,69.33
9020108,202115,P1003,50.17
9020109,204287,P1004,7.27
9020110,210859,P1006,137.12
9020111,211291,P1002,262.21
9020112,208525,P1003,71.28
9020113,200236,P1005,59.06
9020114,206529,P1005,226.69
9020115,211516,P1002,114.26
9020116,205479,P1004,87.22
9020117,209734,P1004,104.88
9020118,211237,P1004,163.96
9020119,211583,P1002,68.99
9020120,200458,P1005,79.47
9020121,209040,P1006,27.97
9020122,206083,P1003,68.36
9020123,204911,P1006,83.93
9020124,209044,P1006,103.46
9020125,207403,P1005,100.33
9020126,211250,P1002,124.74
9020127,206545,P1005,88.06
9020128,207949,P1004,35.44
9020129,201232,P1005,31.22
9020130,207928,P1004,33.68
9020131,205172,P1004,49.91
9020132,210326,P1005,101.5
9020133,203735,P1005,118.91
9020134,210460,P1001,66.87
9020135,205435,P1001,33.44
9020136,204310,P1001,51.69
9020137,205273,P1006,69.54
9020138,203895,P1002,137.09
9020139,200860,P1002,4.71
9020140,203968,P1003,135.84
9020141,206011,P1002,81.44
9020142,211858,P1004,88.05
9020143,205229,P1002,83.84
9020144,201362,P1006,31.31
9020145,205357,P1004,257.94
9020146,207100,P1006,106.1
9020147,202913,P1003,74.47
9020148,204309,P1001,173.41
9020149,211662,P1005,25.63
9020150,208912,P1005,37.2
9020151,210466,P1001,110.5
9020152,209514,P1006,173.67
9020153,205352,P1001,122.12
9020154,201579,P1006,100.37
9020155,207577,P1004,16.24
9020156,207745,P1001,50.75
9020157,208789,P1004,86.78
9020158,201095,P1001,14.1
9020159,204064,P1005,122.25
9020160,200001,P1006,18.14
9020161,206575,P1002,76.25
9020162,200399,P1005,45.85
9020163,201579,P1005,86.85
9020164,211097,P1002,130.39
9020165,200604,P1004,87.85
9020166,201978,P1001,154.35
9020167,202175,P1002,95.14
9020168,211674,P1003,25.04
9020169,200336,P1006,56.03
9020170,205999,P1006,29.35
9020171,206336,P1006,127.55
9020172,202710,P1002,3.1
9020173,204879,P1003,182.04
9020174,210780,P1004,81.08
9020175,209793,P1005,200.35
9020176,206230,P1003,109.84
9020177,210710,P1001,22.71
9020178,202793,P1001,178.75
9020179,205348,P1004,99.96
9020180,203495,P1006,76.23
9020181,205690,P1004,104.01
9020182,201684,P1005,153.09
9020183,205326,P1001,70.06
9020184,209206,P1006,89.75
9020185,205370,P1006,54.39
9020186,207592,P1001,119.52
9020187,200428,P1006,57.87
9020188,210233,P1002,225.63
9020189,208752,P1003,78.36
9020190,202354,P1004,28.61
9020191,200270,P1001,30.16
9020192,209931,P1006,90.17
9020193,207868,P1001,105.88
9020194,210440,P1002,320.4
9020195,210416,P1001,291.94
9020196,200457,P1001,42.94
9020197,209949,P1004,70.57
9020198,205524,P1001,117.09
9020199,207472,P1003,29.48
9020200,210577,P1002,2.98
9020201,208926,P1004,68.92
9020202,200156,P1002,36.91
9020203,203196,P1005,60.04
9020204,201423,P1002,99.99
9020205,211451,P1004,34.5
9020206,210784,P1002,21.94
9020207,210449,P1001,246.08
9020208,205886,P1006,11.95
9020209,206620,P1004,89.47
9020210,204476,P1002,180.85
9020211,202022,P1004,31.76
9020212,211779,P1001,77.94
9020213,210883,P1003,91.55
9020214,202141,P1003,40.38
9020215,200510,P1004,129.12
9020216,208855,P1006,35.42
9020217,200271,P1001,96.26
9020218,206860,P1006,70.51
9020219,205396,P1006,91.9
9020220,206295,P1004,115.87
9020221,203470,P1004,76.56
9020222,210462,P1002,110.64
9020223,206231,P1003,107.11
9020224,211003,P1003,43.67
9020225,209915,P1001,18.29
9020226,210029,P1005,79.81
9020227,204331,P1003,123.29
9020228,207012,P1005,94.27
9020229,207964,P1001,106.94
9020230,203496,P1005,21.23
9020231,205905,P1004,46.17
9020232,201940,P1001,15.57
9020233,210664,P1004,70.25
9020234,200328,P1001,75.15
9020235,209350,P1003,60.22
9020236,205155,P1006,60.74
9020237,208684,P1004,136.98
9020238,211087,P1004,100.82
9020239,207754,P1006,55.7
9020240,203421,P1005,161.9
9020241,209297,P1004,52.3
9020242,200330,P1006,40.6
9020243,206537,P1004,40.1
9020244,209013,P1005,155.45
9020245,208245,P1003,127.4
9020246,206898,P1004,87.01
9020247,210502,P1003,14.33
9020248,201819,P1002,14.55
9020249,200359,P1001,59.18
9020250,204309,P1006,41.99
9020251,208799,P1003,98.54
9020252,204455,P1001,126.64
9020253,207704,P1006,61.26
9020254,209289,P1002,36.31
9020255,201018,P1001,89.87
9020256,200081,P1003,168.76
9020257,201485,P1004,51.01
9020258,203003,P1004,54.42
9020259,209553,P1005,23.19
9020260,207264,P1003,85.12
9020261,209166,P1006,66
9020262,206248,P1005,130.94
9020263,203306,P1002,162.94
9020264,203428,P1004,43.08
9020265,204427,P1005,43.87
9020266,206940,P1006,142.01
9020267,202469,P1003,98.33
9020268,207669,P1004,124.81
9020269,203036,P1004,74.92
9020270,208277,P1004,104.92
9020271,208605,P1005,89.66
9020272,202118,P1001,183.91
9020273,209978,P1004,46.58
9020274,209696,P1002,212.31
9020275,208674,P1001,128.56
9020276,200222,P1004,127.96
9020277,200306,P1003,143.57
9020278,205742,P1003,130.01
9020279,205175,P1003,48.42
9020280,203881,P1005,195.67
9020281,202068,P1001,95.61
9020282,206577,P1001,15.87
9020283,211161,P1003,147.92
9020284,211503,P1002,67.28
9020285,202785,P1002,145.71
9020286,211712,P1001,56.16
9020287,205972,P1002,167.32
9020288,205519,P1002,37.89
9020289,207937,P1003,47.84
9020290,207987,P1003,45.18
9020291,201589,P1003,188.86
9020292,208262,P1004,65.04
9020293,205652,P1003,75.73
9020294,202880,P1005,29.85
9020295,202028,P1002,39.17
9020296,201143,P1001,83.97
9020297,210312,P1004,155.01
9020298,204983,P1001,65.52
9020299,203912,P1002,60.12
9020300,204757,P1005,117.67
9020301,205950,P1005,85.21
9020302,208978,P1005,97.47
9020303,209163,P1006,215.43
9020304,200247,P1004,197.91
9020305,205800,P1005,170.68
9020306,203513,P1005,79.19
9020307,204389,P1001,51.99
9020308,207289,P1001,108
9020309,211142,P1001,24.15
9020310,211956,P1001,78.08
9020311,209949,P1006,107.9
9020312,201579,P1004,91.09
9020313,204661,P1002,92.73
9020314,204103,P1004,83.02
9020315,204207,P1006,34.52
9020316,211421,P1003,80.44
9020317,211288,P1006,124.72
9020318,201750,P1004,26.5
9020319,205256,P1001,98.77
9020320,207245,P1003,142.08
9020321,202879,P1005,26.56
9020322,207233,P1002,91.13
9020323,201306,P1005,84.96
9020324,211469,P1002,65.08
9020325,210837,P1003,9.59
9020326,206435,P1003,19.73
9020327,206162,P1006,116.5
9020328,211849,P1006,118.89
9020329,202182,P1001,145.69
9020330,207586,P1005,79.67
9020331,200779,P1004,134.21
9020332,202610,P1006,19.52
9020333,204695,P1006,70.82
9020334,208119,P1005,22.27
9020335,207888,P1003,151.72
9020336,211393,P1006,60.76
9020337,209908,P1003,118.76
9020338,204501,P1005,158.41
9020339,206949,P1004,210.88
9020340,208119,P1001,20.98
9020341,202175,P1005,71.34
9020342,201345,P1003,208.87
9020343,206809,P1004,57.37
9020344,202668,P1003,60.01
9020345,200792,P1003,265.49
9020346,204033,P1006,39.42
9020347,206388,P1006,160.63
9020348,209991,P1006,68.06
9020349,201103,P1002,109.03
9020350,206638,P1005,44.7
9020351,205406,P1002,15.06
9020352,203205,P1003,42.23
9020353,207274,P1005,71.05
9020354,204221,P1004,310.58
9020355,203642,P1004,74.71
9020356,204815,P1004,33.95
9020357,211800,P1006,358.29
9020358,210243,P1003,109.96
9020359,200721,P1004,56.69
9020360,210107,P1001,40.23
9020361,206240,P1001,66.13
9020362,211488,P1006,154.34
9020363,201016,P1001,131.75
9020364,209122,P1004,34.24
9020365,202159,P1003,121.31
9020366,200326,P1002,84.22
9020367,210780,P1002,223.74
9020368,202186,P1002,168.39
9020369,201536,P1006,65.17
9020370,210368,P1005,86.48
9020371,210772,P1006,164.25
9020372,205848,P1005,95.29
9020373,210578,P1003,15.76
9020374,205086,P1003,14
9020375,211736,P1006,183.95
9020376,211130,P1002,29.86
9020377,202830,P1006,39.79
9020378,207844,P1002,108.47
9020379,203318,P1003,32.32
9020380,209045,P1002,2.21
9020381,200957,P1005,36.57
9020382,211867,P1003,21.4
9020383,203147,P1005,186.19
9020384,208939,P1003,331.63
9020385,211385,P1006,28.82
9020386,206441,P1005,56.67
9020387,206980,P1006,55.32
9020388,207112,P1006,159.91
9020389,211877,P1001,65.79
9020390,200067,P1004,216.6
9020391,200913,P1005,55.07
9020392,210819,P1001,119.1
9020393,204814,P1002,45.92
9020394,205794,P1004,32.35
9020395,200248,P1001,100.4
9020396,203516,P1004,37.47
9020397,200583,P1004,134.61
9020398,203300,P1001,129.64
9020399,202176,P1006,100.29
9020400,202052,P1001,90.04
9020401,207441,P1004,137.76
9020402,201903,P1001,55.55
9020403,202832,P1005,98.8
9020404,202126,P1003,49.05
9020405,207592,P1003,76.46
9020406,208586,P1002,41.91
9020407,201895,P1006,76.88
9020408,203853,P1006,55.77
9020409,205977,P1005,25.9
9020410,207598,P1005,108.85
9020411,206020,P1002,145.98
9020412,211585,P1004,57.06
9020413,201068,P1002,63.94
9020414,208303,P1001,106.92
9020415,204730,P1005,258.45
9020416,210954,P1004,17.99
9020417,201808,P1003,53.91
9020418,204098,P1006,173.1
9020419,201171,P1003,319.64
9020420,210690,P1002,16.55
9020421,211686,P1006,151.44
9020422,205241,P1004,129.44
9020423,200986,P1005,285.85
9020424,201892,P1003,58.85
9020425,206065,P1004,81.17
9020426,211246,P1003,48.03
9020427,206423,P1004,128.88
9020428,210606,P1003,410.41
9020429,200018,P1006,296.61
9020430,207381,P1006,42.26
9020431,201220,P1006,120.16
9020432,203210,P1004,184.21
9020433,204662,P1006,20.02
9020434,208133,P1002,37.72
9020435,207192,P1006,99.33
9020436,202460,P1001,129.72
9020437,200622,P1003,42.81
9020438,211641,P1004,59.57
9020439,202518,P1003,124.51
9020440,200178,P1001,101.32
9020441,202713,P1002,12.81
9020442,200287,P1001,170.45
9020443,200214,P1004,31.17
9020444,209848,P1002,30.74
9020445,201240,P1003,57.8
9020446,209578,P1006,163.41
9020447,204197,P1003,68.92
9020448,211082,P1001,31.55
9020449,205523,P1002,57.26
9020450,203087,P1006,73.85
9020451,210313,P1004,56.63
9020452,204907,P1003,114.08
9020453,202801,P1002,30.06
9020454,205184,P1004,29.94
9020455,202850,P1004,21.95
9020456,200182,P1002,233.72
9020457,202899,P1006,50.94
9020458,210868,P1004,136.69
9020459,202126,P1003,152.97
9020460,200018,P1003,65.84
9020461,200235,P1001,141.28
9020462,211722,P1002,140.87
9020463,211648,P1006,36.1
9020464,200417,P1001,26.02
9020465,202767,P1003,218.7
9020466,210031,P1003,46.52
9020467,200734,P1002,131.63
9020468,208444,P1005,11.49
9020469,210845,P1003,72.87
9020470,201804,P1001,142.07
9020471,205467,P1005,141.23
9020472,201627,P1002,34.89
9020473,209229,P1003,125.78
9020474,204910,P1002,33.77
9020475,207796,P1002,159.88
9020476,203098,P1005,69.44
9020477,209496,P1005,153.4
9020478,207434,P1001,241.14
9020479,202925,P1003,62.19
9020480,202410,P1002,76.99
9020481,206034,P1006,135.24
9020482,200292,P1002,90.66
9020483,207402,P1002,321.64
9020484,202811,P1003,220.67
9020485,203117,P1006,39.24
9020486,200233,P1006,101.77
9020487,203757,P1003,35.91
9020488,204760,P1006,95.86
9020489,211748,P1001,43.35
9020490,206923,P1003,164.41
9020491,205942,P1004,184.53
9020492,201917,P1005,16.22
9020493,206353,P1006,165.74
9020494,211440,P1006,100.56
9020495,209309,P1006,68.05
9020496,210634,P1003,15.44
9020497,211312,P1004,13.13
9020498,203212,P1001,251.9
9020499,204159,P1002,99.44
9020500,202598,P1005,82.2
9020501,204214,P1003,126.94
9020502,202641,P1003,64.19
9020503,202284,P1004,183.17
9020504,202670,P1005,154.94
9020505,202779,P1004,73.08
9020506,210368,  ,115.77
9020507,203446,P1006,176.44
9020508,208184,P1001,168.63
9020509,210941,P1005,76.51
9020510,211504,P1003,54.39
9020511,208136,P1005,44.79
9020512,207582,P1004,102.5
9020513,207351,P1001,120.7
9020514,211080,P1003,152.33
9020515,206260,P1006,54.49
9020516,211305,P1005,213.69
9020517,203983,P1001,109.27
9020518,207187,P1005,55.16
9020519,209008,P1005,41.38
9020520,200282,P1002,47.62
9020521,204650,P1004,132.15
9020522,206578,P1006,168.09
9020523,209585,P1004,89.17
9020524,203735,P1002,104.85
9020525,208069,P1001,43.82
9020526,209370,P1003,137.07
9020527,205649,P1001,244.28
9020528,208825,P1003,141.68
9020529,208946,P1002,230.52
9020530,200987,P1001,275.93
9020531,204077,P1001,61.48
9020532,210693,P1005,34.94
9020533,201204,P1003,92.06
9020534,207943,P1003,89.02
9020535,206190,P1006,54.42
9020536,204571,P1006,68.68
9020537,206800,P1005,61.21
9020538,200271,P1001,50.52
9020539,211464,P1005,34
9020540,209965,P1004,62.74
9020541,211374,P1002,61.28
9020542,201981,P1003,75.92
9020543,209406,P1005,44.02
9020544,203801,P1003,272.92
9020545,208958,P1004,90.61
9020546,200984,P1002,60.64
9020547,211672,P1002,30.1
9020548,204413,P1003,3.92
9020549,210482,P1005,30.91
9020550,210599,P1006,90.04
9020551,201187,P1002,64.8
9020552,206115,P1001,114.57
9020553,208962,P1003,64.25
9020554,203176,P1004,146.41
9020555,204292,P1005,137.9
9020556,206875,P1002,135.74
9020557,203337,P1001,122.35
9020558,206196,P1005,68.81
9020559,209784,P1005,127.99
9020560,206675,P1001,47.89
9020561,202727,P1003,210.37
9020562,208902,P1004,119.14
9020563,204589,P1003,113.01
9020564,207350,P1001,36.94
9020565,209283,P1005,82.93
9020566,204998,P1005,78.8
9020567,206272,P1002,31.44
9020568,200856,P1004,15.04
9020569,201674,P1002,80.34
9020570,211559,P1001,247.19
9020571,203659,P1002,39.24
9020572,211186,P1003,115.6
9020573,203591,P1003,140.26
9020574,202682,P1001,22.64
9020575,211066,P1002,110.98
9020576,204769,P1004,58.95
9020577,202199,P1006,61.16
9020578,202696,P1004,118.98
9020579,206162,P1002,148.08
9020580,211179,P1001,311.24
9020581,203414,P1005,192.99
9020582,204039,P1006,352.11
9020583,201020,P1005,93.67
9020584,204691,P1002,99.54
9020585,202808,P1003,88.55
9020586,207276,P1005,54.41
9020587,200239,P1006,51.12
9020588,200798,P1006,62.79
9020589,208128,P1006,25.01
9020590,200651,P1002,66.09
9020591,209899,P1005,46.15
9020592,209260,P1003,71.55
9020593,209372,P1002,52.37
9020594,204687,P1002,56.58
9020595,210993,P1006,75.47
9020596,205817,P1005,162.1
9020597,206846,P1004,72.52
9020598,205365,P1006,50.66
9020599,207490,P1006,50.92
9020600,201502,P1005,142.21
9020601,205554,P1001,88.88
9020602,206063,P1004,63.17
9020603,205983,P1001,54.88
9020604,205301,P1004,181.44
9020605,205061,P1004,25.4
9020606,202947,P1002,45.3
9020607,201336,P1002,49.33
9020608,208402,P1003,149.82
9020609,200853,P1001,94.73
9020610,204564,P1006,32.59
9020611,205989,P1005,9.21
9020612,201172,P1006,61
9020613,201116,P1005,245.67
9020614,200794,P1005,180.48
9020615,207132,P1001,43.66
9020616,208448,P1001,100.91
9020617,207552,P1004,132.24
9020618,201278,P1006,63.33
9020619,201601,P1006,197.88
9020620,203543,P1003,177.77
9020621,206038,P1001,163.2
9020622,205764,P1002,75.89
9020623,204574,P1002,10.64
9020624,205751,P1003,90.34
9020625,201377,P1003,120.25
9020626,202801,P1006,153.01
9020627,211607,P1003,8.75
9020628,211932,P1004,44.02
9020629,207879,P1004,64.13
9020630,209730,P1005,83.06
9020631,209548,P1002,94.69
9020632,208405,P1005,45.06
9020633,208812,P1004,74.59
9020634,210306,P1004,65.89
9020635,207585,P1004,109.17
9020636,206605,P1005,62.42
9020637,203079,P1003,78.16
9020638,207540,P1005,123.21
9020639,206967,P1003,51.8
9020640,207771,P1004,90.83
9020641,205389,P1001,115.65
9020642,200509,P1006,100.21
9020643,209013,P1001,141.08
9020644,205897,P1002,37.22
9020645,208441,P1002,33.01
9020646,209935,P1004,54.48
9020647,205042,P1002,27.82
9020648,207450,P1006,30.64
9020649,200385,P1001,33.66
9020650,206909,P1004,192.46
9020651,205168,P1002,258.06
9020652,209239,P1003,115.71
9020653,202899,P1005,69.9
9020654,206613,P1003,48.16
9020655,204946,P1002,107.65
9020656,204789,P1001,189.55
9020657,200741,P1003,92.75
9020658,206988,P1002,94.65
9020659,203625,P1001,43.76
9020660,200884,P1001,193.28
9020661,202599,P1004,89.31
9020662,207879,P1005,63.52
9020663,205464,P1003,146.27
9020664,201646,P1001,52.28
9020665,209294,P1002,198.53
9020666,208640,P1006,83.3
9020667,203408,P1003,79.55
9020668,204614,P1006,53.18
9020669,205464,P1001,182.14
9020670,207504,P1004,70.71
9020671,211444,P1004,28.98
9020672,201832,P1001,21.46
9020673,211179,P1001,378.36
9020674,209778,P1004,46.93
9020675,205056,P1004,12.59
9020676,207323,P1005,94.33
9020677,201497,P1003,67.8
9020678,204485,P1002,83.67
9020679,201960,P1001,102.94
9020680,205431,P1005,185.89
9020681,203655,P1006,98.43
9020682,210991,P1004,52.35
9020683,206385,P1003,39.1
9020684,200917,P1006,1.42
9020685,209029,P1003,175.19
9020686,202127,P1001,83.18
9020687,201824,P1002,110.48
9020688,210992,P1004,136.03
9020689,204187,P1002,128.11
9020690,202437,P1001,116.73
9020691,207429,P1004,151.54
9020692,209796,P1005,105.51
9020693,200416,P1002,143.14
9020694,202200,P1003,72.56
9020695,207190,P1002,199.04
9020696,204588,P1002,82.17
9020697,207508,P1001,71.26
9020698,202616,P1006,77.33
9020699,200718,P1004,94.52
9020700,206472,P1003,28.06
9020701,201510,P1001,64.87
9020702,205353,P1006,52.61
9020703,205726,P1006,21.3
9020704,211753,P1001,18.33
9020705,200535,P1004,30.97
9020706,200022,P1004,118.75
9020707,209855,P1001,28.61
9020708,209724,P1006,94.45
9020709,200514,P1001,45.75
9020710,205736,P1002,91.96
9020711,206417,P1002,9.65
9020712,206132,P1003,195.87
9020713,206676,P1005,127.16
9020714,204368,P1005,55.07
9020715,201244,P1006,89.25
9020716,201543,P1006,72.51
9020717,210644,P1002,88.2
9020718,202596,P1003,46.09
9020719,211696,P1003,64.04
9020720,208321,P1001,52.88
9020721,205610,P1005,61.39
9020722,200429,P1003,105.57
9020723,201583,P1003,131.52
9020724,203885,P1004,31.94
9020725,210572,P1004,37.09
9020726,205399,P1002,59.89
9020727,210681,P1002,85.27
9020728,211240,P1004,135.26
9020729,210052,P1004,44.11
9020730,202399,P1006,122.48
9020731,203427,P1001,71.39
9020732,209656,P1002,43.14
9020733,206088,P1004,163.2
9020734,206831,P1003,61.57
9020735,208752,P1006,39.17
9020736,200064,P1001,96.74
9020737,205311,P1002,11.41
9020738,202147,P1002,110.53
9020739,200019,P1001,114.42
9020740,210579,P1005,76.93
9020741,206878,P1004,123.26
9020742,201614,P1006,115.75
9020743,203034,P1005,249.06
9020744,208379,P1005,227.36
9020745,206284,P1003,66.29
9020746,202108,P1002,127.2
9020747,211779,P1002,6.77
9020748,209480,P1006,19.6
9020749,202602,P1002,49.09
9020750,201061,P1002,39.92
9020751,203736,P1005,33.05
9020752,211438,P1004,19.39
9020753,209062,P1003,41.73
9020754,203490,P1001,36.92
9020755,201993,P1005,54.59
9020756,205196,P1004,140.68
9020757,202249,P1006,134.24
9020758,201112,P1003,81.63
9020759,210513,P1004,99.06
9020760,203392,P1005,53.28
9020761,208110,P1005,103.28
9020762,210193,P1004,185.71
9020763,205669,P1006,69.55
9020764,207846,P1002,122.84
9020765,202241,P1004,12.27
9020766,211642,P1003,102.02
9020767,202723,P1003,83.64
9020768,208509,P1001,55.24
9020769,203461,P1005,103.19
9020770,204072,P1003,106.63
9020771,202696,P1003,28.3
9020772,210697,P1003,74.8
9020773,202793,P1005,92.4
9020774,201904,P1003,17.26
9020775,204671,P1006,182.91
9020776,203500,P1006,67.53
9020777,210662,P1004,209.66
9020778,205818,P1001,112.49
9020779,207474,P1005,28.7
9020780,206820,P1004,79.5
9020781,201875,P1002,59.72
9020782,205454,P1001,47.86
9020783,210969,P1002,28.06
9020784,200678,P1001,145.92
9020785,211419,P1006,104.22
9020786,203960,P1004,55.47
9020787,203118,P1005,131.58
9020788,210733,P1001,68.35
9020789,200641,P1003,68.51
9020790,207624,P1001,6.42
9020791,211428,P1005,10.26
9020792,207140,P1002,168.7
9020793,209352,P1001,85.85
9020794,209164,P1001,83.33
9020795,207441,P1001,247.65
9020796,203335,P1005,68.47
9020797,206009,P1006,8.35
9020798,204069,P1003,305.17
9020799,205091,P1001,64.21
9020800,211084,P1006,105.91
9020801,201395,P1006,121.47
9020802,208835,P1005,94.76
9020803,206076,P1002,23.57
9020804,211895,P1003,46.95
9020805,207249,P1005,67.48
9020806,206344,P1001,109.11
9020807,210667,P1005,169.26
9020808,203511,P1002,106.96
9020809,207551,P1001,61.66
9020810,205429,P1005,73.07
9020811,206812,P1004,157.94
9020812,209906,P1005,93.43
9020813,208084,P1004,24.21
9020814,201173,P1003,159.18
9020815,203100,P1006,43.07
9020816,208645,P1005,122.55
9020817,201876,P1004,156.85
9020818,202799,P1001,135.01
9020819,210577,P1006,169.29
9020820,203571,P1005,111.38
9020821,210014,P1002,65.43
9020822,203286,P1002,116.45
9020823,200017,P1004,172.6
9020824,204398,P1004,37.3
9020825,202096,P1001,16.28
9020826,201508,P1002,73.66
9020827,203509,P1003,137.76
9020828,200460,P1001,83.41
9020829,200520,P1005,39.62
9020830,204830,P1005,11.62
9020831,201206,P1002,97.56
9020832,202975,P1006,108.46
9020833,211811,P1004,175.78
9020834,207447,P1006,45.5
9020835,208224,P1001,81.07
9020836,200713,P1006,273.71
9020837,207402,P1002,108.61
9020838,209827,P1006,115.81
9020839,204806,P1003,32.26
9020840,209276,P1001,29.88
9020841,203424,P1003,108.38
9020842,207086,P1005,89.6
9020843,202292,P1006,50.57
9020844,211355,P1001,46.83
9020845,207180,P1002,173.17
9020846,202985,P1003,142.1
9020847,208611,P1004,185.95
9020848,203701,P1001,43.58
9020849,203092,P1006,49.45
9020850,210496,P1002,27.37
9020851,209645,P1005,46.65
9020852,211491,P1006,31.58
9020853,207455,P1002,245.7
9020854,201823,P1005,188.17
9020855,203949,P1001,98.97
9020856,205879,P1002,54.46
9020857,210074,P1002,66.62
9020858,207803,P1004,9.99
9020859,208326,P1001,72.76
9020860,206711,P1006,200.84
9020861,206548,P1006,112.83
9020862,209438,P1002,122.89
9020863,207486,P1002,15.5
9020864,206441,P1003,108.17
9020865,204659,P1003,73.61
9020866,205906,P1003,47.51
9020867,201181,P1003,115.25
9020868,210397,P1006,93.77
9020869,207602,P1005,47.52
9020870,204062,P1001,70.48
9020871,203634,P1006,67.32
9020872,211789,P1002,65.78
9020873,208721,P1002,92.93
9020874,211806,P1003,222.08
9020875,209775,P1005,70.91
9020876,207888,P1002,5.57
9020877,203168,P1002,132.31
9020878,202194,P1003,98.34
9020879,208367,P1001,210.26
9020880,206102,P1005,124.22
9020881,211835,P1005,222.28
9020882,201625,P1004,89.53
9020883,204705,P1003,48.73
9020884,204857,P1006,29.25
9020885,200350,P1002,102.95
9020886,207283,P1004,104.06
9020887,209296,P1005,250.64
9020888,200741,P1005,22.77
9020889,201581,P1001,39.82
9020890,210312,P1004,24.79
9020891,208106,P1003,73.52
9020892,200879,P1005,54.56
9020893,205199,P1002,23.19
9020894,208482,P1004,70.08
9020895,207604,P1006,74.15
9020896,209871,P1005,11.96
9020897,203200,P1005,83.47
9020898,210926,P1006,91.91
9020899,201895,P1005,47.69
9020900,210689,P1003,50.46
9020901,206398,P1004,96.83
9020902,206449,P1006,82.46
9020903,202110,P1002,50.52
9020904,210677,P1002,129.82
9020905,209149,P1003,196.51
9020906,204019,P1003,56.38
9020907,207170,P1003,188.19
9020908,202597,P1001,115.52
9020909,205360,P1005,157.5
9020910,207692,P1005,89.26
9020911,201714,P1002,96.38
9020912,205083,P1005,347.19
9020913,205956,P1002,246.33
9020914,210569,P1006,103.72
9020915,205109,P1006,203.11
9020916,207447,P1001,93.71
9020917,202512,P1005,83.67
9020918,205937,P1002,153.43
9020919,205518,P1003,47.18
9020920,209886,P1004,129.54
9020921,209152,P1001,41.78
9020922,206068,P1001,21.39
9020923,201494,P1003,134.37
9020924,200310,P1002,3.51
9020925,205833,P1003,79.76
9020926,207903,P1006,44.56
9020927,205104,P1001,82.31
9020928,203499,P1005,76.81
9020929,207816,P1001,35.91
9020930,201444,P1004,95.02
9020931,200143,P1003,201.72
9020932,204703,P1004,49.68
9020933,200449,P1001,63.42
9020934,210848,P1005,107.84
9020935,211239,P1003,86.8
9020936,205251,P1005,39.25
9020937,210429,P1001,100.09
9020938,208970,P1005,107.7
9020939,204287,P1004,83.24
9020940,205764,P1002,84.13
9020941,210867,P1006,60.53
9020942,203622,P1006,62.1
9020943,206976,P1005,67.44
9020944,208125,P1001,98.73
9020945,204563,P1003,99.2
9020946,210571,P1005,93.01
9020947,207920,P1004,23.3
9020948,203170,P1001,114.66
9020949,202471,P1001,125.94
9020950,210866,P1003,128.43
9020951,201724,P1003,200.61
9020952,207846,P1006,70.1
9020953,204120,P1005,148.88
9020954,209950,P1002,193.23
9020955,205372,P1005,394.54
9020956,206913,P1005,46.36
9020957,209801,P1001,49.25
9020958,205877,P1002,173.73
9020959,201288,P1002,97.53
9020960,204331,P1001,225.07
9020961,203282,P1004,227.83
9020962,208132,P1005,44.15
9020963,205200,P1003,95.73
9020964,203685,P1002,20.84
9020965,204806,P1006,199.68
9020966,210618,P1006,55.35
9020967,207400,P1001,76.59
9020968,207560,P1003,53.17
9020969,205415,P1002,64.48
9020970,210534,P1001,102.08
9020971,204338,P1006,86.98
9020972,201156,P1001,178.48
9020973,211026,P1001,81.54
9020974,208038,P1002,18.41
9020975,209306,P1002,27.73
9020976,201571,P1003,115.39
9020977,209390,P1002,39.59
9020978,202649,P1005,61.41
9020979,200470,P1006,18.3
9020980,210677,P1001,59.82
9020981,201113,P1005,64.92
9020982,211904,P1002,62.22
9020983,207411,P1004,182.25
9020984,206418,P1003,151.86
9020985,210290,P1005,32.44
9020986,203919,P1002,155.68
9020987,210013,P1001,103.74
9020988,207853,P1004,123.03
9020989,206604,P1003,239.29
9020990,201957,P1002,52.01
9020991,207304,P1001,40.74
9020992,210570,P1004,36.5
9020993,205490,P1004,48.96
9020994,200783,P1006,72.42
9020995,204918,P1001,194.11
9020996,211046,P1006,93.21
9020997,209021,P1005,326.92
9020998,202647,P1004,125.36
9020999,208741,P1003,164.37
9021000,209915,P1005,134.58
9021001,208590,P1002,25.99
9021002,211453,P1005,128.1
9021003,208210,P1004,39.57
9021004,203899,P1006,87.43
9021005,210757,P1005,48.14
9021006,207158,P1002,86.32
9021007,210691,P1001,41.57
9021008,206378,P1004,106.63
9021009,204274,P1005,15.89
9021010,210629,P1003,70.87
9021011,202181,P1001,39.09
9021012,208088,P1004,95.74
9021013,201043,P1005,81.25
9021014,202759,P1006,305.96
9021015,210757,P1006,89.34
9021016,206327,P1005,131.4
9021017,209338,P1001,164.77
9021018,206730,P1005,166.6
9021019,205663,P1002,129.45
9021020,209672,P1001,115.73
9021021,201758,P1005,119.05
9021022,201631,P1005,211.43
9021023,206220,P1003,119.99
9021024,208594,P1005,150.26
9021025,205190,P1001,187.73
9021026,210914,P1004,87.39
9021027,200555,P1006,30.95
9021028,201660,P1002,47.26
9021029,210622,P1006,251.21
9021030,204027,P1002,109.13
9021031,205270,P1003,61.67
9021032,204189,P1002,63.07
9021033,202178,P1002,111.18
9021034,201292,P1005,104.07
9021035,210890,P1006,79.72
9021036,211529,P1003,207.58
9021037,207673,P1003,50.23
9021038,210632,P1002,87.1
9021039,211147,P1001,65.71
9021040,207242,P1004,17.74
9021041,206155,P1003,53.3
9021042,205276,P1002,81.16
9021043,200907,P1001,97.22
9021044,209300,P1005,61.71
9021045,207928,P1005,235.74
9021046,209819,P1001,111.71
9021047,201710,P1001,72
9021048,207731,P1005,135.41
9021049,205551,P1006,202.29
9021050,203219,P1002,102.78
9021051,201006,P1003,114.27
9021052,206992,P1004,7.4
9021053,201115,P1002,376.26
9021054,211800,P1001,108.94
9021055,208095,P1003,105.24
9021056,207792,P1003,187.76
9021057,209430,P1005,110.16
9021058,211490,P1006,61.56
9021059,204395,P1004,44.44
9021060,200494,P1002,154.94
9021061,204671,P1006,100.97
9021062,201821,P1006,167.93
9021063,206268,P1006,137.05
9021064,209186,P1005,396.35
9021065,203429,P1004,274.4
9021066,200100,P1006,161.93
9021067,211835,P1004,55.45
9021068,201250,P1004,102.14
9021069,207980,P1001,21.44
9021070,205311,P1005,48.51
9021071,209435,P1004,208.88
9021072,203480,P1005,58.24
9021073,209950,P1006,159.27
9021074,205333,P1004,90.18
9021075,207414,P1005,194
9021076,208113,P1001,106.26
9021077,206483,P1003,136.47
9021078,204151,P1006,192.8
9021079,208671,P1006,205.83
9021080,211254,P1001,67.05
9021081,208698,P1002,43.91
9021082,208291,P1002,27.26
9021083,211390,P1006,90.6
9021084,211029,P1001,178.99
9021085,200997,P1004,12.52
9021086,200216,P1003,58.72
9021087,205308,P1001,129.4
9021088,202102,P1004,60.23
9021089,206821,P1006,125.2
9021090,203519,P1001,87.55
9021091,208593,P1003,12.71
9021092,206761,P1001,57.15
9021093,205785,P1006,18.63
9021094,201253,P1002,170.09
9021095,208382,P1006,63.17
9021096,206648,P1002,39.93
9021097,207884,P1005,150.26
9021098,208865,P1001,162.94
9021099,202149,P1005,29.81
9021100,205091,P1003,98.23
9021101,211654,P1004,77.56
9021102,211743,P1006,130.5
9021103,205699,P1006,38.04
9021104,209241,P1001,58.52
9021105,202912,P1006,61.5
9021106,210471,P1004,53.44
9021107,202647,P1004,146.81
9021108,208334,P1002,54.5
9021109,200447,P1001,222.85
9021110,203323,P1003,118.9
9021111,209785,P1001,164.41
9021112,209031,P1001,35.37
9021113,203724,P1002,42.35
9021114,202283,P1003,256.16
9021115,205601,P1004,97.39
9021116,203555,P1006,84.5
9021117,210662,P1006,27.95
9021118,203050,P1004,188.45
9021119,202062,P1002,117.1
9021120,206472,P1005,58.58
9021121,209137,P1004,136.23
9021122,202969,P1005,85.52
9021123,202780,P1006,27.4
9021124,200103,P1002,20.96
9021125,203653,P1002,83.43
9021126,200226,P1005,116.65
9021127,211200,P1004,20.46
9021128,204261,P1003,202.4
9021129,200691,P1006,62.88
9021130,200050,P1001,78.26
9021131,209434,P1005,46.69
9021132,202304,P1005,37.65
9021133,210199,P1004,88.24
9021134,206235,P1001,87
9021135,201830,P1001,98.22
9021136,211239,P1004,57.11
9021137,204819,P1004,99.69
9021138,210414,P1005,187.96
9021139,208656,P1005,87.1
9021140,202171,P1003,40.69
9021141,206134,P1003,205.51
9021142,211587,P1002,209.06
9021143,209218,P1002,88.74
9021144,202301,P1001,95.19
9021145,202033,P1003,59.32
9021146,211037,P1002,64.31
9021147,201328,P1003,85.25
9021148,200153,P1003,246.1
9021149,211920,P1005,187.23
9021150,203582,P1005,275.43
9021151,209642,P1004,131.1
9021152,202585,P1001,192.75
9021153,209391,P1004,35.66
9021154,202053,P1004,176.53
9021155,209525,P1001,148.18
9021156,207953,P1006,98.91
9021157,203981,P1003,37.46
9021158,204156,P1002,121.5
9021159,201845,P1002,85.65
9021160,202567,P1002,81.04
9021161,206444,P1003,48.39
9021162,201999,P1005,143.27
9021163,203441,P1001,79.65
9021164,201250,P1004,38.35
9021165,206585,P1006,51.46
9021166,210487,P1004,90.88
9021167,203920,P1001,37.06
9021168,210015,P1006,204.61
9021169,209766,P1004,146.51
9021170,207356,P1006,47.29
9021171,200189,P1005,115.33
9021172,211328,P1003,52.02
9021173,203821,P1003,28.92
9021174,211000,P1005,52.55
9021175,204237,P1001,86.53
9021176,210400,P1003,210
9021177,208256,P1001,66.31
9021178,204181,P1002,82.21
9021179,211247,P1002,101
9021180,202579,P1001,85.01
9021181,209044,P1003,74.02
9021182,211400,P1002,10.48
9021183,200145,P1004,80.56
9021184,209312,P1005,140.74
9021185,200872,P1005,123.14
9021186,209063,P1002,101.56
9021187,211716,P1004,64.41
9021188,201439,P1004,29.44
9021189,207493,P1005,20.39
9021190,209131,P1001,53.23
9021191,205372,P1005,39.97
9021192,204554,P1004,35.66
9021193,207401,P1004,25.23
9021194,200533,P1004,49.04
9021195,210194,P1003,87.98
9021196,204190,P1005,24.44
9021197,202350,P1002,46.47
9021198,207412,P1006,12.44
9021199,200022,P1003,134.92
9021200,209445,P1004,118.02
9021201,208239,P1006,68.35
9021202,206059,P1005,92.63
9021203,206967,P1002,57.08
9021204,204625,P1006,51.26
9021205,210360,P1002,77.17
9021206,210106,P1006,286.19
9021207,208437,P1001,48.96
9021208,207846,P1001,59.94
9021209,209401,P1001,118.32
9021210,206571,P1005,245.6
9021211,205174,P1005,202.16
9021212,203314,P1004,67.79
9021213,202818,P1003,61.38
9021214,211820,P1006,138.7
9021215,211370,P1005,189.33
9021216,201268,P1006,69
9021217,207397,P1001,91.02
9021218,202557,P1005,96.42
9021219,206998,P1001,106.94
9021220,204829,P1002,15.32
9021221,203109,P1001,131.46
9021222,204945,P1005,102.63
9021223,205772,P1005,76.7
9021224,209689,P1005,84.76
9021225,201291,P1006,86.55
9021226,211247,P1004,166.79
9021227,211225,P1001,65.25
9021228,202426,P1002,111.8
9021229,200982,P1003,137.18
9021230,200086,P1002,60.64
9021231,204615,P1005,39.8
9021232,211021,P1003,79.45
9021233,208826,P1006,103.47
9021234,202105,P1001,70.32
9021235,204328,P1003,105
9021236,208527,P1002,65.65
9021237,203092,P1003,98.49
9021238,204734,P1002,71.56
9021239,206500,P1005,87.34
9021240,209300,P1001,37.08
9021241,209384,P1006,94.79
9021242,201637,P1004,8.51
9021243,207503,,62.05
9021244,201546,P1001,113.04
9021245,200154,P1006,106.04
9021246,204178,P1002,40.79
9021247,201856,P1002,34.99
9021248,202287,P1003,120.61
9021249,204728,P1002,99.83
9021250,201325,P1001,70.17
9021251,203106,P1004,46.53
9021252,201209,P1004,71.85
9021253,200737,P1003,220.14
9021254,204755,P1005,185.41
9021255,202505,P1004,47.86
9021256,209966,P1002,54.25
9021257,209749,P1004,149.86
9021258,201110,P1005,68.45
9021259,206689,P1003,133.16
9021260,205921,,99.88
9021261,203381,P1001,66.15
9021262,204997,P1005,241.5
9021263,211868,P1003,107.28
9021264,203352,P1003,51.48
9021265,204660,P1002,153.44
9021266,203291,P1004,85.02
9021267,202869,P1001,26.99
9021268,203374,P1006,21.54
9021269,210240,P1002,82.34
9021270,203974,P1006,113.22
9021271,201690,P1006,111.5
9021272,201379,P1005,83.24
9021273,205991,P1001,23.51
9021274,203686,P1004,153.11
9021275,204086,P1005,120.91
9021276,210241,P1005,86.8
9021277,205737,P1004,65.28
9021278,202286,P1004,75.63
9021279,205247,P1004,8.82
9021280,202029,P1004,318.51
9021281,211767,P1002,49.74
9021282,203559,P1006,92.54
9021283,205554,P1005,169.2
9021284,209475,P1006,17.08
9021285,201448,P1002,122.86
9021286,205820,P1004,79.23
9021287,202277,P1004,169.97
9021288,200454,P1001,148.66
9021289,210337,P1001,56.85
9021290,204914,P1002,239.32
9021291,204683,P1004,236.56
9021292,207067,P1001,56.08
9021293,202949,P1003,68.1
9021294,205600,P1001,53.81
9021295,207306,P1003,18.31
9021296,202116,P1004,111.18
9021297,210578,P1003,19.61
9021298,211085,P1006,29.37
9021299,201159,P1003,168.14
9021300,210418,P1003,54.59
9021301,200808,P1005,28.1
9021302,200935,P1002,123.1
9021303,205918,P1005,14.08
9021304,209320,P1003,126.96
9021305,208652,P1005,27.75
9021306,203933,P1004,60.03
9021307,201624,P1005,62.21
9021308,211582,P1003,38.64
9021309,209378,P1006,29.97
9021310,206990,P1005,286.42
9021311,204323,P1005,105.75
9021312,209763,P1005,12.57
9021313,204452,P1002,203.72
9021314,204731,P1006,220.2
9021315,209169,P1005,85.1
9021316,200033,P1001,51.11
9021317,210072,P1004,101.45
9021318,200773,P1005,52.96
9021319,206146,P1006,102.44
9021320,209532,P1006,172.47
9021321,201544,P1004,34.49
9021322,208504,P1005,9.23
9021323,202614,P1006,155.45
9021324,209177,P1003,52.89
9021325,204421,P1001,23.2
9021326,200936,P1002,134.54
9021327,206227,P1002,169.47
9021328,203815,P1004,168.21
9021329,203354,P1003,28.35
9021330,202411,P1002,38.49
9021331,205407,P1002,198.68
9021332,207175,P1004,11.64
9021333,210204,P1002,31.12
9021334,205208,P1002,25.73
9021335,207636,P1005,26.69
9021336,205071,P1004,108.31
9021337,205621,P1002,27.16
9021338,204241,P1003,110.62
9021339,207691,P1005,71.64
9021340,205278,P1004,134.43
9021341,205815,P1006,44.56
9021342,209370,P1001,26.8
9021343,201224,P1003,137.33
9021344,200212,P1003,27.49
9021345,211529,P1003,139.5
9021346,211156,P1004,89.59
9021347,203735,P1002,48.24
9021348,207961,P1004,21.9
9021349,204445,P1005,112.66
9021350,209269,P1004,40.21
9021351,209290,P1002,40.79
9021352,210840,P1002,161.23
9021353,205245,P1006,193.28
9021354,204534,P1006,136.03
9021355,207722,P1001,202.31
9021356,210983,P1002,80.69
9021357,204317,P1006,179.25
9021358,209851,P1005,141.16
9021359,200246,P1003,228.72
9021360,207368,P1003,52.87
9021361,204697,P1005,57.69
9021362,201420,P1001,23.64
9021363,210144,P1003,100.07
9021364,208034,P1004,43.45
9021365,209109,P1004,270.16
9021366,204989,P1002,15.6
9021367,207548,P1003,136.06
9021368,203623,P1001,103.54
9021369,201282,P1002,26.05
9021370,208606,P1004,64.94
9021371,209561,P1006,115.9
9021372,210948,P1006,273.19
9021373,201816,P1005,45.92
9021374,211650,P1001,12.32
9021375,208525,P1006,180.8
9021376,206743,P1001,236.13
9021377,201116,P1004,163.57
9021378,205224,P1005,146.7
9021379,207518,P1005,144.17
9021380,211571,P1006,139.55
9021381,207151,P1006,58.21
9021382,207319,P1006,64.62
9021383,201594,P1003,29.75
9021384,206848,P1002,54.85
9021385,200580,P1004,23.58
9021386,201333,P1005,259.32
9021387,203859,P1006,130.2
9021388,205545,P1005,114.45
9021389,208337,P1002,25.55
9021390,202583,P1003,43.43
9021391,205996,P1003,111.95
9021392,211477,P1004,62.82
9021393,210111,P1001,63.03
9021394,207721,P1004,241
9021395,200806,P1004,167.25
9021396,207288,P1004,30.17
9021397,211490,P1006,102.54
9021398,211586,P1004,110.4
9021399,201967,P1005,34.83
9021400,200732,P1006,55.58
9021401,211479,P1003,50.78
9021402,200656,P1002,69.89
9021403,209445,P1002,209.08
9021404,202132,P1001,82.42
9021405,206216,P1002,20.5
9021406,208681,P1003,20.64
9021407,202793,P1004,225.48
9021408,202870,P1005,53.07
9021409,204400,P1002,177.38
9021410,207885,P1001,42.75
9021411,202949,P1002,159.93
9021412,207787,P1001,60.18
9021413,200529,P1003,86.77
9021414,200367,P1004,32.38
9021415,208575,P1001,73.99
9021416,204223,P1003,8.76
9021417,211034,P1001,62.56
9021418,207823,P1001,27.59
9021419,209329,P1005,176.67
9021420,204884,P1001,75.5
9021421,211696,P1005,34.37
9021422,205724,P1002,125.17
9021423,206191,P1004,161
9021424,204636,P1004,32.07
9021425,203737,P1001,52.61
9021426,202318,P1004,26.34
9021427,205578,P1003,20.74
9021428,204063,P1003,108.85
9021429,206279,P1004,63.87
9021430,205315,P1003,267.12
9021431,205413,P1002,171.98
9021432,202597,P1005,90.38
9021433,207567,P1002,21.97
9021434,208327,P1005,74.7
9021435,200918,P1003,99.04
9021436,208948,P1006,101.02
9021437,207745,P1002,24.32
9021438,201952,P1002,37.18
9021439,205685,P1001,16.69
9021440,211157,P1003,32.07
9021441,205281,P1003,92.41
9021442,205315,P1001,98.85
9021443,203099,P1006,39.2
9021444,206130,P1002,35.89
9021445,211678,P1004,111.5
9021446,207089,P1001,32.84
9021447,201916,P1004,131.68
9021448,204477,P1002,32.16
9021449,208038,P1004,94.72
9021450,209805,P1003,116.37
9021451,201494,P1004,83.56
9021452,208546,P1002,126.13
9021453,205180,P1003,50.23
9021454,205735,P1003,23.7
9021455,211716,P1004,71.61
9021456,200918,P1003,45.24
9021457,201337,P1003,83.43
9021458,207596,P1001,98
9021459,204136,P1003,26.99
9021460,203175,P1002,74.01
9021461,206997,P1004,65.25
9021462,201905,P1006,59.11
9021463,211122,P1006,67.01
9021464,205991,P1002,274.01
9021465,203387,P1004,23.75
9021466,204340,P1004,92.03
9021467,206901,P1005,109.81
9021468,207750,P1005,140.43
9021469,203286,P1001,101.23
9021470,208114,P1004,9.07
9021471,209870,P1006,69.6
9021472,209167,P1002,220.27
9021473,210799,P1004,262.36
9021474,209138,P1002,26.71
9021475,208296,P1004,85.4
9021476,209817,P1006,101.3
9021477,203997,P1003,74.43
9021478,202552,P1005,105.86
9021479,203351,P1001,98.65
9021480,207924,P1003,161.48
9021481,202719,P1003,64.84
9021482,210820,P1002,11.6
9021483,205387,P1002,77.3
9021484,208416,P1002,58.16
9021485,210001,P1002,199.54
9021486,202002,P1003,165.94
9021487,206862,P1003,36.57
9021488,204679,P1005,41.89
9021489,201468,P1005,152.5
9021490,207819,P1005,135.69
9021491,206199,P1003,77.13
9021492,211420,P1002,180.97
9021493,210899,P1006,53.21
9021494,207946,P1001,28.98
9021495,210655,P1005,47.56
9021496,208484,P1001,20.03
9021497,202030,P1001,17.5
9021498,200745,P1002,75.47
9021499,211249,P1003,66.04
9021500,206185,P1003,154.65
9021501,202639,P1004,102.83
9021502,211594,P1001,95.72
9021503,209029,P1002,32.99
9021504,210474,P1003,155.73
9021505,202319,P1002,93.89
9021506,207869,P1002,280.66
9021507,204204,P1002,135.69
9021508,207581,P1001,112.35
9021509,203991,P1003,18.24
9021510,209989,P1005,32.4
9021511,209675,P1001,12.87
9021512,202705,P1002,114.07
9021513,207188,P1002,121.25
9021514,200232,P1004,143.95
9021515,208423,P1005,171.44
9021516,200041,P1004,183.66
9021517,206205,P1004,47.07
9021518,211029,P1006,41.31
9021519,202628,P1005,47.12
9021520,207387,P1006,22.97
9021521,202122,P1003,19.85
9021522,206228,P1001,180.15
9021523,205329,P1003,130.37
9021524,204088,P1005,4.5
9021525,206523,P1002,283.68
9021526,208495,P1003,66.51
9021527,208976,P1003,104.94
9021528,202964,P1004,73.85
9021529,204974,P1003,124.78
9021530,210558,P1005,75.5
9021531,209073,P1002,41.02
9021532,203206,P1006,140.82
9021533,210339,P1003,90.05
9021534,203596,P1001,69.24
9021535,204542,P1004,89.68
9021536,200513,P1006,74.7
9021537,208659,P1002,35.74
9021538,211859,P1001,248.09
9021539,211098,P1001,46.92
9021540,204865,P1006,74.96
9021541,210476,P1003,26.2
9021542,202568,P1005,100.51
9021543,201785,P1001,74.01
9021544,211361,P1002,104.2
9021545,206493,P1002,70.43
9021546,201120,P1002,215.8
9021547,207945,P1002,39.67
9021548,200384,P1002,120.72
9021549,210625,P1004,32.07
9021550,205520,P1002,90.98
9021551,207365,P1003,129.09
9021552,207323,P1005,149.63
9021553,204732,P1001,67.43
9021554,203180,P1004,40.69
9021555,207173,P1005,10.31
9021556,211289,P1002,23.52
9021557,206133,P1005,87.88
9021558,209205,P1005,58.84
9021559,203071,P1005,178.55
9021560,211180,P1004,168.94
9021561,210649,,45.46
9021562,209367,P1001,126.78
9021563,201489,P1004,77.37
9021564,209159,P1005,83.61
9021565,211503,P1002,105.02
9021566,201439,P1004,132.55
9021567,207606,P1006,121.18
9021568,206276,P1004,142.85
9021569,208120,P1002,116.55
9021570,211614,P1003,49.57
9021571,200035,P1004,19.62
9021572,200694,P1004,67.55
9021573,209458,P1003,92.18
9021574,204336,P1006,282.17
9021575,211395,P1003,196.56
9021576,208194,P1001,21.45
9021577,205730,P1006,162.93
9021578,208225,P1004,65.33
9021579,207116,P1004,227.6
9021580,210674,P1006,103.5
9021581,200950,P1005,140.63
9021582,205456,P1001,50.64
9021583,205916,P1006,37.5
9021584,211394,P1002,9.72
9021585,202985,P1002,158.54
9021586,203013,P1005,119.53
9021587,209442,P1003,77.35
9021588,200988,P1005,286.25
9021589,204471,P1005,57.65
9021590,210370,P1001,125.2
9021591,209917,P1006,46.57
9021592,205741,P1005,119.98
9021593,210056,P1005,78.14
9021594,201519,P1002,295.31
9021595,204739,P1005,53.92
9021596,204420,P1005,28.69
9021597,208527,P1005,176.94
9021598,203727,P1003,134.84
9021599,202813,P1001,51.74
9021600,209246,P1006,91.07
9021601,210508,P1001,61.64
9021602,205493,P1003,53.33
9021603,205902,P1005,17.88
9021604,200126,P1006,46.51
9021605,207850,P1002,36.77
9021606,202187,P1001,20.86
9021607,205973,P1006,171.51
9021608,208923,P1003,205.74
9021609,209823,P1002,110.55
9021610,205039,P1001,115.66
9021611,206817,P1003,106.03
9021612,207731,P1001,127.07
9021613,207266,P1001,23.82
9021614,209732,P1001,150.72
9021615,209446,P1003,67.76
9021616,205874,P1003,77.72
9021617,208204,P1004,71.86
9021618,205677,P1002,58.03
9021619,211834,P1002,46.32
9021620,200784,P1004,51.35
9021621,209837,P1006,110.88
9021622,203664,P1003,164.33
9021623,202176,P1002,142.32
9021624,209033,P1005,156.71
9021625,209580,P1003,165.16
9021626,208463,P1001,49.4
9021627,209697,P1004,107.27
9021628,210451,P1004,250.86
9021629,200695,P1001,142.97
9021630,210553,P1002,39.5
9021631,201196,P1006,149.05
9021632,205257,P1005,49.85
9021633,200107,P1002,65.03
9021634,209627,P1002,88.26
9021635,211185,P1004,97.44
9021636,210707,P1004,22.19
9021637,203886,P1003,159.14
9021638,211107,P1005,173.84
9021639,200882,P1003,14.82
9021640,211341,P1001,106.46
9021641,203006,P1006,16.81
9021642,201832,P1002,503.73
9021643,206457,P1006,47.61
9021644,205441,P1006,47.81
9021645,202260,P1004,124.63
9021646,204315,P1003,57.34
9021647,201262,P1003,82.53
9021648,204650,P1004,86.59
9021649,210825,P1003,136.03
9021650,209607,P1002,110.1
9021651,207289,P1004,26.01
9021652,202578,P1001,249.39
9021653,201084,P1002,40.94
9021654,210727,P1002,76.38
9021655,207761,P1005,95.7
9021656,202262,P1002,27.94
9021657,210248,P1003,25.57
9021658,204798,P1003,86.04
9021659,200678,P1003,161.64
9021660,200914,P1005,124.64
9021661,207646,P1005,86.27
9021662,211386,P1003,62.83
9021663,206871,P1006,32.95
9021664,210221,P1004,144.04
9021665,211405,P1003,58.36
9021666,200973,P1006,75.47
9021667,204888,P1002,12.01
9021668,210140,P1004,170.75
9021669,208089,P1006,123.27
9021670,200643,P1003,70.06
9021671,203814,P1001,139.44
9021672,202241,P1006,104.18
9021673,200665,P1002,436.94
9021674,207443,P1005,70.16
9021675,201177,P1002,9.48
9021676,204893,P1006,127.49
9021677,207950,P1002,182.13
9021678,204215,P1004,140.99
9021679,205972,P1004,32.46
9021680,200166,P1002,139.47
9021681,202240,P1004,79.11
9021682,205053,P1001,167.42
9021683,211510,P1003,239.4
9021684,203790,P1001,128.21
9021685,210035,P1005,22.58
9021686,200833,P1002,5.48
9021687,209443,P1003,100.94
9021688,211636,P1002,160.26
9021689,201278,P1004,38.14
9021690,205764,P1005,56.53
9021691,210618,P1006,103.21
9021692,206624,P1005,88.86
9021693,211246,P1001,70.02
9021694,202850,P1004,115.98
9021695,209376,P1004,95.75
9021696,200111,P1006,20.68
9021697,207417,P1003,254.77
9021698,207940,P1004,82.99
9021699,206735,P1001,43.82
9021700,210966,P1004,51.26
9021701,203439,P1005,141.61
9021702,211221,P1002,194.5
9021703,208902,P1005,13.49
9021704,207894,P1001,82.19
9021705,210512,P1004,133.19
9021706,209809,P1002,167.18
9021707,206353,P1004,165.72
9021708,207799,P1005,30.2
9021709,205254,P1001,71.56
9021710,209808,P1002,41.28
9021711,208621,P1006,257.89
9021712,203600,P1004,24.02
9021713,207230,P1006,73.84
9021714,202685,P1005,51.85
9021715,206551,P1001,96.68
9021716,201557,P1003,105.06
9021717,205028,P1002,44.15
9021718,207386,P1006,99.16
9021719,209116,P1004,44.27
9021720,203280,P1001,27.89
9021721,204172,P1001,72.14
9021722,211608,P1003,149.98
9021723,208578,P1005,25.59
9021724,211672,P1003,37.9
9021725,207144,P1002,72.08
9021726,210351,P1005,137.54
9021727,208945,P1005,106.47
9021728,210700,P1002,249.19
9021729,206949,P1006,104.44
9021730,202234,P1001,201.41
9021731,208093,P1005,165.13
9021732,204348,P1006,19.33
9021733,210956,P1001,78.71
9021734,210528,P1003,30.8
9021735,205272,P1004,22.67
9021736,200698,P1006,34.99
9021737,204238,P1001,33.84
9021738,209910,P1002,84.37
9021739,210934,P1003,114.02
9021740,201425,P1005,150.27
9021741,204370,P1002,233.03
9021742,205694,P1006,33.46
9021743,210942,P1001,83.17
9021744,201543,P1005,153.64
9021745,208784,P1001,37.82
9021746,203869,P1003,143.62
9021747,201447,P1004,123.05
9021748,208107,P1003,113.91
9021749,208158,P1002,50.4
9021750,208539,P1002,16.16
9021751,207014,P1004,148.94
9021752,210900,P1003,137.32
9021753,209539,P1002,16.52
9021754,206596,P1005,219.9
9021755,207281,P1001,124.17
9021756,202158,P1004,104.35
9021757,209832,P1006,107.94
9021758,208572,P1005,50.15
9021759,210309,P1002,22.02
9021760,208412,P1004,180.38
9021761,204886,P1004,36.85
9021762,203611,P1004,127.02
9021763,204204,P1005,34.38
9021764,209432,P1004,211.68
9021765,200039,P1004,157.63
9021766,211779,P1001,113.73
9021767,202085,P1003,204.6
9021768,202850,P1003,122.2
9021769,202933,P1002,43.42
9021770,206792,P1001,167.22
9021771,209341,P1006,100.23
9021772,200929,P1001,46.42
9021773,205672,P1006,17.75
9021774,207305,P1001,223
9021775,210136,P1001,79.9
9021776,201940,P1003,36.15
9021777,203336,P1003,68.03
9021778,205891,P1002,103.03
9021779,207574,P1005,37.54
9021780,209925,P1005,159.33
9021781,202749,P1001,62.56
9021782,200993,P1002,122.17
9021783,200954,P1006,209.37
9021784,203920,P1001,39.84
9021785,203848,P1003,67.91
9021786,204563,P1001,52.73
9021787,211124,P1004,26.54
9021788,202470,P1001,207.06
9021789,202299,P1002,65.83
9021790,206290,P1004,66.64
9021791,202682,P1003,117.63
9021792,209588,P1001,97.68
9021793,204173,P1002,111.77
9021794,211436,P1004,102.77
9021795,203583,P1002,72.14
9021796,211444,P1002,138.6
9021797,202982,P1005,74.05
9021798,203003,P1006,53.77
9021799,207250,P1003,92.78
9021800,201517,P1006,40.87
9021801,208830,P1004,31.72
9021802,206216,P1001,34.13
9021803,200482,P1003,127.55
9021804,209699,P1004,80.88
9021805,208024,P1001,89.82
9021806,202503,P1003,60.01
9021807,205496,P1004,27.5
9021808,200647,P1005,108.57
9021809,201258,P1003,18
9021810,203227,P1006,99.43
9021811,210059,P1001,39.48
9021812,200722,P1002,232.21
9021813,201346,P1004,167.49
9021814,202359,P1006,46.43
9021815,201871,P1002,54.71
9021816,200216,P1003,236.77
9021817,205229,P1002,94.99
9021818,209777,P1004,130.09
9021819,203468,P1003,61.32
9021820,205402,P1001,170.67
9021821,211327,P1001,149.68
9021822,211119,P1006,189.19
9021823,202828,P1006,245.99
9021824,205453,P1005,46.63
9021825,208689,P1005,112.53
9021826,203354,P1003,10.79
9021827,202282,P1005,126.4
9021828,207049,P1006,51.94
9021829,200760,P1004,251.38
9021830,203012,P1001,76.04
9021831,202514,P1001,230.63
9021832,208990,P1005,122.39
9021833,210004,P1002,131.06
9021834,203493,P1003,77.24
9021835,210021,P1004,56.95
9021836,210868,P1001,82.6
9021837,202103,  ,239.5
9021838,200208,P1001,80.81
9021839,206844,P1003,41
9021840,203381,P1005,87.52
9021841,203738,P1002,90.87
9021842,207469,P1005,56.61
9021843,211149,P1001,124.09
9021844,200550,P1005,382.36
9021845,201385,P1005,70.75
9021846,203893,P1001,217.26
9021847,207005,P1004,181.19
9021848,204893,P1002,85.83
9021849,204228,P1004,53.88
9021850,211960,P1006,58.57
9021851,201782,P1005,19.18
9021852,211089,P1001,64.16
9021853,200325,P1005,43.01
9021854,200312,P1006,140.13
9021855,204610,P1003,29.6
9021856,203046,P1003,117.25
9021857,209117,P1001,68.29
9021858,206151,P1001,132.66
9021859,202249,P1006,67.25
9021860,211578,P1006,42.18
9021861,200049,P1001,304.97
9021862,209125,P1001,58.35
9021863,202447,P1004,130.42
9021864,203722,P1003,168.98
9021865,200136,P1001,52.78
9021866,202711,P1003,68.7
9021867,211278,P1002,137.76
9021868,205827,P1006,32.22
9021869,202058,P1003,110.05
9021870,202743,P1001,84.61
9021871,208807,P1003,75.16
9021872,204331,P1003,156.18
9021873,206541,P1005,10.83
9021874,206674,P1006,208.12
9021875,202474,P1003,42.73
9021876,209175,P1001,198.78
9021877,211028,P1006,69.64
9021878,201606,P1002,101.19
9021879,205123,P1005,130.72
9021880,210090,P1004,83.62
9021881,211911,P1004,47.32
9021882,207768,P1006,48.71
9021883,206662,P1006,44.05
9021884,210281,P1005,83.48
9021885,203313,P1001,340.16
9021886,206517,P1001,98.36
9021887,207373,P1001,27.88
9021888,203223,P1004,253.35
9021889,209565,P1003,119.56
9021890,204220,P1002,34.36
9021891,202492,P1005,99.11
9021892,206856,P1004,76.25
9021893,201405,P1002,149.61
9021894,209073,P1004,35.34
9021895,211180,P1006,90.98
9021896,201387,P1005,109.99
9021897,204379,P1006,28.5
9021898,209698,P1005,100.54
9021899,208335,P1003,138.7
9021900,202470,P1004,81.77
9021901,203758,P1005,97.88
9021902,201924,P1005,84.68
9021903,206649,P1005,26.37
9021904,200588,P1006,123.92
9021905,200738,P1002,20.29
9021906,204604,P1005,60.89
9021907,200661,P1004,81.41
9021908,202415,P1006,64.27
9021909,208926,P1004,202.38
9021910,206130,P1006,135.36
9021911,204234,P1004,99.8
9021912,205784,P1005,47.95
9021913,200146,P1005,75.3
9021914,200234,P1001,66.95
9021915,201466,P1001,90.59
9021916,200168,P1002,112.51
9021917,210614,P1005,48.36
9021918,205482,P1006,63.76
9021919,202058,P1001,42.65
9021920,200124,P1004,68.79
9021921,201243,P1002,28.2
9021922,209355,P1005,115.76
9021923,205440,P1001,139.67
9021924,204023,P1004,355.68
9021925,211059,P1002,63.94
9021926,207279,P1002,83.53
9021927,200388,P1003,9.74
9021928,207896,P1001,74
9021929,200193,P1001,37.83
9021930,205546,P1003,88.48
9021931,207074,P1003,35.06
9021932,206165,P1004,128.89
9021933,211533,P1003,152.06
9021934,200629,P1004,18.54
9021935,205321,P1001,158.98
9021936,205975,P1005,114.91
9021937,209246,P1002,102.38
9021938,210379,P1001,89.62
9021939,201787,P1005,59.73
9021940,203027,P1003,93.01
9021941,201637,P1002,27.02
9021942,204107,P1005,90.98
9021943,207535,P1003,365.56
9021944,200923,P1003,40.17
9021945,210687,P1002,64.97
9021946,206114,P1003,56.23
9021947,206530,P1003,51.83
9021948,200083,P1006,24.54
9021949,209598,P1003,69.47
9021950,204298,P1002,194.02
9021951,202099,P1004,226.39
9021952,210168,P1003,195.09
9021953,208455,P1002,120.14
9021954,200522,P1001,398.15
9021955,207621,P1004,109.1
9021956,201585,P1002,81.24
9021957,211669,P1004,23.68
9021958,206426,P1005,229.38
9021959,204356,P1005,45.26
9021960,211070,P1003,135.5
9021961,202517,P1001,65.74
9021962,208269,P1006,96.61
9021963,206893,P1003,47.89
9021964,201841,P1005,93.95
9021965,208913,P1003,79.57
9021966,208680,P1001,98.29
9021967,206035,P1006,23.76
9021968,200658,P1002,357.78
9021969,205227,P1006,33.38
9021970,206668,P1003,100.24
9021971,208327,P1006,15.62
9021972,200716,P1003,42.95
9021973,207904,P1006,183.11
9021974,203307,P1003,96.54
9021975,211856,P1001,101.84
9021976,206116,P1001,190.64
9021977,210249,P1001,61.23
9021978,202257,P1003,45.93
9021979,211056,P1006,87.98
9021980,200683,P1002,152.22
9021981,207568,P1005,95.68
9021982,200194,P1005,122.77
9021983,210255,P1004,46.01
9021984,207256,P1003,206.93
9021985,209917,P1004,138.45
9021986,211922,P1003,9.61
9021987,207224,P1006,179.67
9021988,207224,P1002,89.83
9021989,206959,P1006,111.61
9021990,206522,P1006,51.5
9021991,206124,P1005,67.02
9021992,211753,P1004,268.31
9021993,205898,P1002,159.03
9021994,209132,P1004,82.98
9021995,211362,P1004,217.73
9021996,203776,P1003,40.32
9021997,207527,P1003,66.54
9021998,206512,P1002,112.58
9021999,202927,P1006,37.41
9022000,201579,P1006,96.34
9022001,205498,P1006,187.29
9022002,204994,P1004,80.93
9022003,210562,P1003,171.71
9022004,209291,P1003,235.43
9022005,202740,P1002,54.97
9022006,203843,P1004,87.77
9022007,210859,P1001,18.51
9022008,206366,P1005,94.36
9022009,208058,P1006,40.24
9022010,205905,P1002,49.93
9022011,208357,P1001,71.69
9022012,203093,P1006,353.79
9022013,204692,P1002,47.97
9022014,205568,P1001,125.9
9022015,210500,P1003,68.15
9022016,204210,P1003,117.85
9022017,202332,P1004,123.24
9022018,200358,P1005,105.21
9022019,211094,P1006,127.36
9022020,201391,P1006,183.7
9022021,209895,P1003,98.41
9022022,203161,P1004,35.62
9022023,209538,P1004,193.05
9022024,200761,P1004,158.81
9022025,210056,P1006,166.7
9022026,203363,P1005,36.86
9022027,210046,P1002,80.51
9022028,202121,P1005,94.22
9022029,202981,P1006,89.88
9022030,204730,P1004,139.44
9022031,210869,P1001,42.17
9022032,211475,P1004,17.03
9022033,203175,P1003,122.62
9022034,204010,P1001,29.27
9022035,203013,P1003,40.89
9022036,201518,P1001,191.23
9022037,209149,P1006,190.37
9022038,202348,P1005,27.04
9022039,206932,P1005,232.72
9022040,201629,P1004,54.48
9022041,203909,P1005,417
9022042,204398,P1002,65.46
9022043,205363,P1002,115.34
9022044,210690,P1001,69.9
9022045,205447,P1004,33.56
9022046,206281,P1006,75.18
9022047,203799,P1006,110.02
9022048,200063,P1002,113.34
9022049,209242,P1002,59.56
9022050,204219,P1006,95.88
9022051,208291,P1004,149.88
9022052,202377,P1005,101.87
9022053,208687,P1003,95.67
9022054,205822,P1005,73.59
9022055,202633,P1001,50.19
9022056,200800,P1006,85.93
9022057,201034,P1004,171.63
9022058,209377,P1006,147.26
9022059,207046,P1004,83.67
9022060,203663,P1005,89.31
9022061,205537,P1001,39.27
9022062,204899,P1004,98.91
9022063,202624,P1006,35.37
9022064,201541,P1004,96.55
9022065,205156,P1003,94.99
9022066,207422,P1001,152.92
9022067,202546,P1002,71.3
9022068,206097,P1003,148.3
9022069,208605,P1004,58.63
9022070,203402,P1006,43.22
9022071,210943,P1006,241.18
9022072,211767,P1005,63.76
9022073,200019,P1005,59.34
9022074,208495,P1006,9.63
9022075,204213,P1005,52.51
9022076,201813,P1001,319.13
9022077,208137,P1001,115.39
9022078,205379,P1005,295.72
9022079,206187,P1003,40.94
9022080,206895,P1001,74.33
9022081,203417,P1005,87.37
9022082,202657,P1003,137.39
9022083,209531,P1006,205.17
9022084,211497,P1001,70.13
9022085,210676,P1004,46.26
9022086,211560,P1003,56.3
9022087,203161,P1006,222.97
9022088,200647,P1002,171.28
9022089,207329,P1001,206.21
9022090,202111,P1001,162.57
9022091,209157,P1005,136.32
9022092,201418,P1006,64.12
9022093,211830,P1006,344.67
9022094,207974,P1002,39.42
9022095,211142,P1006,311.49
9022096,211943,P1006,56.63
9022097,210888,P1005,39.89
9022098,201387,P1002,123.84
9022099,200330,P1001,77.42
9022100,208519,P1006,23.79
9022101,205128,P1003,30.83
9022102,209322,P1005,52.07
9022103,203669,P1006,217.05
9022104,201309,P1001,122.25
9022105,208969,P1002,132.36
9022106,200750,P1004,46.34
9022107,204966,P1005,31.54
9022108,203781,P1004,104.37
9022109,205456,P1005,47.88
9022110,202934,P1006,36.63
9022111,206310,P1006,183.47
9022112,200160,P1001,14.55
9022113,206536,P1001,155.6
9022114,209064,P1001,9.2
9022115,202705,P1003,5.44
9022116,210845,P1004,50.89
9022117,200506,P1002,97.83
9022118,210912,P1004,104.1
9022119,209590,P1004,26.74
9022120,202941,P1006,233.15
9022121,204813,P1006,144.94
9022122,208227,P1001,84.41
9022123,205454,P1001,99.14
9022124,209288,P1001,23.78
9022125,201564,P1004,239.1
9022126,209134,P1006,117.58
9022127,206981,P1002,5.37
9022128,203199,P1004,26.41
9022129,211870,P1001,44.86
9022130,205957,P1003,69.9
9022131,206180,P1006,113.58
9022132,210748,P1005,31.76
9022133,202911,P1006,77.89
9022134,209450,P1003,86.5
9022135,200610,P1003,98.55
9022136,207934,P1005,47.47
9022137,211097,P1001,121.29
9022138,200446,P1001,89.92
9022139,209093,P1003,32.77
9022140,208678,P1003,25.85
9022141,200293,P1005,130.89
9022142,201978,P1002,78.16
9022143,200075,P1006,263.73
9022144,207258,P1002,139.96
9022145,208961,P1006,56.11
9022146,210364,P1002,58.79
9022147,209054,P1002,80.81
9022148,202170,P1004,100.45
9022149,204953,P1002,45.59
9022150,205223,P1006,34.82
9022151,204846,P1005,93.64
9022152,206113,P1002,213.84
9022153,202992,P1004,168.91
9022154,208347,  ,93.59
9022155,211890,P1002,88.54
9022156,211468,P1006,164.73
9022157,204685,P1006,146.81
9022158,201969,P1006,98.67
9022159,204097,P1001,14.85
9022160,207221,P1006,48.37
9022161,203857,P1006,219.52
9022162,211137,P1001,25.88
9022163,204632,P1001,115.95
9022164,203052,P1001,95.51
9022165,206198,P1004,105.22
9022166,203329,P1002,28.31
9022167,205351,P1002,32.92
9022168,205150,P1006,74.99
9022169,206208,P1005,48.29
9022170,206373,P1004,66.42
9022171,209010,P1001,69.65
9022172,204128,P1001,127.29
9022173,208946,P1002,40.51
9022174,208739,P1003,21.28
9022175,204588,P1005,110.85
9022176,200576,P1004,139.97
9022177,206536,P1005,42.98
9022178,200535,P1003,34.67
9022179,211645,P1003,35.25
9022180,205043,P1006,174.56
9022181,204985,P1003,10.97
9022182,204824,P1003,146.02
9022183,209849,P1002,113.49
9022184,207931,P1005,175.49
9022185,201192,P1005,275.33
9022186,207580,P1004,142.1
9022187,206441,P1002,60.81
9022188,209642,P1005,23.32
9022189,204468,P1006,92.53
9022190,207139,P1006,113.77
9022191,204752,P1006,178.49
9022192,205308,P1002,98.22
9022193,209050,P1006,245.71
9022194,205213,P1005,56.92
9022195,209761,P1006,69.87
9022196,200252,P1002,86.55
9022197,204509,P1003,85.54
9022198,202414,P1006,106.88
9022199,207029,P1001,80.47
9022200,203587,P1002,97.91
9022201,200334,P1002,52.98
9022202,205453,P1003,49.33
9022203,203968,P1006,118.11
9022204,201477,P1002,205.37
9022205,200976,P1006,130.19
9022206,208546,P1002,62.58
9022207,204431,P1004,49.89
9022208,208886,P1001,46.1
9022209,203109,P1004,47.42
9022210,204369,P1001,61.87
9022211,203057,P1001,89.3
9022212,208336,P1005,18.31
9022213,207633,P1002,66.04
9022214,209359,P1003,37.61
9022215,204150,P1003,158.67
9022216,209571,P1002,227.82
9022217,200677,P1005,198.28
9022218,201106,P1004,96.58
9022219,208740,P1003,68.66
9022220,201418,P1001,140.57
9022221,200784,P1005,53.71
9022222,211738,P1003,52.12
9022223,200142,P1005,62.32
9022224,209261,P1003,24.71
9022225,204408,P1001,109.41
9022226,202895,P1004,159.07
9022227,211628,P1006,192.78
9022228,204551,P1005,38.06
9022229,201479,P1005,277.68
9022230,204956,P1005,56.87
9022231,201403,P1004,46.31
9022232,201882,P1003,45.24
9022233,204746,P1004,151.45
9022234,210285,P1005,228.16
9022235,206156,P1003,23.84
9022236,207874,P1006,97.5
9022237,207599,P1001,432.67
9022238,205888,P1002,26.93
9022239,205112,P1003,122.56
9022240,207186,P1001,106.53
9022241,203676,P1006,56.47
9022242,207525,P1001,49.26
9022243,208957,P1002,252.66
9022244,209990,P1005,118.69
9022245,200797,P1005,231.23
9022246,206540,P1005,82.14
9022247,202912,P1005,87.06
9022248,210628,P1004,146.07
9022249,202619,P1006,12.33
9022250,202794,P1004,77.32
9022251,203584,P1003,59.44
9022252,204075,P1001,66.17
9022253,211599,P1001,12.65
9022254,207664,P1002,12.9
9022255,204541,P1001,38.15
9022256,200244,P1004,144.97
9022257,202407,P1006,52.43
9022258,208990,P1006,97.93
9022259,202603,P1001,24.97
9022260,204255,P1006,104.15
9022261,210262,P1005,107.06
9022262,203237,P1002,84.44
9022263,200077,P1001,65.46
9022264,201399,P1006,27.26
9022265,202256,P1005,30.38
9022266,201388,P1003,181.23
9022267,207114,P1001,45.6
9022268,206914,P1003,54.75
9022269,206242,P1004,163.48
9022270,206083,P1006,91.99
9022271,200795,P1002,68.71
9022272,208952,P1002,93.85
9022273,207263,P1004,71.84
9022274,202407,P1004,22.52
9022275,205582,P1003,109.22
9022276,209453,P1005,80.11
9022277,210154,P1003,144.78
9022278,204014,P1002,27.14
9022279,205960,P1005,63.51
9022280,206078,P1003,107.61
9022281,211857,P1005,95.03
9022282,206357,P1006,70.11
9022283,206092,P1005,39.98
9022284,201331,P1001,83.47
9022285,201391,P1006,197.31
9022286,207605,P1001,135.94
9022287,201125,P1005,24.56
9022288,205174,P1006,113.85
9022289,209061,P1002,101.33
9022290,202241,P1001,171.5
9022291,204788,P1003,191.66
9022292,202415,P1005,39.96
9022293,207101,P1006,44.72
9022294,207538,P1002,84.29
9022295,204636,P1003,106.74
9022296,203656,P1002,23.8
9022297,207310,P1001,213.62
9022298,210586,P1003,95.35
9022299,200195,P1004,29.25
9022300,206915,P1005,61.99
9022301,204478,P1002,102.86
9022302,209533,P1002,81.86
9022303,200720,P1003,63.8
9022304,203873,P1004,89.79
9022305,200055,P1006,56.22
9022306,205631,P1004,32.07
9022307,207652,P1003,39.97
9022308,201099,P1006,65.18
9022309,201550,P1006,28.47
9022310,208985,P1001,21.75
9022311,202339,P1002,358.94
9022312,203332,P1003,252.64
9022313,210349,P1003,159.22
9022314,205514,P1001,96.51
9022315,211341,P1001,74.63
9022316,211190,P1006,57.51
9022317,210631,P1002,30.86
9022318,201709,P1002,96
9022319,205022,P1005,24.58
9022320,201571,P1006,51.95
9022321,201203,P1005,115.55
9022322,201434,P1006,314.73
9022323,201657,P1002,125.98
9022324,203945,P1006,52.77
9022325,201335,P1001,115.99
9022326,204394,P1002,41.14
9022327,202942,P1003,148.99
9022328,203167,P1003,226.88
9022329,210165,P1003,142.22
9022330,203124,P1006,49.94
9022331,205643,P1004,59.36
9022332,210925,P1004,81.84
9022333,205401,P1001,18.19
9022334,205738,P1005,24.97
9022335,211777,P1003,44.02
9022336,207836,P1004,205.94
9022337,200797,P1006,29.89
9022338,202414,P1003,113.51
9022339,201946,P1002,103.96
9022340,200486,P1002,182.04
9022341,201881,P1003,155.03
9022342,205747,P1006,143.36
9022343,204022,P1006,114.44
9022344,201015,P1005,32.55
9022345,204313,P1003,128.41
9022346,209490,P1003,62.22
9022347,206451,P1005,114.5
9022348,201033,P1004,103.11
9022349,202275,P1005,209.21
9022350,209714,P1001,81.54
9022351,210686,P1004,33.55
9022352,209372,P1005,163.29
9022353,208935,P1004,261.46
9022354,203345,P1003,97.96
9022355,207762,P1002,119.61
9022356,206997,P1003,259.86
9022357,209637,P1006,37.68
9022358,205853,P1006,56.07
9022359,211071,P1003,166.32
9022360,208716,P1005,50.62
9022361,205732,P1001,37.37
9022362,204743,P1004,64.5
9022363,201057,P1001,181.49
9022364,210093,P1004,133.62
9022365,201963,P1004,239.1
9022366,203694,P1003,81.62
9022367,211884,P1001,60.75
9022368,210608,P1004,28.33
9022369,211226,P1006,99.16
9022370,206819,P1003,72.16
9022371,211950,P1002,19.14
9022372,200856,P1003,104.89
9022373,206305,P1005,39.79
9022374,203584,P1001,138.74
9022375,204107,P1002,12.42
9022376,207794,P1003,85.36
9022377,206697,P1003,160.85
9022378,203859,P1005,43.2
9022379,206257,P1001,19.5
9022380,203336,P1005,73.89
9022381,201307,P1003,73.8
9022382,205323,P1004,28.07
9022383,206351,P1001,54.14
9022384,211512,P1004,66.87
9022385,200568,P1003,29.86
9022386,204938,P1006,160.21
9022387,209457,P1002,239.1
9022388,201891,P1005,34.45
9022389,209119,P1002,53.3
9022390,205246,P1001,116.18
9022391,209810,P1003,162.97
9022392,208821,P1006,109.87
9022393,205608,P1005,84.51
9022394,202382,P1003,142.67
9022395,201246,P1004,28.05
9022396,204659,P1002,11.52
9022397,209505,P1004,123.71
9022398,200576,P1004,26.88
9022399,210835,P1001,94.12
9022400,206233,P1003,131.79
9022401,208187,P1003,23.73
9022402,200020,P1004,45.15
9022403,210233,P1006,65.55
9022404,203900,P1001,24.04
9022405,204313,P1003,131.16
9022406,205876,P1006,80.29
9022407,206818,P1004,28.01
9022408,208766,P1003,139.41
9022409,211093,P1005,130.8
9022410,210378,P1002,23.92
9022411,202811,P1001,87.46
9022412,208882,P1005,18.9
9022413,202891,P1003,72.68
9022414,207013,P1005,22.14
9022415,204636,P1001,126.3
9022416,200213,P1005,104.28
9022417,210482,P1002,108
9022418,207122,P1001,320.6
9022419,209538,P1006,38.41
9022420,211309,P1005,74.97
9022421,205730,P1006,76.07
9022422,202516,P1002,27.84
9022423,205359,P1002,154.93
9022424,210693,P1006,25.1
9022425,201369,P1006,56.38
9022426,210057,P1005,107.73
9022427,211667,P1003,181.35
9022428,209985,P1001,139.67
9022429,201261,P1001,151.15
9022430,205062,P1005,81.54
9022431,208751,P1003,57.06
9022432,202104,P1005,60.58
9022433,204418,P1002,102.76
9022434,211396,P1003,50.34
9022435,205735,P1005,101.05
9022436,203663,P1003,16.22
9022437,200979,P1004,137.56
9022438,203207,P1005,83.06
9022439,204100,P1003,33.64
9022440,201006,P1004,62.52
9022441,205370,P1005,210.09
9022442,203596,P1002,157.91
9022443,200645,P1003,107.72
9022444,208807,P1003,122.66
9022445,205222,P1004,88.59
9022446,208820,P1002,46.02
9022447,210876,P1004,117.38
9022448,205028,P1005,93.75
9022449,211286,P1003,56.47
9022450,211635,P1001,199.9
9022451,210924,P1002,12.48
9022452,209691,P1002,100.48
9022453,205363,P1004,31.67
9022454,208482,P1003,78.21
9022455,205212,P1002,45.31
9022456,201691,P1001,80.05
9022457,205625,P1005,9.88
9022458,200179,P1004,34.12
9022459,209943,P1004,91.01
9022460,200262,P1006,16.55
9022461,210662,P1002,155.73
9022462,200024,P1002,8.52
9022463,201887,P1006,51.09
9022464,210385,P1004,118.11
9022465,210630,P1005,60.63
9022466,205869,P1006,189.88
9022467,209049,P1006,112.87
9022468,211859,P1005,56.16
9022469,209758,P1003,54.19
9022470,205082,P1005,39.77
9022471,210812,P1004,90.55
9022472,201486,P1003,136.01
9022473,206825,P1005,103.15
9022474,204277,P1003,165.87
9022475,205094,P1005,234.9
9022476,210207,P1005,32.45
9022477,202106,P1005,225.66
9022478,205983,P1004,9.21
9022479,202936,P1003,70.12
9022480,207129,P1003,165.35
9022481,204201,P1001,36.6
9022482,207948,P1002,52.18
9022483,202521,P1005,19.84
9022484,200535,P1002,76.81
9022485,208072,P1001,107.6
9022486,202178,P1004,120.42
9022487,203424,P1001,312.59
9022488,202581,P1006,71.84
9022489,204393,P1006,135.66
9022490,201940,P1006,225.28
9022491,209620,P1002,38.69
9022492,200843,P1005,71.55
9022493,203147,P1001,28.32
9022494,201326,P1005,14.3
9022495,209437,P1006,134.29
9022496,208248,P1001,67.47
9022497,200841,P1001,65.86
9022498,200824,P1001,146.73
9022499,211329,P1004,94.98
9022500,207588,P1006,314.16
9022501,210202,P1003,41.31
9022502,202379,P1003,37.84
9022503,208318,P1003,60.72
9022504,208902,P1004,142.44
9022505,203003,P1004,80.38
9022506,202248,P1002,86.31
9022507,205049,P1005,68.58
9022508,206068,P1004,121.48
9022509,211385,P1006,85.73
9022510,211113,P1002,58.55
9022511,208571,P1006,60.34
9022512,200381,P1002,108.46
9022513,205587,P1005,96.48
9022514,201671,P1001,141.82
9022515,201818,P1001,192.3
9022516,211370,P1002,38.38
9022517,204954,P1003,249.55
9022518,209597,P1004,32.24
9022519,201586,P1003,162.2
9022520,202651,P1001,72.5
9022521,210372,P1004,114.41
9022522,202442,P1001,288.62
9022523,208424,P1002,16.13
9022524,209540,P1004,112.49
9022525,201867,P1002,75.52
9022526,201212,P1001,69.37
9022527,211681,P1001,73.04
9022528,206988,P1003,96.11
9022529,203171,P1005,105.41
9022530,211735,P1005,57.89
9022531,206016,P1004,85.01
9022532,205268,P1002,77.52
9022533,209371,P1005,38.46
9022534,203909,P1001,73.16
9022535,203962,P1006,96.41
9022536,200971,P1003,172.49
9022537,206218,P1006,219.66
9022538,202359,P1004,95.05
9022539,210053,P1005,68.94
9022540,202467,P1001,152.46
9022541,209648,P1001,248.91
9022542,211692,P1005,105.14
9022543,202287,P1004,52.73
9022544,209101,P1003,40.78
9022545,206633,P1003,84.66
9022546,208029,P1003,110.6
9022547,205030,P1004,44.61
9022548,200351,P1001,88.72
9022549,206253,P1001,91.01
9022550,205802,P1001,110.2
9022551,210261,P1001,151.18
9022552,203372,P1001,124.59
9022553,201655,P1001,256.28
9022554,202414,P1003,35.03
9022555,205730,,61.05
9022556,208036,P1005,113.71
9022557,205551,P1002,59.11
9022558,200392,P1003,13.6
9022559,201684,P1001,45.98
9022560,206159,P1001,212.03
9022561,208792,P1002,62.79
9022562,205671,P1005,177.57
9022563,208040,P1003,226.18
9022564,205187,P1001,128.14
9022565,208515,P1001,90.21
9022566,200291,P1005,48.03
9022567,205062,P1001,49.95
9022568,201099,P1004,127.81
9022569,207735,P1004,58.05
9022570,202133,P1005,32.19
9022571,204680,P1006,53.7
9022572,210105,P1004,120.29
9022573,205440,P1003,67.51
9022574,206402,P1005,62.38
9022575,209170,P1002,62.72
9022576,206868,P1004,57.43
9022577,204006,P1003,108.9
9022578,210822,P1003,185.39
9022579,204279,P1001,79.35
9022580,208924,P1006,117.39
9022581,202011,P1002,15.27
9022582,206207,P1006,151.11
9022583,204644,P1002,42.35
9022584,207050,P1005,43.58
9022585,200266,P1005,95.06
9022586,202050,P1004,40.99
9022587,203885,P1004,190.87
9022588,206697,P1006,29.12
9022589,209195,P1002,151.32
9022590,208642,P1001,82.7
9022591,200172,P1002,38.2
9022592,206671,P1001,20.76
9022593,208176,P1004,85.37
9022594,207391,P1003,392.14
9022595,210090,P1001,72.7
9022596,200935,P1004,52.1
9022597,206354,P1005,103.71
9022598,201111,P1002,60.99
9022599,205793,P1002,26.36
9022600,211032,P1005,51.85
9022601,204287,P1006,26.46
9022602,204760,P1003,22
9022603,204096,P1006,123.85
9022604,206639,P1005,102.25
9022605,206454,P1006,138.94
9022606,211876,P1002,4.03
9022607,202057,P1003,92.82
9022608,205185,P1002,66.55
9022609,203241,P1004,79.67
9022610,208253,P1002,37.84
9022611,204051,P1004,122.82
9022612,206480,P1002,148.09
9022613,205488,P1001,39.94
9022614,203895,P1001,16.01
9022615,209352,P1002,95.77
9022616,200376,P1006,50.83
9022617,205285,P1006,24.13
9022618,200191,P1001,273.1
9022619,205919,P1002,121.4
9022620,206691,P1005,25.14
9022621,204951,P1003,15.34
9022622,206694,P1005,181.77
9022623,200381,P1006,111.32
9022624,210040,P1005,65.44
9022625,207574,P1003,19.2
9022626,203218,P1006,85.09
9022627,210888,P1001,145.54
9022628,202171,P1003,133.1
9022629,203713,P1006,80.21
9022630,206872,P1006,23.84
9022631,201275,P1006,138.61
9022632,201794,P1001,23.18
9022633,203695,P1006,29.78
9022634,206535,P1003,109.4
9022635,202018,P1005,19.76
9022636,200499,P1004,72.85
9022637,208094,P1003,200.27
9022638,206686,P1003,163.57
9022639,208978,P1001,75.48
9022640,200342,P1002,180.42
9022641,207352,P1001,109.66
9022642,205179,P1003,201.45
9022643,208673,P1001,53.21
9022644,203699,P1003,55.73
9022645,203420,P1003,59.35
9022646,201695,P1002,81.3
9022647,205725,P1006,144.49
9022648,209257,P1001,134.12
9022649,205670,P1001,99.39
9022650,203426,P1006,87.88
9022651,204569,P1004,50.53
9022652,211231,P1001,100.32
9022653,207274,P1001,106.79
9022654,209569,P1006,180.65
9022655,208785,P1002,207.39
9022656,211480,P1004,51.73
9022657,203599,P1004,180.5
9022658,207393,P1001,300.1
9022659,208893,P1005,73.82
9022660,211082,P1004,28.08
9022661,206889,P1005,90.99
9022662,202616,P1006,103.08
9022663,200294,P1001,25.71
9022664,204445,P1004,45.27
9022665,211576,P1003,162.6
9022666,204375,P1006,42.26
9022667,210332,P1005,52.45
9022668,200816,P1002,138.85
9022669,204278,P1001,92.74
9022670,200242,P1005,268.59
9022671,210745,P1001,219.68
9022672,210340,P1001,71.28
9022673,202237,P1006,150.61
9022674,211463,P1001,19.81
9022675,202820,P1005,139.22
9022676,200855,P1001,29.58
9022677,208868,P1003,3.87
9022678,200164,P1002,108.49
9022679,210980,P1003,26.98
9022680,200132,P1002,20.62
9022681,209158,P1001,259.51
9022682,200760,P1003,190.18
9022683,211848,P1005,103.09
9022684,208788,P1006,46
9022685,208819,P1005,47.73
9022686,204771,P1002,133.86
9022687,207221,P1005,33.61
9022688,204123,P1006,55.9
9022689,205069,P1002,130.14
9022690,204953,P1004,102.26
9022691,202924,P1001,160.24
9022692,210986,P1006,195.13
9022693,204016,P1005,192.95
9022694,206688,P1004,78.1
9022695,203381,P1002,130.43
9022696,209412,P1001,67.71
9022697,210696,P1006,111
9022698,209058,P1006,64.39
9022699,206458,P1002,28.44
9022700,201399,P1004,129.26
9022701,211186,P1005,163.74
9022702,208905,P1003,172.93
9022703,206613,P1003,81.66
9022704,204302,P1002,74.75
9022705,206725,P1002,84.29
9022706,210799,P1005,109.62
9022707,209897,P1002,52.02
9022708,202894,P1004,19.62
9022709,206647,P1005,167.72
9022710,203592,P1002,71.75
9022711,209125,P1003,60.83
9022712,209061,P1004,58.23
9022713,208330,P1002,25.91
9022714,205019,P1003,22.28
9022715,202276,P1002,135.1
9022716,208430,P1004,22.42
9022717,208564,P1004,43.53
9022718,209169,P1005,32.86
9022719,211834,P1004,99.09
9022720,211622,P1006,52.78
9022721,210858,P1006,73.12
9022722,211021,P1003,69.28
9022723,202772,P1003,114.62
9022724,207941,P1006,104.62
9022725,201912,P1001,236.13
9022726,202803,P1001,147.19
9022727,201032,P1006,87.57
9022728,206590,P1006,118.33
9022729,202799,P1004,46.96
9022730,202292,P1006,135.59
9022731,208799,P1001,36.83
9022732,201857,P1001,36.13
9022733,210116,P1001,85.75
9022734,205437,P1005,94.9
9022735,200668,P1004,86.46
9022736,201003,P1004,72.65
9022737,210068,P1005,111.94
9022738,211702,P1002,106.04
9022739,210476,P1002,306.34
9022740,207218,P1002,184.63
9022741,204406,P1002,111.36
9022742,209275,P1003,95.28
9022743,206188,P1003,133.57
9022744,204278,P1002,60.09
9022745,209504,P1003,12.66
9022746,207449,P1003,85.93
9022747,201301,P1005,135.04
9022748,204550,P1005,14.06
9022749,202251,P1001,68.38
9022750,205209,P1005,96.01
9022751,203938,P1002,260.51
9022752,206305,P1006,50.79
9022753,203790,P1004,50.5
9022754,201236,P1001,68.77
9022755,207554,P1001,77.53
9022756,208119,P1001,5.74
9022757,200626,P1003,207.35
9022758,206595,P1004,65.72
9022759,200934,P1003,107.58
9022760,204560,P1005,46.67
9022761,201308,P1002,58.38
9022762,208578,P1004,23.7
9022763,209533,P1004,95.3
9022764,200516,P1005,158.8
9022765,203305,P1006,46.09
9022766,201604,P1005,339.83
9022767,207645,P1003,109.99
9022768,207854,P1006,173.36
9022769,200725,,135.22
9022770,203382,P1001,24.02
9022771,205623,P1004,25.11
9022772,201801,P1006,65.46
9022773,202584,P1005,45.96
9022774,200173,P1003,96.45
9022775,206908,P1003,242.57
9022776,208285,P1005,87.93
9022777,211870,P1005,107.66
9022778,204443,P1001,199.54
9022779,208549,P1005,141.22
9022780,200236,P1003,169.29
9022781,206200,P1002,92.28
9022782,208900,P1001,84.15
9022783,210430,P1002,54.5
9022784,201410,P1004,177.58
9022785,207458,P1005,37.45
9022786,207133,P1001,152.75
9022787,204160,P1005,241.99
9022788,202732,P1003,59.05
9022789,204931,P1001,161.18
9022790,202887,P1001,114.6
9022791,208006,P1005,91.02
9022792,207998,P1005,47.06
9022793,203090,P1001,85.05
9022794,207725,P1006,49.28
9022795,209074,P1002,76.91
9022796,210175,P1002,35.19
9022797,201357,P1005,47.09
9022798,206376,P1004,19.7
9022799,208579,P1003,58.78
9022800,203541,P1003,13.84
9022801,202272,P1001,17.31
9022802,210609,P1001,75.16
9022803,205091,P1001,173.05
9022804,201496,P1003,73.45
9022805,201376,P1001,55.1
9022806,201326,P1002,47.34
9022807,203407,P1004,209.86
9022808,202110,P1001,126.2
9022809,207173,P1005,93.19
9022810,206150,P1005,18.47
9022811,200165,P1001,115.23
9022812,203867,P1001,45.5
9022813,205109,P1002,87.4
9022814,204810,P1006,189.72
9022815,202998,P1006,140.4
9022816,207054,P1006,85.05
9022817,204078,P1001,116.34
9022818,203601,P1003,41.26
9022819,210322,P1006,227.82
9022820,201403,P1001,198.1
9022821,200607,P1006,24.34
9022822,208366,P1003,11.57
9022823,210934,P1006,32.01
9022824,211796,P1003,162.73
9022825,210759,P1005,24.22
9022826,206111,P1002,172.1
9022827,206995,P1003,8.13
9022828,208665,P1004,59.41
9022829,210518,P1001,163.63
9022830,201505,P1006,211.43
9022831,205359,P1006,49.69
9022832,201773,P1001,212.71
9022833,201412,P1003,5.64
9022834,211757,P1004,158.09
9022835,210146,P1002,97.32
9022836,202782,P1004,65.11
9022837,206546,P1003,120.56
9022838,205304,P1005,138.86
9022839,209305,P1006,40.45
9022840,205843,P1001,198.26
9022841,209777,P1002,265.98
9022842,210115,P1001,218.64
9022843,210288,P1004,9.56
9022844,211568,P1001,108.4
9022845,208113,P1005,245.18
9022846,205816,P1002,133.32
9022847,201271,P1005,72.59
9022848,209755,P1003,180.09
9022849,200200,P1003,87.86
9022850,207210,P1004,26.99
9022851,210408,P1005,44.14
9022852,210422,P1006,266.64
9022853,205068,P1001,101.1
9022854,210560,P1005,68.91
9022855,207753,P1001,120.68
9022856,202746,P1006,77.3
9022857,209905,P1002,208.28
9022858,207951,P1005,8.77
9022859,209033,P1006,96.18
9022860,203229,P1006,191.42
9022861,211363,P1002,79.09
9022862,210672,P1001,235.19
9022863,206556,P1005,113.69
9022864,202994,P1002,26.82
9022865,208902,P1006,88.14
9022866,203731,P1002,42.46
9022867,209901,P1003,92.38
9022868,208752,P1003,51.99
9022869,200764,P1006,34.22
9022870,209950,P1004,55.53
9022871,207523,P1005,136.95
9022872,210921,P1004,42.03
9022873,201398,P1002,56.75
9022874,209549,P1006,75.17
9022875,203209,P1004,143.59
9022876,202751,P1003,57.7
9022877,203779,P1005,19.78
9022878,200116,P1005,179.42
9022879,206194,P1005,227.04
9022880,200637,P1006,107.08
9022881,203602,P1002,60.68
9022882,207981,P1006,74.23
9022883,206864,P1003,38.13
9022884,208587,P1003,63.95
9022885,204089,P1004,101.62
9022886,211320,P1006,42.97
9022887,201922,P1005,162.35
9022888,205442,P1005,124.54
9022889,203670,P1005,121.37
9022890,208366,P1004,82.07
9022891,200844,P1001,84.19
9022892,200851,P1006,310.96
9022893,204117,P1004,6.61
9022894,209385,P1001,29.57
9022895,207684,P1006,72.03
9022896,211921,P1001,162.48
9022897,209816,P1006,156
9022898,201451,P1001,39.18
9022899,206541,P1004,150.76
9022900,203967,P1002,140.51
9022901,201188,P1003,112.86
9022902,207362,P1003,108.94
9022903,209821,P1003,143.94
9022904,204026,P1004,120.58
9022905,208893,P1003,138.86
9022906,207445,P1006,79.26
9022907,209859,P1002,120.17
9022908,201135,P1001,99.58
9022909,205967,P1005,19.36
9022910,205047,P1003,79.63
9022911,204574,P1005,117.69
9022912,208172,P1003,179.75
9022913,201384,P1004,78.21
9022914,201188,P1002,26.53
9022915,202145,P1001,104.03
9022916,200895,P1002,157.25
9022917,200983,P1006,105.3
9022918,210621,P1001,153.5
9022919,209814,P1004,117.65
9022920,203747,P1004,54
9022921,208188,P1002,73.2
9022922,204259,P1001,96.54
9022923,210672,P1001,172.24
9022924,202443,P1001,9.2
9022925,210235,P1005,192.03
9022926,204456,P1001,20.17
9022927,201644,P1001,26.92
9022928,200951,P1004,195.65
9022929,211301,P1003,123.19
9022930,202796,P1005,209.45
9022931,207035,P1004,61.78
9022932,201613,P1001,64.83
9022933,203036,P1006,64.99
9022934,201126,P1006,90.92
9022935,209653,P1002,19.34
9022936,204438,P1004,203.18
9022937,207316,P1004,109.11
9022938,206957,P1002,34.92
9022939,202456,P1001,51.76
9022940,210558,P1002,37.11
9022941,200849,P1001,78.17
9022942,201822,P1006,52.1
9022943,204881,P1001,225.39
9022944,201084,P1005,103.72
9022945,208961,P1004,32.68
9022946,200366,P1004,38.27
9022947,201482,P1003,129.98
9022948,211040,P1001,96.53
9022949,210966,P1002,14.77
9022950,201549,P1001,171.96
9022951,203197,P1005,5.44
9022952,205507,P1003,105.91
9022953,202803,P1002,97.74
9022954,201712,P1002,70.3
9022955,207851,P1004,197.11
9022956,205743,P1003,172.04
9022957,208062,P1002,30.39
9022958,202139,P1005,159.88
9022959,207163,P1006,141.24
9022960,207337,P1005,29.17
9022961,205102,P1006,139.74
9022962,206024,P1004,135.11
9022963,210999,P1006,171.51
9022964,203385,P1005,72.81
9022965,207173,P1003,326.12
9022966,203906,P1005,94.71
9022967,203323,P1003,221.81
9022968,210926,P1002,30.18
9022969,202883,P1004,118.81
9022970,211281,P1003,149.7
9022971,211209,P1001,12.23
9022972,204720,P1002,87.02
9022973,201249,P1003,36.34
9022974,202416,P1003,64.81
9022975,200527,P1002,75.44
9022976,206260,P1004,131.04
9022977,200972,P1001,84.41
9022978,200375,P1006,57.88
9022979,211462,P1002,102.27
9022980,208865,P1001,185.15
9022981,205688,P1005,57.02
9022982,205109,P1004,69.59
9022983,206399,P1003,93.9
9022984,207621,P1003,110.21
9022985,204553,P1006,95.9
9022986,210431,P1002,56.46
9022987,205171,P1001,113.81
9022988,200702,P1003,36.04
9022989,208284,P1003,115.27
9022990,209433,P1005,32.56
9022991,204070,P1001,119.87
9022992,207825,P1003,105.97
9022993,208661,P1001,165.38
9022994,207757,P1001,39.23
9022995,201150,P1003,44.56
9022996,210808,P1005,176.02
9022997,203009,P1001,85.53
9022998,204595,P1004,89.28
9022999,207792,P1002,34.21
9023000,206494,P1004,204.35
9023001,201889,P1005,133.72
9023002,201934,P1001,77.81
9023003,211479,P1003,61.9
9023004,204036,P1005,60.22
9023005,210239,P1005,49.29
9023006,210188,P1002,42.36
9023007,200545,P1006,133.6
9023008,201054,P1005,16.24
9023009,202888,P1002,37.23
9023010,205602,P1001,88.33
9023011,207429,P1003,73.12
9023012,205357,P1002,112.3
9023013,207113,P1006,52.91
9023014,207105,P1001,47.49
9023015,204925,P1004,137.3
9023016,203211,P1006,181.42
9023017,206706,P1001,112.1
9023018,210735,P1002,77.43
9023019,206326,P1002,62.37
9023020,205995,P1002,108.37
9023021,200887,P1003,101.83
9023022,208195,P1004,61.99
9023023,206754,P1003,219.83
9023024,203424,P1004,38.42
9023025,206621,P1002,141.13
9023026,205553,P1002,128.22
9023027,207232,P1003,34.88
9023028,204311,P1002,143.49
9023029,202884,P1001,63.19
9023030,211277,P1006,79.54
9023031,201285,P1004,43.59
9023032,207523,P1001,168
9023033,207594,P1001,115.52
9023034,206012,P1001,84.48
9023035,207856,P1006,88.21
9023036,210943,P1003,160.3
9023037,209107,P1006,90.02
9023038,209995,P1002,171.76
9023039,211448,P1006,17.71
9023040,201823,P1003,125.33
9023041,206577,P1002,120.93
9023042,209147,P1003,377.55
9023043,210034,P1004,395.28
9023044,203399,P1006,56.74
9023045,200401,P1001,20.49
9023046,207230,P1002,57.89
9023047,206176,P1004,111.32
9023048,200669,P1003,61.29
9023049,206764,P1005,189.74
9023050,202518,P1002,151.27
9023051,200809,P1005,181.99
9023052,205341,P1005,124.57
9023053,205125,P1006,190.95
9023054,211464,P1005,65.94
9023055,205412,P1004,237.22
9023056,207323,P1006,87.72
9023057,200355,P1001,166.78
9023058,202156,P1005,71.31
9023059,200129,P1004,99.15
9023060,206080,P1006,125.15
9023061,211012,P1004,237.91
9023062,200781,P1005,122.24
9023063,210959,P1006,209.47
9023064,205109,P1002,162.09
9023065,200477,P1006,37.72
9023066,206627,P1001,115.27
9023067,207771,P1001,48.8
9023068,200451,P1004,60.19
9023069,202263,P1005,209.92
9023070,200005,P1003,39.6
9023071,209806,P1003,27.86
9023072,201707,P1006,153.83
9023073,205003,P1004,133.57
9023074,203149,P1006,269.46
9023075,201307,P1006,134.68
9023076,200513,P1003,97.1
9023077,208807,P1001,123.72
9023078,210522,P1003,52.4
9023079,208294,P1006,32.84
9023080,205538,P1006,133.25
9023081,210804,P1002,49.95
9023082,206481,P1004,86.44
9023083,202957,P1003,183.58
9023084,204465,P1004,125.99
9023085,211816,P1001,141.44
9023086,208453,P1005,168.09
9023087,204137,P1005,61.07
9023088,205436,P1005,80.12
9023089,202502,P1006,163.09
9023090,201068,P1003,110.63
9023091,201090,P1004,11.6
9023092,210979,P1004,34.11
9023093,207568,P1005,315.82
9023094,203597,P1004,50.25
9023095,201625,P1001,75.86
9023096,205027,P1002,71.23
9023097,202977,,149.01
9023098,210822,P1004,49.93
9023099,209005,P1005,137.35
9023100,203620,P1002,179.34
9023101,209229,P1002,37.41
9023102,210079,P1003,66.29
9023103,210091,P1005,14.9
9023104,206936,P1005,68.79
9023105,207206,P1006,117.01
9023106,206090,P1003,44.59
9023107,207112,P1005,117.64
9023108,207704,P1005,51.69
9023109,209709,P1006,265.29
9023110,211441,P1006,164.69
9023111,211555,P1001,293.75
9023112,211465,P1004,74.64
9023113,205976,P1004,247.85
9023114,210088,P1001,114.77
9023115,209779,P1003,71.4
9023116,209618,P1004,124.91
9023117,206684,P1003,210.13
9023118,200535,P1001,14.06
9023119,200452,P1006,27.59
9023120,206400,P1001,12.29
9023121,200716,P1003,29.22
9023122,210710,P1006,34.4
9023123,208491,P1002,2.01
9023124,207164,P1003,173.77
9023125,206121,P1005,10.74
9023126,205183,P1006,125.27
9023127,205639,P1005,63.13
9023128,210904,P1001,32.69
9023129,200383,P1004,67.95
9023130,202392,P1003,27.87
9023131,207430,P1004,116.1
9023132,203793,P1005,167.6
9023133,200518,P1004,148.5
9023134,202641,P1002,117.85
9023135,209050,P1002,58.61
9023136,202372,P1004,105.96
9023137,202717,P1002,28.9
9023138,206052,P1005,17.87
9023139,203740,P1003,112.08
9023140,205747,P1006,100.15
9023141,201388,P1006,95.71
9023142,203649,P1005,91.24
9023143,208289,P1006,143.73
9023144,201466,P1005,82.29
9023145,200067,P1005,87.29
9023146,210984,,277.37
9023147,207103,P1005,76.46
9023148,206346,P1003,128.71
9023149,200571,P1006,17.65
9023150,205356,P1003,49.02
9023151,211212,P1003,32.51
9023152,211341,P1003,43.92
9023153,202842,P1002,52.37
9023154,202664,P1003,43.37
9023155,202911,P1002,118.04
9023156,203089,P1005,189.35
9023157,204919,P1005,212.19
9023158,211828,P1006,57.29
9023159,207770,P1005,75.69
9023160,209824,P1001,29.32
9023161,202838,P1006,46.74
9023162,205928,P1002,254.14
9023163,211897,P1005,50.02
9023164,205912,P1002,151.58
9023165,204532,P1002,72.02
9023166,204847,P1004,44.9
9023167,200384,P1004,156.13
9023168,210292,P1001,137.84
9023169,209404,P1004,83.32
9023170,206848,P1005,5.1
9023171,210622,P1004,15.57
9023172,202218,P1003,52.3
9023173,203005,P1002,165.47
9023174,202468,,57.62
9023175,203087,P1004,76.25
9023176,205545,P1006,149.51
9023177,210891,P1001,24.25
9023178,201867,P1004,140.01
9023179,200586,P1004,36.38
9023180,208330,P1003,106.36
9023181,207823,P1002,44.03
9023182,203717,P1004,136.56
9023183,210934,P1003,78.19
9023184,200008,P1001,284.31
9023185,201899,P1004,62.08
9023186,202132,P1001,53.09
9023187,200460,P1001,245.86
9023188,209408,P1004,355.29
9023189,200653,P1004,123.57
9023190,209136,P1001,92.64
9023191,207085,P1002,19.41
9023192,205192,P1003,216.9
9023193,206378,P1006,61.38
9023194,200122,P1004,146.42
9023195,204673,P1003,177.39
9023196,201067,P1003,83.49
9023197,211184,P1005,118.24
9023198,203277,P1004,194.47
9023199,208395,P1006,382.01
9023200,207463,P1001,208.3
9023201,200890,P1004,105.01
9023202,210375,P1006,189.94
9023203,207723,P1002,105.92
9023204,208924,P1006,142.67
9023205,203933,P1006,114.12
9023206,208205,P1005,224.45
9023207,209326,P1001,158.74
9023208,209538,P1004,200
9023209,202020,P1005,85.13
9023210,206567,P1003,63.38
9023211,203961,P1006,63.94
9023212,206671,P1003,180.57
9023213,202415,P1005,23.76
9023214,203440,P1004,58.74
9023215,201165,P1006,247.39
9023216,203174,P1002,101.35
9023217,211391,P1004,116.26
9023218,208416,P1001,87.51
9023219,200074,P1002,92.04
9023220,208469,P1004,146.27
9023221,201591,P1005,98.24
9023222,200886,P1004,121.82
9023223,201977,P1006,134.25
9023224,207167,P1005,68.96
9023225,202454,P1004,128.83
9023226,211201,P1001,108.6
9023227,211960,P1005,218.3
9023228,204074,P1002,82.63
9023229,206559,P1005,39.59
9023230,210476,P1003,102.8
9023231,204993,P1005,14.79
9023232,207818,P1004,29.65
9023233,207432,P1006,170.46
9023234,208849,P1002,164.64
9023235,201824,P1003,37.56
9023236,210279,P1001,137.9
9023237,206023,P1001,121.27
9023238,200106,P1004,85.61
9023239,210604,P1001,71.95
9023240,206628,P1005,28.08
9023241,202026,P1005,72.92
9023242,202519,P1006,61.72
9023243,211200,P1001,186.98
9023244,201249,P1002,71.19
9023245,207231,P1001,162.09
9023246,202091,P1003,118.62
9023247,200674,P1006,57.98
9023248,210217,P1005,111.67
9023249,209960,P1003,112.77
9023250,206907,P1002,232.69
9023251,211934,P1005,37.47
9023252,210564,P1006,62.34
9023253,200021,P1002,27.82
9023254,201733,P1006,50.5
9023255,209920,P1004,162.44
9023256,210568,P1006,45.91
9023257,204573,P1003,118.04
9023258,206654,P1003,91.84
9023259,200340,P1003,62.79
9023260,210602,P1006,22.74
9023261,206356,P1003,74.86
9023262,207950,P1002,19.38
9023263,211304,P1002,207.46
9023264,201841,P1001,24.11
9023265,202918,P1001,90.03
9023266,201544,P1006,216.07
9023267,207558,P1006,9.33
9023268,209926,P1001,73.49
9023269,211080,P1006,85.15
9023270,207411,P1001,45.43
9023271,207896,P1001,6.43
9023272,209046,P1004,18.2
9023273,207669,P1005,168.01
9023274,202266,P1002,123.81
9023275,204965,P1001,78.61
9023276,207169,P1003,59.38
9023277,201513,P1001,193.87
9023278,202686,P1003,7.77
9023279,203986,P1004,96.87
9023280,211171,P1002,28.84
9023281,207656,P1002,201.02
9023282,202201,P1001,140.94
9023283,207375,P1006,42.11
9023284,202380,P1003,121.04
9023285,207118,P1003,19.46
9023286,200693,P1001,56.39
9023287,205219,P1003,79.22
9023288,205468,P1001,107.7
9023289,201251,P1005,455.12
9023290,205636,P1004,165.78
9023291,200782,P1006,99.28
9023292,205932,P1006,66.17
9023293,207633,P1004,137.09
9023294,211918,P1002,103.38
9023295,201164,P1004,101.15
9023296,202745,P1004,203.32
9023297,201260,P1005,34.01
9023298,202906,P1001,69.74
9023299,208515,P1005,230.58
9023300,202832,P1006,128.01
9023301,201787,P1004,114.91
9023302,201791,P1002,52.31
9023303,206620,P1004,134.98
9023304,205269,P1005,122.2
9023305,201030,P1006,66.76
9023306,208379,P1005,71.52
9023307,203384,P1002,18.65
9023308,205425,P1004,153.6
9023309,200139,P1005,80.88
9023310,211187,P1006,76.28
9023311,210174,P1006,196.48
9023312,203309,P1004,62.5
9023313,211721,P1001,46.93
9023314,208042,P1004,23.15
9023315,201511,P1006,44.6
9023316,206046,P1001,55
9023317,206709,P1002,72.64
9023318,208068,P1005,25.38
9023319,203924,P1006,179.17
9023320,205531,P1002,14.58
9023321,203379,P1006,42.33
9023322,205643,P1003,38.52
9023323,203325,P1005,273.49
9023324,202857,P1004,61.98
9023325,205478,P1004,369.35
9023326,203410,P1002,25.64
9023327,201444,P1004,6.8
9023328,207111,P1002,119.82
9023329,200196,P1006,145.26
9023330,209563,P1001,90.88
9023331,200236,P1002,170.88
9023332,204670,P1001,120.39
9023333,209350,P1002,209.72
9023334,209518,P1004,100.42
9023335,207697,P1006,240.08
9023336,202359,P1006,71.87
9023337,204908,P1001,29.56
9023338,203532,P1003,41.33
9023339,208789,P1002,76.99
9023340,206097,P1004,87.55
9023341,203827,P1003,188.28
9023342,201397,P1003,104.87
9023343,210212,P1001,70
9023344,209798,P1003,190.96
9023345,211045,P1002,154.76
9023346,210353,P1001,142.95
9023347,204615,P1004,101.41
9023348,203461,P1005,125.06
9023349,200577,P1002,129.02
9023350,202793,P1002,99.25
9023351,201302,P1005,76
9023352,207631,P1003,238.4
9023353,200058,P1003,19.57
9023354,211199,P1001,83.24
9023355,210267,P1006,59.42
9023356,209611,P1004,49.74
9023357,206784,P1003,132.04
9023358,203858,P1004,30.56
9023359,204536,P1006,19.04
9023360,204097,P1006,64.79
9023361,202620,P1002,69.67
9023362,207461,P1006,88.34
9023363,201027,P1001,70.84
9023364,205133,P1001,235.22
9023365,208430,P1002,19.52
9023366,206603,P1002,88.72
9023367,211910,P1001,40.78
9023368,209093,P1006,149.92
9023369,208346,P1006,32.71
9023370,211493,P1006,35.08
9023371,209330,P1004,74.44
9023372,206830,P1004,82.85
9023373,209710,P1003,43.35
9023374,204877,P1002,146.37
9023375,202569,P1001,98.21
9023376,203099,P1004,124.68
9023377,209260,P1003,58.85
9023378,202414,P1002,41.91
9023379,210085,P1005,201.13
9023380,204975,P1004,35.26
9023381,201608,P1006,21.37
9023382,207291,P1006,390.35
9023383,201465,P1001,58.3
9023384,201933,P1004,131.59
9023385,201647,P1004,62.59
9023386,201329,P1001,180.8
9023387,203421,P1003,20.91
9023388,201849,P1002,97.43
9023389,210000,P1002,66.96
9023390,205398,P1005,102.83
9023391,201631,P1005,102.37
9023392,201461,P1002,87.76
9023393,201642,P1003,10.08
9023394,209682,P1005,115.09
9023395,202732,P1001,369.63
9023396,203594,P1003,88.45
9023397,208102,P1001,189.84
9023398,211777,P1006,24.69
9023399,206097,P1006,118.03
9023400,206081,P1003,158.56
9023401,208544,P1005,82.19
9023402,207624,P1004,75.1
9023403,201863,P1005,38.77
9023404,208275,P1004,20.45
9023405,201958,P1002,41.05
9023406,201683,P1006,67.92
9023407,207530,P1001,12.3
9023408,201820,P1005,150.44
9023409,206986,P1003,92.61
9023410,202193,P1006,6.24
9023411,206100,P1002,5.04
9023412,207582,P1003,161.24
9023413,206478,P1003,127.26
9023414,207340,P1005,48.62
9023415,208489,P1005,61.74
9023416,211308,P1003,133.31
9023417,211152,P1005,53.17
9023418,204917,P1003,248.46
9023419,206082,P1001,103.66
9023420,209466,P1005,70.12
9023421,207559,P1005,165.53
9023422,205977,P1002,190.71
9023423,208736,P1001,83.82
9023424,208593,P1005,34.32
9023425,208026,P1002,30.73
9023426,204167,P1002,49.66
9023427,205440,P1003,223.69
9023428,210585,P1004,5.11
9023429,205131,P1001,27.51
9023430,201187,P1002,84.09
9023431,211796,P1002,364.29
9023432,208709,P1006,104.33
9023433,207217,P1005,44.05
9023434,208241,P1005,120.89
9023435,202701,P1005,34.13
9023436,203482,P1004,76.05
9023437,202666,P1004,269.53
9023438,204697,P1001,14.85
9023439,210763,P1001,101.7
9023440,206575,P1005,96.91
9023441,208015,P1003,146.08
9023442,208526,P1006,72.36
9023443,204409,P1005,153.02
9023444,205136,P1002,105.65
9023445,203605,P1005,252.04
9023446,210610,P1006,169.07
9023447,201641,P1003,136.06
9023448,210380,P1002,114.6
9023449,202206,P1001,64.3
9023450,208899,P1004,193
9023451,210675,P1004,101.37
9023452,204714,P1001,96.85
9023453,210145,P1003,41.83
9023454,204241,P1006,108.66
9023455,209919,P1004,41.96
9023456,203503,P1006,119.52
9023457,205914,P1003,127.56
9023458,210262,P1002,41.84
9023459,201297,P1006,19.71
9023460,205372,P1003,41.08
9023461,211948,P1004,210.3
9023462,206986,P1001,77.38
9023463,201822,P1002,36.42
9023464,207410,P1004,168.29
9023465,205190,P1001,356.04
9023466,207903,P1006,74.99
9023467,203990,P1001,51.98
9023468,203702,P1003,92.15
9023469,202998,P1004,57.52
9023470,205546,P1006,142.81
9023471,202022,P1006,32.91
9023472,204522,P1005,85.52
9023473,202104,P1002,137.32
9023474,209009,P1005,24.22
9023475,207330,P1001,23.28
9023476,206011,P1006,20.11
9023477,209739,P1004,97.75
9023478,210430,P1005,75.17
9023479,211083,P1005,52.84
9023480,210883,P1002,54.07
9023481,210800,P1002,40.89
9023482,203951,P1006,79.65
9023483,211583,P1005,37.33
9023484,208458,P1004,25.41
9023485,203081,P1004,32.09
9023486,207784,P1001,104.13
9023487,205429,P1002,75.02
9023488,209541,P1006,131.37
9023489,203170,P1002,194.34
9023490,205229,P1005,88.38
9023491,210099,P1001,55.95
9023492,209275,P1004,126.82
9023493,210274,P1002,110.38
9023494,204583,P1005,102.86
9023495,209177,P1006,37.07
9023496,209098,P1003,115.97
9023497,210707,P1005,25.32
9023498,211771,P1006,67.45
9023499,211049,P1006,35.57
9023500,200613,P1005,155.17
9023501,209305,P1006,133.05
9023502,210319,P1003,110.55
9023503,208792,P1006,169.54
9023504,210208,P1004,70.9
9023505,202338,P1005,115.18
9023506,201197,P1001,169.16
9023507,209628,P1001,53.59
9023508,208788,P1003,136.51
9023509,205855,P1001,25.44
9023510,209577,P1003,162.54
9023511,207447,P1004,45.49
9023512,201580,P1003,232.72
9023513,211921,P1005,99.98
9023514,205972,P1004,87.41
9023515,211347,P1003,248.79
9023516,205653,P1002,108.24
9023517,202723,P1001,130.6
9023518,208724,P1004,138.83
9023519,207832,P1001,58.25
9023520,207341,P1003,30.46
9023521,207728,P1001,57.67
9023522,205948,P1002,46.29
9023523,200747,P1006,82.23
9023524,209400,P1005,61.54
9023525,204408,P1004,157.85
9023526,200482,P1001,109.03
9023527,206119,P1005,110.56
9023528,204833,P1006,54.1
9023529,201477,P1006,59.5
9023530,207266,P1001,153.5
9023531,209209,P1002,14.33
9023532,211517,P1003,99.78
9023533,201057,P1005,50.95
9023534,204558,P1004,128.6
9023535,210270,P1005,38.54
9023536,206650,P1001,111.29
9023537,206393,P1006,173.18
9023538,202924,P1002,138.37
9023539,207273,P1004,244.34
9023540,203971,P1005,228.84
9023541,201989,P1004,58.73
9023542,210612,P1006,99.95
9023543,203839,P1005,45.34
9023544,202681,P1006,72.84
9023545,209746,P1004,106.08
9023546,205781,P1004,159.16
9023547,203086,P1006,12.4
9023548,200062,P1004,119.72
9023549,201248,P1005,85.93
9023550,205999,P1005,55
9023551,211293,P1004,122.59
9023552,206011,P1003,107.99
9023553,205689,P1001,30.98
9023554,200294,P1002,115.17
9023555,211175,P1003,29.51
9023556,203441,P1006,43.2
9023557,202347,P1001,154.02
9023558,200564,P1001,143.37
9023559,203316,P1004,75.17
9023560,206489,P1004,57.8
9023561,204620,P1005,125.96
9023562,201334,P1004,72.56
9023563,211482,P1004,68.51
9023564,204316,P1001,60.84
9023565,211755,P1003,79.11
9023566,207991,P1003,163.68
9023567,211386,P1001,20.78
9023568,200166,P1001,66.45
9023569,209670,P1004,181.32
9023570,211797,P1005,86.05
9023571,202192,P1001,130.15
9023572,205573,P1001,189.49
9023573,203989,P1006,133.57
9023574,200450,P1001,13.09
9023575,201332,P1002,7.14
9023576,207549,P1006,194.38
9023577,209120,P1005,91.27
9023578,210384,P1002,54.31
9023579,200088,P1005,37.17
9023580,204319,P1003,26.26
9023581,200251,P1005,45.09
9023582,201337,P1005,130.26
9023583,209110,P1001,43.81
9023584,208279,P1004,126.51
9023585,207086,P1006,94.61
9023586,210310,P1003,50.58
9023587,203569,P1002,67.59
9023588,200668,P1003,67.23
9023589,200159,P1004,23.93
9023590,207543,P1005,120.2
9023591,202499,P1001,40.99
9023592,207473,P1001,106.54
9023593,204398,P1003,56.98
9023594,208927,P1001,126.61
9023595,211917,P1006,22.43
9023596,202165,P1004,200.09
9023597,202631,P1006,149.79
9023598,204061,P1003,100.01
9023599,210576,P1003,89.61
9023600,207835,P1002,52.67
9023601,210994,P1001,94.84
9023602,210947,P1005,98.96
9023603,206131,P1004,54.63
9023604,211178,P1001,140.11
9023605,205236,P1005,31.94
9023606,201565,P1003,149.06
9023607,201061,P1004,35.99
9023608,210259,P1005,72.31
9023609,203494,P1005,30.5
9023610,207830,P1004,88.61
9023611,207997,P1001,42.69
9023612,211272,P1002,43.87
9023613,211573,P1005,63.2
9023614,208702,P1003,78.78
9023615,209745,P1003,130.75
9023616,208038,P1003,108.95
9023617,205195,P1006,101.1
9023618,203378,P1005,68.43
9023619,210065,P1003,65.18
9023620,206547,P1005,229.27
9023621,205679,P1006,112.34
9023622,204668,P1006,162.81
9023623,200195,P1002,71.66
9023624,203308,P1003,184.44
9023625,205496,P1002,57.49
9023626,204250,P1004,128.55
9023627,207451,P1003,271.95
9023628,201771,P1006,53.02
9023629,200262,P1003,61.41
9023630,206639,P1002,74.32
9023631,204726,P1006,149.66
9023632,204573,P1004,98.77
9023633,201948,P1002,313.14
9023634,201150,P1001,230.23
9023635,202300,P1004,147.17
9023636,203946,P1001,125.36
9023637,211058,P1003,215.31
9023638,206189,P1004,73.65
9023639,206490,P1003,58.57
9023640,203247,P1002,60.61
9023641,210319,P1005,236.03
9023642,209799,P1006,123.22
9023643,201943,P1002,58.99
9023644,202702,P1004,45.77
9023645,200553,P1004,136.32
9023646,204384,P1006,132.18
9023647,202005,P1001,6.54
9023648,200404,P1003,17.96
9023649,211517,P1003,28.21
9023650,202708,P1003,44.46
9023651,208360,P1005,128.58
9023652,204286,P1003,120.69
9023653,202954,P1002,12.04
9023654,207188,P1005,148.05
9023655,209604,P1006,30.63
9023656,211383,P1004,38.01
9023657,201450,P1005,69.12
9023658,209536,P1005,74.86
9023659,206385,P1002,120.58
9023660,204749,P1001,90.19
9023661,208807,P1005,62.22
9023662,201330,P1005,256.49
9023663,210906,P1003,16.17
9023664,201238,P1004,216.72
9023665,210353,P1006,38.14
9023666,202903,P1001,52.17
9023667,201740,P1004,120.86
9023668,211107,P1004,187.39
9023669,206213,P1001,34.07
9023670,201116,P1002,137.14
9023671,210495,P1005,189.35
9023672,208419,P1001,89.77
9023673,204481,P1002,70.48
9023674,203476,P1001,22.58
9023675,211252,P1004,132.79
9023676,202902,P1003,119.67
9023677,211597,P1003,59.03
9023678,204623,P1001,59.86
9023679,207437,P1003,42.98
9023680,206279,P1005,195.72
9023681,201388,P1005,101.88
9023682,205430,P1006,56.52
9023683,207388,P1004,9.9
9023684,201835,P1001,129.72
9023685,210250,P1006,227.31
9023686,208419,P1002,178.18
9023687,210508,P1003,38.78
9023688,200978,P1002,28.29
9023689,201914,P1006,205.12
9023690,210095,P1005,190.3
9023691,203419,P1001,105.37
9023692,200642,P1004,83.56
9023693,209924,P1004,15.3
9023694,211770,P1006,277.53
9023695,205432,P1004,12.05
9023696,209821,P1004,124.91
9023697,203507,P1001,174.23
9023698,211702,P1002,172.96
9023699,204977,P1004,11.53
9023700,203164,P1005,65.64
9023701,208956,P1001,15.27
9023702,201516,P1004,88.13
9023703,206471,P1005,55.5
9023704,204162,P1003,205.17
9023705,206813,P1005,103.83
9023706,200170,P1006,41.61
9023707,208276,P1006,67.15
9023708,202763,P1004,92.36
9023709,202389,P1005,134.89
9023710,201558,P1003,125.67
9023711,200595,P1002,18.38
9023712,202217,P1005,235.24
9023713,203152,P1006,79.64
9023714,210122,P1002,17.72
9023715,203793,P1001,90.23
9023716,205471,P1006,94.47
9023717,203247,P1001,137.22
9023718,200437,P1002,64.04
9023719,203073,P1002,18.16
9023720,210432,P1005,49.34
9023721,207554,P1002,3.89
9023722,201019,P1003,93.69
9023723,201306,P1001,115.54
9023724,200081,P1003,166.53
9023725,200058,P1003,58.81
9023726,201235,P1003,105.55
9023727,201087,P1003,35.18
9023728,210717,P1002,109.19
9023729,209655,P1003,52.95
9023730,206218,P1004,255.83
9023731,208232,P1003,62.22
9023732,209047,P1003,31.18
9023733,211419,P1006,206.75
9023734,210626,P1003,140.02
9023735,205535,P1006,71.53
9023736,208046,P1003,131.83
9023737,202390,P1003,111.46
9023738,201559,P1006,51.17
9023739,204860,P1002,9.34
9023740,210907,P1001,80.47
9023741,203608,P1005,91.79
9023742,206761,P1002,63.7
9023743,202980,P1003,43.22
9023744,203709,P1001,95.25
9023745,210059,P1003,158.78
9023746,210493,P1004,47.69
9023747,206332,P1006,67.08
9023748,210133,P1006,52.53
9023749,211609,P1003,58.4
9023750,206569,P1002,55.5
9023751,207675,P1005,105.87
9023752,201950,P1003,87.43
9023753,211942,P1001,42.76
9023754,208726,P1002,28.64
9023755,206712,P1001,105.17
9023756,203303,P1002,112.88
9023757,207175,P1005,171.96
9023758,203558,P1003,179.83
9023759,204032,P1006,66.94
9023760,211530,P1005,148.32
9023761,205795,P1006,86.86
9023762,211349,P1004,37.99
9023763,203248,P1006,79.59
9023764,203564,P1005,66.93
9023765,209167,P1006,155.08
9023766,204865,P1002,111.33
9023767,201159,P1004,39.49
9023768,208401,P1005,42.49
9023769,201226,P1004,48.71
9023770,200845,P1003,76.48
9023771,209001,P1001,104.12
9023772,201470,P1005,9.28
9023773,204132,P1001,157.15
9023774,209927,P1003,328.03
9023775,205030,P1001,131.79
9023776,208577,P1002,115.48
9023777,208276,P1003,63.59
9023778,204755,P1001,98.54
9023779,208179,P1001,109.47
9023780,209292,P1006,124.87
9023781,207465,P1006,158.94
9023782,206759,P1003,34.49
9023783,210600,P1005,59.64
9023784,200073,P1006,103.33
9023785,202825,P1003,142.53
9023786,206378,P1006,53.02
9023787,211629,P1002,34.68
9023788,209455,P1002,173.51
9023789,201567,P1006,47.09
9023790,205992,P1002,135.03
9023791,210650,P1001,61.7
9023792,205626,P1002,117.37
9023793,203524,P1006,33.58
9023794,201240,P1003,83.33
9023795,203809,P1003,56.67
9023796,211059,,170.96
9023797,211524,P1001,29.54
9023798,200461,P1006,57.71
9023799,202815,P1001,91.93
9023800,201498,P1002,137.5
9023801,207706,P1004,61.73
9023802,202328,P1004,133.85
9023803,201185,P1006,49.95
9023804,205101,P1004,41.83
9023805,202793,P1005,40.73
9023806,211507,P1001,8.19
9023807,203207,P1004,79.44
9023808,201031,P1004,158.26
9023809,211657,P1004,16.03
9023810,208559,P1004,63.17
9023811,209752,P1005,159.35
9023812,208588,P1002,125.85
9023813,205547,P1005,16.29
9023814,200325,P1004,74.67
9023815,206570,P1001,118.7
9023816,200363,P1002,175.53
9023817,203439,P1002,8.96
9023818,211149,P1005,85.3
9023819,202014,P1006,68.12
9023820,208660,P1003,2.96
9023821,204901,P1003,85.32
9023822,201935,P1001,196.48
9023823,201302,P1003,102.61
9023824,204146,P1005,28.75
9023825,200756,P1002,177.43
9023826,206497,P1004,27.09
9023827,201055,P1001,153.18
9023828,202375,P1002,228.64
9023829,209183,P1001,112.11
9023830,210147,P1006,68.14
9023831,204066,,66.49
9023832,211016,P1002,129.04
9023833,205339,P1004,62.57
9023834,209865,P1006,55.76
9023835,205316,P1004,193.13
9023836,203772,P1005,110.27
9023837,211761,P1006,183.56
9023838,201731,P1002,194.22
9023839,207630,P1005,114.29
9023840,201764,P1004,132.28
9023841,206182,P1002,201.18
9023842,200609,P1003,88.65
9023843,203985,P1002,75.1
9023844,202598,P1005,13.8
9023845,210545,P1003,63.17
9023846,203092,P1003,169.14
9023847,210512,P1002,128.58
9023848,201956,P1006,53.88
9023849,203465,P1003,265.72
9023850,204911,P1005,118.51
9023851,209598,P1005,94.72
9023852,200980,P1006,58.72
9023853,211592,P1004,17.86
9023854,209878,P1001,125.87
9023855,202766,P1001,29.08
9023856,209565,P1006,54.72
9023857,211027,P1003,260.22
9023858,210760,P1001,63.72
9023859,209825,P1004,33
9023860,208080,P1006,139.67
9023861,211744,P1003,47.51
9023862,209545,P1006,143.1
9023863,203943,P1006,86.62
9023864,207213,P1002,35.74
9023865,204233,P1002,25.21
9023866,201370,P1004,90.11
9023867,202374,P1004,124.81
9023868,210861,P1002,49.29
9023869,207553,P1006,53.64
9023870,211495,P1004,138.72
9023871,204646,P1005,43.32
9023872,206980,P1001,47.74
9023873,211936,P1006,176.26
9023874,211484,P1003,123.6
9023875,201634,P1004,79.59
9023876,206217,P1004,222.51
9023877,205434,P1006,53.73
9023878,210268,P1001,114.16
9023879,205010,P1004,33.14
9023880,208070,P1005,166.92
9023881,203706,P1005,75.26
9023882,211009,P1003,71.37
9023883,205025,P1003,51.31
9023884,206424,P1001,4.06
9023885,206407,P1006,121.71
9023886,206700,P1001,32.68
9023887,211240,P1002,138.82
9023888,203829,P1001,181.31
9023889,201476,P1003,39.08
9023890,204040,P1001,38.75
9023891,208826,P1003,48.87
9023892,201000,P1001,119.88
9023893,204766,P1004,103.13
9023894,200458,P1006,82.46
9023895,211237,P1002,210.55
9023896,202810,P1002,142.62
9023897,206244,P1002,92.18
9023898,201681,P1002,145.07
9023899,211566,P1003,131.84
9023900,209158,P1001,117.46
9023901,201136,P1006,84.72
9023902,207478,P1004,46.02
9023903,200301,P1003,207.33
9023904,208765,P1003,7.79
9023905,204593,P1001,37.96
9023906,207494,P1002,49.47
9023907,208716,P1001,267.34
9023908,208234,P1004,162.34
9023909,201945,P1001,109.58
9023910,205334,P1001,125.01
9023911,203323,P1002,52.94
9023912,204445,P1001,30.32
9023913,209922,P1002,81.81
9023914,205310,P1005,51.61
9023915,209779,P1002,40.65
9023916,211389,P1001,301.95
9023917,205923,P1005,57.83
9023918,211225,P1003,120.12
9023919,200390,P1005,59.08
9023920,209013,P1003,17.61
9023921,209457,P1005,98.06
9023922,209693,P1006,116.02
9023923,205521,P1005,12.75
9023924,211452,P1003,100.58
9023925,203526,P1003,148.58
9023926,203252,P1002,139.55
9023927,202525,P1001,192.49
9023928,207302,P1005,97.28
9023929,203369,P1005,53.06
9023930,205037,P1003,91.66
9023931,208297,P1001,98.59
9023932,210328,P1005,53.26
9023933,200263,P1005,52.18
9023934,208740,P1003,54.52
9023935,202839,P1003,94.65
9023936,211254,P1002,119.92
9023937,210853,P1006,278.52
9023938,205505,P1003,42.01
9023939,200440,P1006,267.45
9023940,211214,P1003,13.43
9023941,203785,P1004,47.17
9023942,202634,P1004,48.43
9023943,202886,P1003,45.53
9023944,210897,P1003,29.59
9023945,205170,P1006,136.86
9023946,208748,P1005,29.15
9023947,207794,P1001,164.34
9023948,211783,P1005,34.35
9023949,210961,P1003,142.09
9023950,200863,P1006,74.39
9023951,211261,P1002,149.55
9023952,200888,P1006,196.81
9023953,205373,P1004,43.64
9023954,201119,P1005,78.6
9023955,203975,P1002,78.91
9023956,208411,P1002,80.8
9023957,200661,P1005,50.14
9023958,208831,P1003,54.22
9023959,204619,P1005,40.76
9023960,207576,P1002,39.67
9023961,208825,P1001,29.52
9023962,211708,P1004,58.24
9023963,200440,P1006,34.31
9023964,210017,P1003,34.71
9023965,210800,P1001,75.66
9023966,206484,P1005,74.49
9023967,203112,P1002,88.26
9023968,207912,P1001,180.16
9023969,201533,P1002,70.12
9023970,211546,P1003,211.5
9023971,204193,P1001,34.26
9023972,209490,P1004,74.31
9023973,205340,P1006,73.89
9023974,210891,P1003,180.24
9023975,211407,P1003,207.28
9023976,210145,P1003,138.3
9023977,206912,P1005,205.56
9023978,202946,P1002,232.37
9023979,210695,P1005,60.68
9023980,210580,P1002,104.78
9023981,201498,P1001,14.16
9023982,203389,P1003,67.24
9023983,209326,P1003,61.27
9023984,210223,P1002,82.99
9023985,207131,P1005,19.06
9023986,208938,P1001,161.56
9023987,207513,P1003,114.49
9023988,202620,P1001,80.28
9023989,205765,P1002,53.23
9023990,211190,P1002,80.01
9023991,208391,P1002,186.32
9023992,202443,P1004,74.89
9023993,201505,P1002,84.25
9023994,203637,P1001,15.55
9023995,200711,P1005,99.38
9023996,205967,P1004,84.14
9023997,210343,P1005,166.39
9023998,203100,P1001,28.25
9023999,207639,P1004,270.78
9024000,209075,P1002,56.79
9024001,200906,P1005,93.56
9024002,207578,P1003,28.25
9024003,210841,P1003,242.75
9024004,208948,P1002,85.99
9024005,210439,P1002,91.89
9024006,204805,P1003,125.24
9024007,203869,P1004,119.23
9024008,206037,P1006,34.5
9024009,209265,P1002,125.83
9024010,208861,P1003,59.3
9024011,203000,P1001,110.9
9024012,205931,P1003,75.53
9024013,208825,P1002,47.54
9024014,203727,P1003,25.11
9024015,207855,P1001,69.53
9024016,204363,P1005,58.62
9024017,209924,P1002,5.69
9024018,208314,P1002,39.35
9024019,210284,P1002,84.48
9024020,201431,P1003,125.79
9024021,211102,P1005,69.67
9024022,211847,P1005,78.78
9024023,203564,P1001,40.25
9024024,211077,P1005,235.24
9024025,209913,P1003,203.68
9024026,210183,P1003,121.88
9024027,204693,P1005,34.73
9024028,202659,P1002,55.09
9024029,210847,P1004,155.09
9024030,210833,P1004,100.49
9024031,202542,P1003,61.84
9024032,200662,P1003,215.47
9024033,203840,P1001,192.46
9024034,207477,P1001,36.53
9024035,205505,P1002,160.28
9024036,200726,P1005,85.38
9024037,203907,P1004,155.42
9024038,208983,P1001,14.69
9024039,203776,P1001,70.05
9024040,202137,P1005,123.03
9024041,205895,P1006,47.38
9024042,211548,P1003,148.35
9024043,203854,P1004,102.68
9024044,202069,P1003,78.14
9024045,204843,P1003,14.91
9024046,202133,P1006,61.94
9024047,206863,P1004,18.86
9024048,204210,P1001,103.17
9024049,211170,P1004,174.99
9024050,211473,P1004,27.64
9024051,208410,P1004,148.67
9024052,201507,P1005,55.74
9024053,211110,P1005,97.02
9024054,200618,P1004,76.65
9024055,205938,P1001,41.46
9024056,206111,P1003,131.04
9024057,208795,P1002,67.37
9024058,202707,P1003,136.07
9024059,206493,P1005,13.95
9024060,210586,P1006,264.69
9024061,210583,P1003,26.66
9024062,210338,P1002,322.1
9024063,200423,P1004,41.34
9024064,211360,P1005,73.26
9024065,211738,P1001,156.92
9024066,211287,P1005,54.52
9024067,200953,P1003,100.35
9024068,205455,P1001,255.89
9024069,204427,P1001,115.03
9024070,210348,P1003,105.39
9024071,207795,P1001,60.38
9024072,200827,P1002,178.16
9024073,203414,P1001,111.74
9024074,207000,P1005,94.87
9024075,209720,P1005,42.77
9024076,202980,P1003,151.57
9024077,208366,P1004,85.52
9024078,208246,P1005,54.33
9024079,204707,P1002,66.77
9024080,205260,P1001,253.87
9024081,201026,P1001,177.55
9024082,209769,P1005,15.98
9024083,209678,P1002,136.93
9024084,201105,P1002,91.85
9024085,206466,P1004,38.95
9024086,204469,P1003,111.09
9024087,210421,P1003,48.54
9024088,206616,P1004,204.79
9024089,205574,P1003,65.89
9024090,209284,P1002,46.41
9024091,200846,P1006,78.95
9024092,207512,P1003,40.82
9024093,206140,P1005,24.6
9024094,201981,P1004,225.28
9024095,201982,P1005,195.71
9024096,211886,P1002,63.08
9024097,201805,P1006,14.75
9024098,210554,P1006,75.06
9024099,203185,P1004,59.87
9024100,209711,P1001,157.87
9024101,200964,P1004,225
9024102,205762,P1006,186.81
9024103,202617,P1004,78.93
9024104,201132,P1003,75.73
9024105,201472,P1004,176.9
9024106,203524,P1006,46.64
9024107,210322,P1004,38.71
9024108,205560,P1005,81.55
9024109,211448,P1001,54.53
9024110,207505,P1004,87.62
9024111,210878,P1005,25.13
9024112,209153,P1003,128.17
9024113,210751,P1001,72.96
9024114,208959,P1002,194.24
9024115,211713,P1005,71.12
9024116,211628,P1001,57.38
9024117,203499,P1002,50.45
9024118,203303,P1002,15.29
9024119,202033,P1005,175.36
9024120,210424,P1006,25.46
9024121,207006,P1001,69.48
9024122,200383,P1004,45.73
9024123,211102,P1002,46.59
9024124,211861,P1005,27.08
9024125,205478,P1004,66.91
9024126,201525,P1005,101.91
9024127,211609,P1002,27.89
9024128,207032,P1005,96.83
9024129,202921,P1002,46.29
9024130,202445,P1001,23.01
9024131,201131,P1004,35.88
9024132,204371,P1003,44.88
9024133,208946,P1003,13.2
9024134,208667,P1006,0.56
9024135,211385,P1006,111.9
9024136,208204,P1004,139.42
9024137,204090,P1002,24.47
9024138,204876,P1003,152.67
9024139,209585,P1005,96.87
9024140,206799,P1006,93.54
9024141,206914,P1001,73.39
9024142,201491,P1002,267.45
9024143,204477,P1001,161.75
9024144,207383,P1004,68.05
9024145,202246,P1003,259.45
9024146,209784,P1004,223.79
9024147,209238,P1001,139.29
9024148,205527,P1004,89.77
9024149,211424,P1006,145.18
9024150,208200,P1006,131.98
9024151,209258,P1004,155.32
9024152,201010,P1004,55.83
9024153,209281,P1004,77.27
9024154,211025,P1005,28.34
9024155,202347,P1003,120.91
9024156,209911,P1001,165.9
9024157,201734,P1006,73.53
9024158,204291,P1005,101.29
9024159,201395,P1002,172.17
9024160,204435,P1006,89.73
9024161,206152,P1003,45.18
9024162,203511,P1002,259.08
9024163,205638,P1003,157.25
9024164,205582,P1005,140.77
9024165,211078,P1002,149.82
9024166,209205,P1001,89.2
9024167,210021,P1003,93.68
9024168,200304,P1002,189.25
9024169,202100,P1005,12.27
9024170,200099,P1001,38.25
9024171,203758,P1003,26.56
9024172,202814,P1001,256.12
9024173,203739,P1003,55.98
9024174,206996,P1001,107.3
9024175,208755,P1005,64.13
9024176,206513,P1002,184.98
9024177,205752,P1001,183.39
9024178,207298,P1002,24.07
9024179,208981,P1003,113.06
9024180,210140,P1003,39.4
9024181,207628,P1003,56.72
9024182,203321,P1002,15.63
9024183,206784,P1003,71.37
9024184,200896,P1005,31.13
9024185,201539,P1005,58.35
9024186,209410,P1004,237.38
9024187,211674,P1003,165.04
9024188,205358,P1005,150.93
9024189,206366,P1003,129.1
9024190,210338,P1001,60.39
9024191,206346,P1001,3.93
9024192,201777,P1003,77.58
9024193,207546,P1005,127.2
9024194,211274,P1003,135.14
9024195,202779,P1004,119.56
9024196,205879,P1004,52.45
9024197,209572,P1004,31.37
9024198,201209,P1006,62.09
9024199,203059,P1005,114.33
9024200,209286,P1001,37.77
9024201,211639,P1002,140.76
9024202,208523,P1002,47.84
9024203,211471,P1003,59.9
9024204,204212,P1006,109.51
9024205,201991,P1002,157.65
9024206,203520,P1001,81.42
9024207,207040,P1004,45.19
9024208,204772,P1001,42.93
9024209,206330,P1005,163.53
9024210,211471,P1003,120.45
9024211,211770,P1002,81.69
9024212,202993,P1002,62.72
9024213,209862,P1003,70.24
9024214,203322,P1006,45.7
9024215,203711,P1003,76.81
9024216,207969,P1002,73.96
9024217,205122,P1001,42.49
9024218,206895,P1003,62.98
9024219,206840,P1006,126.18
9024220,208443,P1005,83.86
9024221,204692,P1002,123.04
9024222,208611,P1003,90.23
9024223,210449,P1001,20.19
9024224,206601,P1002,258.85
9024225,203016,P1004,124.49
9024226,203927,P1005,109.17
9024227,204967,P1004,95.11
9024228,205745,P1005,134.72
9024229,202316,P1003,99.46
9024230,209214,P1005,58.88
9024231,207872,P1003,84.35
9024232,204810,P1003,120.27
9024233,201749,P1005,28.98
9024234,206407,P1004,157.81
9024235,201983,P1004,50.93
9024236,206871,P1002,36.58
9024237,203864,P1004,68.83
9024238,209900,P1001,60.93
9024239,205506,P1004,135.47
9024240,203206,P1003,82.58
9024241,209334,P1004,6.77
9024242,203027,P1005,49.2
9024243,205556,P1005,135.94
9024244,209289,P1006,143.95
9024245,207231,P1005,190.29
9024246,204962,P1003,39.16
9024247,210907,P1004,41.36
9024248,200372,P1006,76.57
9024249,205291,P1002,47.68
9024250,201878,P1005,213.49
9024251,206377,P1005,52.66
9024252,202297,P1001,130.07
9024253,200954,P1001,80.7
9024254,204514,P1005,142.01
9024255,207000,P1003,59.51
9024256,200034,P1003,75.44
9024257,211663,P1004,138.36
9024258,200615,P1006,118.3
9024259,207753,P1001,100.93
9024260,200342,P1002,94.58
9024261,200091,P1006,24.19
9024262,204587,P1006,36.33
9024263,208240,P1006,50.73
9024264,203398,P1001,127.21
9024265,200371,P1001,37.35
9024266,210213,P1005,69.75
9024267,208580,P1005,60.57
9024268,200366,P1004,18.04
9024269,200812,P1003,97.67
9024270,205570,P1002,20.5
9024271,204783,P1002,78.04
9024272,201230,P1006,91.69
9024273,201438,P1005,72.83
9024274,206257,P1002,95.41
9024275,211301,P1001,90.34
9024276,211149,P1004,158.54
9024277,200739,P1006,84.34
9024278,203643,P1005,120.9
9024279,201256,P1006,73.6
9024280,208056,P1006,99.79
9024281,209807,P1005,142.72
9024282,202826,P1002,86.2
9024283,210662,P1003,89.89
9024284,208543,P1001,129.49
9024285,206948,P1005,182.04
9024286,204171,P1002,204.82
9024287,200227,P1002,93.17
9024288,201712,P1003,58.04
9024289,200743,P1006,84.11
9024290,205234,P1006,5.83
9024291,203532,P1005,162.35
9024292,200864,P1003,76.75
9024293,203888,P1004,67.26
9024294,208068,P1002,169.77
9024295,206058,P1001,107.14
9024296,210294,P1006,102.56
9024297,200495,P1004,89.56
9024298,208870,P1002,122.48
9024299,209122,P1006,35.75
9024300,203150,P1004,34.14
9024301,200575,P1002,80.06
9024302,204311,P1005,74.91
9024303,201856,P1001,78.5
9024304,206131,P1005,48.22
9024305,209768,P1003,69.77
9024306,201846,P1006,105.59
9024307,200659,P1002,33.09
9024308,208747,P1004,108.78
9024309,200431,P1001,195.02
9024310,203786,P1005,33.75
9024311,200828,P1005,154.86
9024312,200508,P1002,149.17
9024313,208774,P1005,23.42
9024314,207722,P1001,97.31
9024315,204542,P1001,51.9
9024316,211130,P1005,105.37
9024317,204219,P1001,39.05
9024318,202167,P1005,117.17
9024319,207638,P1006,295.17
9024320,206418,P1002,21.05
9024321,204793,P1004,14.22
9024322,203657,P1003,128.32
9024323,209870,P1006,227.74
9024324,205532,P1001,96.2
9024325,206349,P1006,65.99
9024326,204896,P1006,63.74
9024327,206889,P1003,86.49
9024328,209029,P1003,202.53
9024329,203329,P1002,64.46
9024330,208828,P1006,18.78
9024331,210056,P1001,50.25
9024332,205050,P1004,31.13
9024333,210964,P1001,49.19
9024334,200481,P1003,74.18
9024335,211229,P1004,84.09
9024336,205507,P1001,124.23
9024337,210855,P1004,174.61
9024338,206910,P1001,153.65
9024339,206645,P1001,202.42
9024340,204494,P1006,144.59
9024341,201168,P1002,65.08
9024342,206284,P1003,107.55
9024343,200518,P1006,114.48
9024344,208133,P1003,81.59
9024345,206222,P1001,59.92
9024346,210195,P1003,172.91
9024347,202494,P1004,33.76
9024348,204693,P1006,148.67
9024349,207540,P1004,167.64
9024350,205788,P1002,112.81
9024351,210286,P1002,65.07
9024352,206435,P1001,18.32
9024353,200307,P1006,33.21
9024354,200877,P1001,59.7
9024355,208767,P1001,32.77
9024356,203294,P1003,13.46
9024357,210562,P1004,32.44
9024358,202669,P1003,53.01
9024359,204570,P1006,9.15
9024360,204207,P1003,43.81
9024361,208321,P1003,50.31
9024362,204027,P1002,102.48
9024363,200590,P1003,90.56
9024364,209919,P1005,76.96
9024365,208059,P1004,58.81
9024366,204264,P1001,103.42
9024367,202567,P1005,190.33
9024368,204241,P1004,74.53
9024369,202107,P1005,22.72
9024370,207220,P1001,43.76
9024371,205561,P1005,116.59
9024372,201192,P1003,50.66
9024373,205352,P1004,132.05
9024374,202222,P1004,115.94
9024375,203920,P1004,181.23
9024376,207798,P1004,152.96
9024377,207354,P1002,54.32
9024378,200311,P1005,72.18
9024379,210506,P1005,49.42
9024380,203893,P1005,271.61
9024381,207583,P1002,287.89
9024382,202762,P1001,153.53
9024383,203270,P1002,43.48
9024384,207210,P1003,78.71
9024385,211102,P1001,125.68
9024386,204761,P1002,70.49
9024387,206199,P1005,82.66
9024388,206297,P1005,68.25
9024389,201872,P1001,111.47
9024390,203164,P1002,16.77
9024391,210286,P1003,60.77
9024392,203105,P1004,91.39
9024393,209730,P1003,213.91
9024394,209843,P1005,142.37
9024395,203553,P1004,51.88
9024396,211860,P1006,81.71
9024397,203778,P1001,59.49
9024398,201327,P1004,298.01
9024399,208848,P1001,81.97
9024400,203284,P1005,131.99
9024401,209250,P1004,136.59
9024402,210136,P1006,40.54
9024403,209129,P1002,17.69
9024404,208873,P1005,92.68
9024405,205698,P1005,77.49
9024406,208648,P1003,122.63
9024407,206649,P1003,108.59
9024408,202217,P1002,129.03
9024409,210439,P1004,83.4
9024410,200528,P1006,111.89
9024411,201520,P1004,9.58
9024412,210134,P1001,183.73
9024413,204686,P1001,92.02
9024414,209888,P1002,162.23
9024415,200012,P1003,353.12
9024416,208283,P1006,70.16
9024417,209865,P1006,81.3
9024418,202983,P1003,253.19
9024419,203651,P1002,60.32
9024420,208171,P1001,18.54
9024421,209690,P1001,62.34
9024422,211714,P1005,263.54
9024423,204488,P1001,130.88
9024424,208902,P1001,36.23
9024425,202251,P1004,37.88
9024426,200066,P1002,41.59
9024427,201091,P1003,32.01
9024428,208707,P1004,35.69
9024429,211593,P1003,166.68
9024430,202833,P1002,50.22
9024431,210302,P1002,112.34
9024432,200209,P1002,49.59
9024433,201024,P1004,75.73
9024434,204123,P1002,102.99
9024435,200415,P1005,13
9024436,211034,P1003,99.52
9024437,210541,P1001,62.07
9024438,200841,P1002,66.22
9024439,205573,P1001,42.03
9024440,208969,P1005,158.34
9024441,201441,P1003,153.14
9024442,205406,P1005,87.63
9024443,210612,P1003,78.58
9024444,201853,P1006,63.41
9024445,208721,P1001,127.01
9024446,211361,P1006,108.8
9024447,210194,P1005,34.95
9024448,203384,P1002,77.05
9024449,209582,P1003,176.84
9024450,208206,P1002,124
9024451,208807,P1006,120.18
9024452,211915,P1002,168.39
9024453,201940,P1001,123.4
9024454,204305,P1003,80.08
9024455,204889,P1002,299.4
9024456,202739,P1001,37.17
9024457,204784,P1002,55.69
9024458,202073,P1005,40.6
9024459,210155,P1005,66.91
9024460,207983,P1004,93.79
9024461,206102,P1001,23.94
9024462,206265,P1003,112.21
9024463,205979,P1003,34.7
9024464,200283,P1001,75.99
9024465,206184,P1003,63.11
9024466,208825,P1006,41.57
9024467,204122,P1001,51.06
9024468,202743,P1001,112.65
9024469,206751,P1004,25.03
9024470,204371,P1006,21.06
9024471,203498,P1005,24.89
9024472,210170,P1001,84.16
9024473,206255,P1003,0
9024474,211097,P1001,66.91
9024475,207842,P1001,206.69
9024476,205423,P1006,60.26
9024477,209052,P1004,54.61
9024478,210528,P1001,39.58
9024479,200522,P1006,67.54
9024480,207687,P1005,105.05
9024481,206352,P1003,12.1
9024482,210887,P1005,76.11
9024483,200967,P1001,39.14
9024484,208671,P1003,112.13
9024485,209855,P1005,348.35
9024486,202498,P1006,84.68
9024487,208197,P1001,117.25
9024488,205700,P1002,137.68
9024489,205980,P1005,21.81
9024490,209891,P1004,183.39
9024491,201918,P1001,69.09
9024492,205041,P1002,165
9024493,209721,P1001,20.46
9024494,205191,P1001,22.31
9024495,206519,P1003,96.48
9024496,208246,P1003,34.62
9024497,206439,P1005,390.19
9024498,210149,P1004,101.94
9024499,204760,P1002,105.7
9024500,206422,P1003,146.16
9024501,206352,P1004,102.9
9024502,207966,P1004,156.79
9024503,209372,P1002,109.5
9024504,205613,P1004,175.4
9024505,207000,P1005,222.16
9024506,206063,P1001,17.51
9024507,200822,P1006,68.25
9024508,203273,P1002,23.91
9024509,206140,P1005,57.54
9024510,205574,P1001,83.49
9024511,202706,P1003,132.98
9024512,208477,P1005,161.52
9024513,209788,P1003,9.56
9024514,209200,P1003,39.37
9024515,206112,P1005,202.4
9024516,201263,P1003,195.87
9024517,211061,P1005,20.43
9024518,203348,P1002,108.83
9024519,200204,P1003,21.58
9024520,203515,P1003,25.81
9024521,203445,P1002,193.01
9024522,205066,P1006,99.09
9024523,211811,P1004,2.26
9024524,205181,P1002,39.89
9024525,207753,P1003,83.94
9024526,203631,P1005,79
9024527,203456,P1005,72.98
9024528,210708,P1003,29.68
9024529,205230,P1006,281.34
9024530,202631,P1002,66.62
9024531,201988,P1002,61.12
9024532,208264,P1005,61.38
9024533,209193,P1003,140.27
9024534,207096,P1004,50.19
9024535,204743,P1001,67.75
9024536,208924,P1002,124.7
9024537,205902,P1001,32.27
9024538,211930,P1006,12.31
9024539,206076,P1005,111.56
9024540,201930,P1006,27.01
9024541,200264,P1003,79.11
9024542,211296,P1001,176.5
9024543,211775,P1006,37.6
9024544,207554,P1003,43.22
9024545,206007,P1004,71.17
9024546,201499,P1006,43.25
9024547,205846,P1004,95.56
9024548,209510,P1005,67.54
9024549,207868,P1001,36.18
9024550,206083,P1001,86.36
9024551,202270,P1003,155.61
9024552,206650,P1004,94.38
9024553,200431,P1005,214.22
9024554,209043,P1006,72.19
9024555,204150,P1003,88
9024556,202106,P1005,118.77
9024557,208716,P1002,27.83
9024558,204112,P1004,75.11
9024559,202417,P1003,378.4
9024560,210220,P1003,53.99
9024561,205610,P1005,89.19
9024562,202189,P1003,49.99
9024563,207439,P1003,163.61
9024564,205781,P1004,137.36
9024565,206724,P1005,64.27
9024566,211960,P1005,257.64
9024567,208083,P1003,43.16
9024568,201773,P1001,310.19
9024569,201365,P1006,29.5
9024570,204199,P1006,247.69
9024571,211358,P1005,96.6
9024572,204694,P1003,153.62
9024573,201884,P1005,49.28
9024574,207271,P1003,189.06
9024575,203755,P1006,65.33
9024576,205216,P1006,81.89
9024577,206876,P1003,100.55
9024578,209693,P1004,103.22
9024579,200918,P1002,164.31
9024580,205387,P1004,238.84
9024581,201355,P1004,73.5
9024582,210827,P1003,54.15
9024583,209480,P1006,85.73
9024584,210249,P1001,78.18
9024585,203971,P1006,119.57
9024586,206400,P1005,54.92
9024587,207074,P1006,116.72
9024588,210137,P1003,48.89
9024589,204015,P1003,192.93
9024590,203552,P1004,34.71
9024591,209113,P1001,71.43
9024592,203946,P1001,93.41
9024593,202934,P1002,9.93
9024594,204566,P1003,19.19
9024595,211182,P1005,96.46
9024596,206945,P1001,107.97
9024597,205278,P1001,149.65
9024598,204154,P1004,171.51
9024599,210948,P1001,235.74
9024600,206574,P1003,107
9024601,211497,P1006,33.21
9024602,211168,P1001,99.86
9024603,205534,P1006,53.27
9024604,201549,P1005,69.78
9024605,207983,P1004,127.5
9024606,204598,P1002,81.4
9024607,204763,P1004,104.6
9024608,200958,P1004,55.1
9024609,205791,P1006,109.35
9024610,206749,P1004,165.57
9024611,200606,P1006,48.24
9024612,201741,P1005,50.42
9024613,201473,P1003,45.36
9024614,211064,P1003,33.54
9024615,205052,P1003,164.47
9024616,211748,P1006,9.3
9024617,207407,P1003,75.6
9024618,211026,P1001,53.6
9024619,204812,P1002,103.14
9024620,206090,P1005,46.13
9024621,204865,P1005,91.8
9024622,202618,P1004,109.47
9024623,202169,P1005,70.66
9024624,208162,P1003,173.84
9024625,206594,P1006,143.01
9024626,200055,P1006,155.21
9024627,206159,P1005,163.13
9024628,211171,P1005,69.68
9024629,210457,P1004,91.26
9024630,210537,P1003,240.38
9024631,210573,P1005,16.49
9024632,203474,P1001,195.38
9024633,208841,P1006,156.68
9024634,202974,P1003,120.87
9024635,208771,P1002,101.39
9024636,211945,P1001,128.12
9024637,211609,P1005,66.2
9024638,210998,P1004,115.37
9024639,210985,P1001,70.56
9024640,210885,P1004,111.17
9024641,202555,P1001,339.25
9024642,211180,P1005,183.83
9024643,205748,P1002,68.91
9024644,204002,P1002,103.97
9024645,208938,P1001,76.08
9024646,206474,P1001,75.18
9024647,206566,P1002,8.64
9024648,203109,P1006,7.8
9024649,208573,P1006,115.85
9024650,200220,P1004,52.28
9024651,209455,P1004,75.26
9024652,208419,P1006,59.99
9024653,208894,P1004,114.99
9024654,206804,P1003,10.22
9024655,206933,P1006,192.93
9024656,202774,P1001,52.58
9024657,209863,P1002,102.92
9024658,205387,P1005,195.88
9024659,208942,P1002,46.44
9024660,211887,P1003,115.57
9024661,200600,P1001,114.81
9024662,201051,P1003,248.51
9024663,202861,P1004,252.12
9024664,206564,P1001,90.4
9024665,209400,P1002,165.5
9024666,206458,P1006,129.04
9024667,208321,P1001,93.89
9024668,207918,P1002,32.45
9024669,206996,P1002,107.55
9024670,209949,P1001,177.18
9024671,201437,P1003,163.46
9024672,208172,P1003,29.15
9024673,207899,P1004,3.6
9024674,200912,P1005,21.4
9024675,209844,P1005,26.01
9024676,201926,P1005,89.91
9024677,205642,P1002,42.52
9024678,201014,P1005,126.17
9024679,210589,P1003,190.36
9024680,208222,P1002,136.53
9024681,208910,P1002,54.25
9024682,206196,P1003,26.44
9024683,203026,P1006,130.76
9024684,200947,P1004,198.94
9024685,209193,P1001,46.74
9024686,201681,P1006,73.96
9024687,210349,P1004,37.67
9024688,211936,P1004,134.67
9024689,207372,P1001,36.3
9024690,201166,P1001,168.96
9024691,209452,P1005,34.36
9024692,211224,P1006,63.76
9024693,207088,P1002,117.35
9024694,208795,P1001,104.86
9024695,208161,P1001,78.11
9024696,211912,P1005,130.76
9024697,207673,P1003,43.37
9024698,201586,P1002,78.07
9024699,205204,P1006,177.77
9024700,204767,P1006,139.97
9024701,200638,P1003,38.02
9024702,204810,P1005,61.94
9024703,209884,P1006,99.12
9024704,204361,P1001,59.43
9024705,200405,P1002,40.12
9024706,203315,P1003,119.36
9024707,210551,P1001,90.85
9024708,210326,P1006,65.86
9024709,200805,P1004,107.23
9024710,211944,P1001,111.49
9024711,210505,P1004,83.68
9024712,205006,P1004,80.39
9024713,211791,P1005,57.4
9024714,202557,P1003,133.45
9024715,210641,P1001,137.39
9024716,200905,P1002,177.74
9024717,201781,P1001,225.07
9024718,210937,P1002,11.36
9024719,203480,P1006,8.47
9024720,200107,P1005,91.3
9024721,202665,P1001,179.76
9024722,202425,P1003,130.82
9024723,209814,P1004,26.96
9024724,200965,P1001,53.75
9024725,210037,P1001,64.08
9024726,200629,P1004,45.57
9024727,200238,P1001,77.76
9024728,202272,P1001,82.38
9024729,201659,P1003,78.13
9024730,203705,P1006,19.32
9024731,205410,P1005,53.38
9024732,201676,P1006,41.31
9024733,209194,P1005,243.84
9024734,209557,P1002,47.92
9024735,210674,P1006,114.12
9024736,206432,P1006,64.12
9024737,208213,P1004,29.31
9024738,207673,P1005,13.18
9024739,209482,P1004,155.58
9024740,207221,P1006,75.28
9024741,211459,P1006,47.95
9024742,204358,P1006,80.27
9024743,211908,P1002,50.08
9024744,206281,P1004,70.17
9024745,203541,P1005,260.32
9024746,206722,P1002,32.28
9024747,203574,P1006,28.28
9024748,210125,P1001,209.29
9024749,209875,P1005,67.07
9024750,203427,P1001,34.92
9024751,200492,P1004,310.74
9024752,205883,P1004,88.43
9024753,200671,P1006,75.24
9024754,204417,P1004,109.19
9024755,201109,P1005,42
9024756,209764,P1002,45.59
9024757,210600,P1003,56.02
9024758,210155,P1006,28.82
9024759,210519,P1002,7.32
9024760,200824,P1004,44.19
9024761,202615,P1003,120.19
9024762,204543,P1002,43.64
9024763,205569,P1004,28.76
9024764,200711,P1002,23.47
9024765,206515,P1003,135.89
9024766,206262,P1003,137.89
9024767,211711,P1005,94.8
9024768,200772,P1005,86.83
9024769,208400,P1001,49.37
9024770,207240,P1006,3.89
9024771,203456,P1004,12.89
9024772,208715,P1004,88.55
9024773,203483,P1005,86.46
9024774,202403,P1003,39.24
9024775,204892,P1006,64.44
9024776,208521,P1003,24.74
9024777,202461,P1006,36.58
9024778,210471,P1001,192.56
9024779,209928,P1006,85.28
9024780,211837,P1001,58.93
9024781,211639,P1004,70.81
9024782,205338,P1003,114.51
9024783,200409,P1003,32.98
9024784,205707,P1002,89.76
9024785,209373,P1004,101.43
9024786,208503,P1002,82.6
9024787,201133,P1003,80.81
9024788,201004,P1005,73.43
9024789,206155,P1001,7.35
9024790,205849,P1001,31.74
9024791,204809,P1005,61.64
9024792,205722,P1002,23.85
9024793,200825,P1005,94.39
9024794,209069,P1004,120.23
9024795,203268,P1001,88.14
9024796,203665,P1004,14.09
9024797,205371,P1003,124.73
9024798,204968,P1006,47.42
9024799,208621,P1002,89.03
9024800,204898,P1001,53.76
9024801,203933,P1002,59.31
9024802,200900,P1005,144.23
9024803,201172,P1002,81.02
9024804,209442,P1005,142.54
9024805,209827,P1001,35.72
9024806,205154,P1006,24.71
9024807,203767,P1001,37.72
9024808,201298,P1001,227.78
9024809,209016,P1004,79.93
9024810,203461,P1004,19.1
9024811,202273,P1002,152
9024812,203517,P1004,89.09
9024813,208164,P1002,171.63
9024814,210339,P1003,19.91
9024815,203859,P1001,114.59
9024816,203240,P1006,81.56
9024817,205994,P1004,105.06
9024818,202237,P1004,152.46
9024819,201248,P1002,51.23
9024820,204555,P1003,72.54
9024821,202919,P1005,127.55
9024822,200739,P1004,49.67
9024823,208266,P1003,150.29
9024824,200475,P1002,134.9
9024825,201766,P1001,33.62
9024826,209599,P1002,72.07
9024827,203634,P1002,232.22
9024828,206502,P1006,74.76
9024829,202993,P1003,97.64
9024830,202233,P1005,107.32
9024831,207808,P1004,40.48
9024832,202343,P1005,78.93
9024833,209201,P1001,257.36
9024834,208716,P1006,154.21
9024835,203366,P1006,90.96
9024836,206075,P1001,12.1
9024837,211621,P1005,86.28
9024838,202893,P1002,22.73
9024839,206412,P1003,72.72
9024840,206837,P1004,131.21
9024841,205470,P1006,97.69
9024842,203520,P1001,108.57
9024843,208700,P1002,97.98
9024844,207387,P1003,38.68
9024845,210219,P1006,314.99
9024846,206840,P1003,62.98
9024847,206657,P1006,89.24
9024848,201076,P1005,47.41
9024849,205776,P1002,88.85
9024850,209688,P1002,76.49
9024851,200749,P1001,60.31
9024852,205671,P1004,194.52
9024853,208269,P1002,22.1
9024854,206538,P1005,90.16
9024855,205317,P1005,42.43
9024856,210934,P1004,53.44
9024857,209609,P1005,29.96
9024858,209399,P1005,122.51
9024859,201792,P1004,25.54
9024860,205625,P1005,28.44
9024861,200322,P1002,60.44
9024862,208107,P1005,107.44
9024863,203083,P1005,63.99
9024864,211644,P1003,48.64
9024865,201711,P1001,112.1
9024866,201378,P1003,84.07
9024867,201960,P1001,48.19
9024868,210156,,121.34
9024869,209820,P1004,62.06
9024870,204421,P1002,64.41
9024871,204826,P1002,91.15
9024872,209990,P1003,147.34
9024873,210740,P1003,175.25
9024874,201475,P1003,312.61
9024875,206030,P1003,42.69
9024876,206219,P1005,335.12
9024877,210071,P1006,113.37
9024878,208760,P1006,137.88
9024879,210185,P1001,114.04
9024880,210390,P1005,87.06
9024881,205607,P1003,88.33
9024882,200699,P1005,79.14
9024883,204587,P1001,159.28
9024884,206054,P1001,159.12
9024885,210800,P1003,69.71
9024886,209288,P1006,32.29
9024887,207957,P1002,116.88
9024888,200233,P1004,129.82
9024889,206117,P1004,170.24
9024890,201514,P1003,75.14
9024891,210401,P1001,108.59
9024892,211066,P1006,68.98
9024893,207499,P1004,75.2
9024894,207956,P1004,35.14
9024895,211065,P1001,66.49
9024896,206295,P1001,117.38
9024897,201465,P1004,45.96
9024898,202435,P1003,54.28
9024899,201231,P1006,64.82
9024900,208497,P1004,39.29
9024901,209705,P1003,100.04
9024902,200908,P1005,113.71
9024903,203948,P1005,39.98
9024904,210369,P1005,32.8
9024905,205156,P1002,90.69
9024906,203255,P1006,91
9024907,205863,P1004,99.44
9024908,210999,P1001,106.52
9024909,210783,P1006,44.01
9024910,202632,P1001,105.54
9024911,211326,P1002,29.13
9024912,203065,P1004,132.28
9024913,210525,P1006,83.55
9024914,201291,P1001,46.1
9024915,206050,P1003,52.98
9024916,206616,P1004,130.01
9024917,202598,P1005,133.24
9024918,201827,P1003,140.71
9024919,207504,P1005,17.26
9024920,201183,P1004,54.48
9024921,203765,P1004,134.69
9024922,211046,P1003,161.93
9024923,206674,P1001,52.18
9024924,202313,P1003,71.65
9024925,200989,P1002,375.05
9024926,209582,P1002,82.54
9024927,210994,P1003,346.83
9024928,201357,P1004,207.54
9024929,200499,P1006,100.81
9024930,202552,P1006,19.28
9024931,200336,P1001,55.63
9024932,205715,P1003,114.75
9024933,210249,P1002,124.61
9024934,210924,P1004,56.82
9024935,200568,P1004,96.29
9024936,202729,P1003,104.93
9024937,203399,P1004,75.66
9024938,203486,P1001,168.81
9024939,209541,P1006,226.15
9024940,210267,P1004,197.15
9024941,202512,P1002,72.04
9024942,206296,P1003,16.7
9024943,206828,P1006,84.95
9024944,207221,P1004,57.13
9024945,207255,P1002,90.69
9024946,203045,P1005,124.6
9024947,209018,P1004,28.56
9024948,204120,P1003,57.82
9024949,205687,P1004,111.71
9024950,211193,P1003,26.15
9024951,200304,P1002,174.18
9024952,208055,P1004,83.86
9024953,201563,P1005,90.63
9024954,206847,P1006,171.56
9024955,205943,P1004,35.92
9024956,201408,P1006,47.05
9024957,203210,P1001,39.19
9024958,209435,P1002,134.82
9024959,203207,P1006,15.18
9024960,202775,P1001,12.91
9024961,207755,P1001,121.17
9024962,203832,P1002,21.37
9024963,211448,P1002,99.29
9024964,202080,P1001,88.59
9024965,208135,P1006,157.44
9024966,210068,P1001,63.03
9024967,206593,P1001,18.63
9024968,202703,P1004,112.76
9024969,209916,P1006,42.44
9024970,202689,P1005,24.59
9024971,211599,P1005,96.04
9024972,206355,P1006,27.29
9024973,207541,P1003,99.81
9024974,209597,P1002,123.43
9024975,205825,P1005,72.69
9024976,201450,P1003,11.81
9024977,206835,P1003,10.67
9024978,201019,P1006,37.55
9024979,205574,P1003,149.99
9024980,208858,P1005,21.36
9024981,206142,P1004,72.63
9024982,201141,P1005,27.39
9024983,209225,P1004,204.75
9024984,207429,P1003,78.69
9024985,207158,P1005,33.97
9024986,209489,P1006,26.43
9024987,204585,P1002,120.83
9024988,209633,P1005,208.15
9024989,207386,P1004,85.34
9024990,204690,P1002,17.35
9024991,207345,P1003,86.3
9024992,209865,P1003,186.56
9024993,202329,P1006,40.45
9024994,204639,P1001,152.37
9024995,210687,P1005,78.49
9024996,211793,P1005,227.12
9024997,204647,P1003,253.97
9024998,200927,P1002,85.38
9024999,201289,P1003,53.38
9025000,206505,P1003,135.68
9025001,200013,P1002,85.92
9025002,211635,P1006,180.22
9025003,208174,P1006,44.16
9025004,201067,P1004,64.99
9025005,203536,P1002,67.35
9025006,210899,P1005,189.67
9025007,200780,P1005,61.72
9025008,211803,P1001,30.38
9025009,204723,P1003,35.35
9025010,209038,P1002,171.41
9025011,208979,P1005,143.62
9025012,203980,P1003,41.37
9025013,209189,P1006,22.29
9025014,205959,P1005,58.42
9025015,203956,P1002,130.03
9025016,202843,P1004,81.98
9025017,206261,P1001,105.07
9025018,206685,P1003,38.71
9025019,209777,P1005,61.15
9025020,211025,P1001,168.02
9025021,208887,P1006,171.52
9025022,204037,P1003,61.17
9025023,205293,P1005,198.94
9025024,202600,P1006,237.27
9025025,203787,P1001,240.72
9025026,209661,P1005,187.05
9025027,203908,P1003,42.49
9025028,208502,P1003,146.63
9025029,208514,P1002,199.85
9025030,202787,P1006,55.48
9025031,200654,P1006,89.46
9025032,207584,P1001,48.45
9025033,210542,P1001,103.86
9025034,204161,P1006,38.27
9025035,202045,P1005,27.11
9025036,206848,P1004,100.25
9025037,201245,P1003,70.52
9025038,202105,P1003,64.29
9025039,203031,P1004,111.73
9025040,206190,P1001,32.61
9025041,202099,P1001,85.71
9025042,210085,P1006,102.69
9025043,211675,P1006,154.81
9025044,206269,P1003,149.44
9025045,205737,P1004,108.5
9025046,209207,P1001,47.03
9025047,203952,P1003,128.64
9025048,210290,P1003,134.23
9025049,202761,P1001,29.27
9025050,210005,P1003,159.31
9025051,202863,P1005,70.03
9025052,211913,P1001,0
9025053,205458,P1005,59.77
9025054,202425,P1003,24.65
9025055,207130,P1003,326.36
9025056,205043,P1001,33.42
9025057,204477,P1003,28.71
9025058,208331,P1004,115.78
9025059,202018,P1002,38.43
9025060,200363,P1001,39.56
9025061,203334,P1005,188.75
9025062,211458,P1006,117.47
9025063,201758,P1005,159.13
9025064,211333,P1006,76.89
9025065,208963,P1001,107.81
9025066,204964,P1005,198.94
9025067,204373,P1001,123.69
9025068,210180,P1004,99.95
9025069,210249,P1005,23.61
9025070,206674,P1002,217.59
9025071,205978,P1004,85.9
9025072,209343,P1004,69.31
9025073,205509,P1002,183.76
9025074,205518,P1001,171.6
9025075,200611,P1006,69.54
9025076,207919,P1005,106.74
9025077,202047,P1005,103.06
9025078,210189,P1004,19.11
9025079,203360,P1003,209.04
9025080,202926,P1002,70.21
9025081,205039,P1001,44.29
9025082,206557,P1003,131.89
9025083,202838,P1006,47.5
9025084,205250,P1003,65.25
9025085,211782,P1004,48.89
9025086,210499,P1006,138.27
9025087,211770,P1006,81.1
9025088,211923,P1006,186.7
9025089,208800,P1006,53.12
9025090,207445,P1005,20.37
9025091,207105,P1002,37.1
9025092,209674,P1006,104.79
9025093,203341,P1001,10.93
9025094,210416,P1001,85
9025095,205187,P1005,60.38
9025096,202462,P1003,137.11
9025097,210235,P1004,41.95
9025098,204734,P1002,64.3
9025099,210873,P1006,42.82
9025100,203362,P1003,141.57
9025101,207274,P1001,119.2
9025102,206759,P1004,85.12
9025103,209566,P1002,66.47
9025104,209969,P1003,81.49
9025105,201322,P1002,71.99
9025106,204794,P1004,90.71
9025107,208774,P1001,290.61
9025108,203473,P1003,50.17
9025109,206991,P1005,70.81
9025110,204081,P1005,63.04
9025111,210702,P1001,117.92
9025112,201847,P1004,54.87
9025113,203487,P1002,23.66
9025114,204726,P1004,169.26
9025115,201289,P1006,22.81
9025116,211507,P1003,25.85
9025117,210263,P1003,127.63
9025118,207117,P1006,58.79
9025119,209540,P1002,138.32
9025120,211200,P1006,159.46
9025121,210405,P1001,115.86
9025122,205550,P1004,103.3
9025123,209014,P1005,9.59
9025124,207660,P1002,86.06
9025125,208087,P1002,97.59
9025126,211215,P1004,110.55
9025127,201508,P1004,12.88
9025128,205642,P1006,62.04
9025129,204874,P1004,35.03
9025130,201518,P1006,155.03
9025131,210908,P1001,54.37
9025132,203519,P1006,16.79
9025133,203964,P1005,26.77
9025134,204241,P1004,82.86
9025135,210872,P1004,147.03
9025136,210069,P1004,88.04
9025137,202564,P1004,150.96
9025138,207521,P1001,36.92
9025139,204955,P1006,56.79
9025140,208549,P1002,161.78
9025141,206421,P1005,59.63
9025142,204396,P1001,226.73
9025143,206913,P1002,30.68
9025144,211398,P1001,84.86
9025145,208847,P1003,17.59
9025146,207842,P1002,87.47
9025147,201628,P1006,72.91
9025148,210853,P1004,76.53
9025149,201245,P1003,107.48
9025150,205335,P1006,54.51
9025151,202876,P1002,75.81
9025152,201742,P1003,85.03
9025153,203103,P1006,36.82
9025154,202696,P1001,64.18
9025155,203398,P1001,159.75
9025156,204781,P1005,121.65
9025157,208322,P1004,162.82
9025158,202743,P1002,100.51
9025159,201906,P1006,1.07
9025160,201783,P1006,73.2
9025161,210870,P1005,283.08
9025162,202270,P1004,14.51
9025163,201193,P1001,123.85
9025164,201583,P1003,108.71
9025165,200533,P1006,145.36
9025166,204489,P1003,150.17
9025167,200601,P1001,161.57
9025168,206974,P1002,102.38
9025169,206065,P1004,38.6
9025170,209192,P1006,49.34
9025171,205361,P1005,187.26
9025172,211638,P1004,110.86
9025173,201175,P1003,100.8
9025174,208323,P1005,122.74
9025175,204103,P1002,73.73
9025176,205119,P1003,133.67
9025177,204386,P1001,61.21
9025178,200614,P1001,71.06
9025179,201661,P1003,13.45
9025180,209590,P1003,24.22
9025181,210734,P1003,39.53
9025182,211370,,88.85
9025183,210084,P1001,68.82
9025184,200183,P1004,167.17
9025185,205981,P1006,242.28
9025186,211497,P1006,62.12
9025187,200060,P1006,91.22
9025188,202906,P1006,16.72
9025189,202320,P1006,72.71
9025190,205547,P1005,55.05
9025191,207461,P1004,57.97
9025192,200699,P1003,27.05
9025193,200479,P1001,150.72
9025194,210675,P1003,65.94
9025195,204240,P1001,58.09
9025196,201276,P1005,33.58
9025197,205317,P1004,168.77
9025198,210593,P1006,35.04
9025199,209396,P1005,31.62
9025200,207457,P1002,39.75
9025201,201342,P1001,108.06
9025202,202370,P1002,76.75
9025203,205531,P1006,80.12
9025204,209061,P1006,105.29
9025205,207878,P1001,21.92
9025206,202781,P1004,63.44
9025207,209551,P1004,28.51
9025208,200690,P1003,65.26
9025209,203742,P1001,47.2
9025210,200886,P1003,83.62
9025211,202872,P1001,293.16
9025212,208334,P1002,54.44
9025213,201832,P1002,73.23
9025214,204036,P1001,157.2
9025215,210078,P1005,34.64
9025216,210942,P1004,59.15
9025217,208719,P1003,67.06
9025218,201978,P1005,26.94
9025219,209747,P1006,64.1
9025220,206291,P1002,116.24
9025221,206533,P1002,45.96
9025222,206951,P1001,145.55
9025223,201554,P1004,24.56
9025224,203766,P1001,101.22
9025225,207310,P1006,146.33
9025226,205932,P1003,116.44
9025227,211532,P1005,38.17
9025228,210941,P1006,231.97
9025229,204720,P1003,93.97
9025230,207804,P1006,81.62
9025231,202353,P1003,83.77
9025232,200353,P1004,110.15
9025233,202901,P1006,365.65
9025234,201833,P1001,90.39
9025235,206942,P1002,225.97
9025236,206728,P1006,46.99
9025237,202132,P1004,71.47
9025238,202948,P1004,77.93
9025239,209482,P1002,75.07
9025240,205076,P1001,112.22
9025241,205124,P1004,155.83
9025242,206947,P1005,64.98
9025243,200370,P1005,81.17
9025244,200441,P1003,162.59
9025245,200783,P1003,25.36
9025246,203653,P1002,6.72
9025247,202027,P1001,104.15
9025248,204466,P1002,49.5
9025249,200206,P1003,71.83
9025250,208588,P1004,308.12
9025251,204458,P1003,18.09
9025252,204452,P1004,183.41
9025253,204800,P1003,115.34
9025254,201868,P1001,33.94
9025255,202630,P1001,60.88
9025256,202222,P1006,92.12
9025257,201425,P1001,90.96
9025258,201968,P1001,148.21
9025259,200476,P1004,198.64
9025260,206017,P1004,69.06
9025261,201047,P1006,142.12
9025262,207100,P1005,143.6
9025263,211599,P1003,135.02
9025264,210057,P1003,75.02
9025265,210884,P1004,111.08
9025266,203294,P1001,66.83
9025267,205313,P1002,33.04
9025268,203127,P1004,199.57
9025269,206503,P1005,29
9025270,204324,P1001,42.25
9025271,208237,P1006,175.05
9025272,210521,P1003,26.99
9025273,209164,P1002,106.5
9025274,203306,P1001,184.54
9025275,208790,P1003,126.39
9025276,201852,P1005,162.7
9025277,203459,P1006,91.22
9025278,208486,P1003,54.29
9025279,202926,P1002,122.72
9025280,210497,P1004,61.34
9025281,202823,P1002,49.73
9025282,204684,P1006,98.42
9025283,210633,P1006,57.75
9025284,210963,P1004,134.89
9025285,201782,P1005,126.53
9025286,206639,P1003,100.72
9025287,202872,P1004,200.57
9025288,208535,P1004,81.3
9025289,202359,P1002,161.27
9025290,211911,P1001,54.53
9025291,206627,P1003,118.19
9025292,201616,P1006,103.73
9025293,207884,P1002,254.48
9025294,200671,P1006,84.82
9025295,206079,P1005,40.7
9025296,207182,P1004,297.39
9025297,203467,P1005,37.95
9025298,201308,P1002,38.7
9025299,208149,P1006,44.65
9025300,207869,P1006,57.93
9025301,204134,P1006,51.23
9025302,200019,P1001,96.8
9025303,210696,P1003,5.3
9025304,204935,P1006,84.25
9025305,204542,P1005,82.47
9025306,200425,P1001,60.34
9025307,208293,P1002,103.26
9025308,203032,P1002,250.57
9025309,204452,P1002,252.04
9025310,209385,P1004,81.99
9025311,201484,P1006,131.84
9025312,203036,P1003,95.73
9025313,200273,P1006,181.04
9025314,203242,P1005,141.9
9025315,207681,P1004,67.35
9025316,206075,P1003,158.65
9025317,202109,P1001,20.23
9025318,200947,P1001,144.51
9025319,201395,P1005,70.2
9025320,202865,P1001,13.69
9025321,202941,P1005,79.42
9025322,205233,P1005,278.1
9025323,206716,P1001,89.69
9025324,208390,P1004,58.16
9025325,210232,P1002,102.45
9025326,207344,P1006,62.96
9025327,200012,P1004,77.49
9025328,206949,P1004,59.18
9025329,207774,P1001,101.68
9025330,203451,P1002,98.18
9025331,204342,P1001,121.69
9025332,203722,P1004,49.66
9025333,208712,P1005,73.68
9025334,210970,P1006,270.79
9025335,200063,P1006,20.1
9025336,209107,P1005,182.56
9025337,201587,P1005,340.03
9025338,211698,P1002,171.75
9025339,203008,P1003,78.52
9025340,205366,P1003,76.83
9025341,207387,P1002,22.17
9025342,200797,P1004,213.78
9025343,207854,P1006,100.61
9025344,204788,P1006,60.62
9025345,211389,,157.14
9025346,211018,P1005,87.12
9025347,209728,P1002,122.17
9025348,200633,P1001,35.91
9025349,203785,P1002,67.05
9025350,202464,P1003,45.49
9025351,201706,P1001,32.88
9025352,209316,P1004,90.21
9025353,208089,P1001,125.05
9025354,202115,P1001,82.19
9025355,203076,P1004,69.93
9025356,211192,P1003,102.45
9025357,211065,P1005,92.36
9025358,203208,P1003,74.84
9025359,210744,P1006,114.88
9025360,211109,P1003,72.93
9025361,211920,P1001,65.07
9025362,206921,P1006,127.19
9025363,200347,P1002,172.14
9025364,207848,P1004,205.14
9025365,210306,P1004,86.09
9025366,204674,P1005,61.56
9025367,208639,P1001,100.51
9025368,207082,P1002,134.82
9025369,211248,P1005,154.18
9025370,206307,P1006,81.92
9025371,206482,P1004,217.98
9025372,209661,P1003,54.96
9025373,207110,P1005,34.45
9025374,201758,P1005,100.93
9025375,208934,P1006,45.15
9025376,211946,P1001,45.68
9025377,206559,P1004,98.02
9025378,204267,P1001,14.92
9025379,209854,P1002,233.73
9025380,203894,P1004,22.35
9025381,208725,P1006,74.99
9025382,207856,P1001,41.74
9025383,211590,P1003,178.51
9025384,208910,P1005,128.36
9025385,208470,P1006,55.49
9025386,208968,P1006,91.13
9025387,209915,P1002,76.92
9025388,210787,P1001,17.57
9025389,211769,P1001,44.36
9025390,203645,P1006,69.25
9025391,203638,P1003,125.13
9025392,205560,P1003,41.37
9025393,205328,P1001,78.53
9025394,201432,P1005,81.83
9025395,203673,P1001,159.74
9025396,203934,P1006,50.78
9025397,200811,P1006,31.11
9025398,204626,P1004,51
9025399,200230,P1003,113.2
9025400,209723,P1003,170.73
9025401,204892,P1004,51.44
9025402,209118,P1003,74.49
9025403,209906,P1001,80.96
9025404,208312,P1001,76.41
9025405,203876,P1002,59.78
9025406,207426,P1003,116.56
9025407,206743,P1003,97.1
9025408,206808,P1006,44.52
9025409,209192,P1001,23.71
9025410,207641,P1006,58.37
9025411,202009,P1003,122.98
9025412,201290,P1004,60.71
9025413,206852,P1006,138.25
9025414,202205,P1003,82.47
9025415,204817,P1003,53.46
9025416,203059,P1004,304.39
9025417,201079,P1003,46.87
9025418,205421,P1005,146.16
9025419,204398,P1005,108.32
9025420,208693,P1001,62.37
9025421,205070,P1002,56.4
9025422,204548,P1006,175.42
9025423,209630,P1001,200.01
9025424,200466,P1005,120.6
9025425,202899,P1004,57.12
9025426,202607,P1003,43.86
9025427,205924,P1004,18.2
9025428,207339,P1005,36.02
9025429,203335,P1003,80
9025430,210202,P1003,115.22
9025431,200829,P1004,42.26
9025432,207746,P1003,79.56
9025433,201387,P1005,296.49
9025434,206139,P1001,167.99
9025435,205362,P1001,223.28
9025436,211446,P1005,104.71
9025437,202303,P1006,141.83
9025438,210301,P1005,107.72
9025439,204766,P1003,184.97
9025440,210441,P1001,76.97
9025441,207635,P1002,212.13
9025442,203726,P1004,126.77
9025443,211859,P1002,130.31
9025444,204543,P1006,492.56
9025445,208483,P1001,44.57
9025446,205185,P1003,97.31
9025447,204532,P1001,132.11
9025448,204903,P1004,92.42
9025449,209555,P1006,140.52
9025450,208485,P1001,37.96
9025451,209821,P1005,33.88
9025452,209719,P1006,47.58
9025453,203430,P1006,102.11
9025454,206182,P1005,132.2
9025455,205052,P1003,128.02
9025456,207180,P1003,103.14
9025457,201481,P1004,17.96
9025458,209336,P1001,146.24
9025459,210021,P1002,123.81
9025460,201997,P1005,38.73
9025461,201144,P1005,5.43
9025462,211695,P1003,141.7
9025463,202298,P1002,44.18
9025464,202675,P1005,147.89
9025465,201160,P1003,17.85
9025466,210679,P1002,68.83
9025467,202049,P1003,43.9
9025468,208564,P1003,45.05
9025469,209302,P1004,113.35
9025470,210794,P1005,54.47
9025471,203063,P1006,59.41
9025472,205306,P1001,44.1
9025473,209109,P1004,176.71
9025474,210809,P1002,363.97
9025475,209354,P1003,58.24
9025476,202292,P1004,155.28
9025477,205855,P1003,147.62
9025478,206315,P1004,111.39
9025479,210561,P1003,33.78
9025480,200827,P1006,93.43
9025481,202915,P1002,62.01
9025482,204482,P1004,24.82
9025483,202018,P1002,133.51
9025484,206822,P1003,45.06
9025485,203941,P1002,113.29
9025486,206329,P1003,45.98
9025487,200027,P1004,162.48
9025488,210813,P1003,58.13
9025489,206226,P1006,49.6
9025490,204028,P1002,52.72
9025491,206975,P1002,228.93
9025492,204112,P1003,116.7
9025493,201177,P1006,179.43
9025494,207677,P1004,30.18
9025495,210628,P1006,32.9
9025496,204461,P1006,88.64
9025497,211421,P1004,69.59
9025498,208961,P1002,122.66
9025499,204144,P1003,29.32
9025500,202264,P1004,39.87
9025501,206701,P1003,139.45
9025502,209412,P1004,145.17
9025503,200755,P1006,33.41
9025504,209063,P1003,44.42
9025505,210555,P1006,31.41
9025506,200348,P1006,69.29
9025507,201366,P1002,59.68
9025508,210010,P1003,113.86
9025509,208783,P1004,72.4
9025510,207743,P1005,44.31
9025511,201606,P1005,119.14
9025512,208866,P1002,34.51
9025513,204503,P1004,91.88
9025514,206611,P1003,2.88
9025515,202134,P1003,64.75
9025516,211756,,81.54
9025517,209594,P1002,109.79
9025518,200901,P1006,113.24
9025519,208951,P1004,32.88
9025520,211571,P1004,157.2
9025521,201152,P1005,77.27
9025522,200051,P1004,33.54
9025523,203267,P1003,39.29
9025524,203056,P1003,154.29
9025525,206627,P1002,197.01
9025526,210982,P1003,95.32
9025527,208541,P1002,58.87
9025528,202539,P1004,47.94
9025529,209668,P1001,70.63
9025530,204723,P1001,182.25
9025531,201251,P1002,147.15
9025532,208579,P1006,29.34
9025533,204043,P1005,111.23
9025534,201893,P1004,28.72
9025535,207026,P1002,104.02
9025536,202388,P1001,31.4
9025537,211653,P1001,73.65
9025538,209553,P1002,78.06
9025539,210657,P1005,132.43
9025540,206894,P1003,116.81
9025541,209937,P1001,89.82
9025542,208572,P1004,76
9025543,209272,P1006,222.2
9025544,210838,P1006,176.8
9025545,201818,P1003,94.48
9025546,210769,P1003,4.38
9025547,204006,P1003,69.22
9025548,207629,P1001,69.45
9025549,203548,P1003,56.37
9025550,200830,P1004,284.55
9025551,204016,P1002,118.42
9025552,204179,P1004,62.27
9025553,204055,P1002,111.51
9025554,208281,P1001,54.77
9025555,209564,P1005,135.57
9025556,209712,P1003,305.93
9025557,201523,P1004,130.18
9025558,200354,P1005,39.17
9025559,200462,P1003,141.8
9025560,210716,P1003,186.87
9025561,203604,P1002,79.88
9025562,211198,P1001,102.11
9025563,210607,P1006,218.66
9025564,206516,P1005,170.93
9025565,209800,P1002,243.14
9025566,209536,P1002,109.03
9025567,210945,P1005,85.46
9025568,206482,P1005,193.11
9025569,200909,P1003,127.55
9025570,208767,P1005,29.24
9025571,204906,P1004,78.9
9025572,203969,P1003,295.01
9025573,204380,P1002,52.03
9025574,209021,P1005,89.66
9025575,204882,P1002,147.18
9025576,206660,P1004,80.05
9025577,206984,P1001,59.91
9025578,203121,P1003,9.82
9025579,200343,P1002,156.01
9025580,206822,P1006,72.29
9025581,205374,P1002,87.31
9025582,208860,P1005,89.43
9025583,200826,P1005,43.92
9025584,210471,P1003,121.38
9025585,211427,P1002,84.02
9025586,201842,P1006,159.36
9025587,205857,P1006,9.75
9025588,211675,P1001,163.55
9025589,203595,P1006,237.22
9025590,204252,P1005,51
9025591,206156,P1004,224.95
9025592,206369,P1001,5.94
9025593,204421,P1005,48.71
9025594,206700,P1004,116.78
9025595,205901,P1001,179.88
9025596,211539,P1001,117.6
9025597,209261,P1002,214.39
9025598,209406,P1002,158.07
9025599,211220,P1004,105.05
9025600,203124,P1002,219.65
9025601,200704,P1002,50.27
9025602,201803,P1002,147.17
9025603,209755,P1004,85.86
9025604,209528,P1006,119.88
9025605,205502,P1001,145.1
9025606,208335,P1004,42.9
9025607,206918,P1006,238.47
9025608,200893,P1006,62.26
9025609,209802,P1001,54.76
9025610,206224,P1003,153.4
9025611,201578,P1006,52.27
9025612,200013,P1002,71.24
9025613,207308,P1006,104.47
9025614,211758,P1003,164.84
9025615,209116,P1001,236.64
9025616,200513,P1005,237.47
9025617,211174,P1002,69.14
9025618,208489,P1003,93.77
9025619,202100,P1003,61.3
9025620,200700,P1006,63.6
9025621,200413,P1002,76.94
9025622,202343,P1002,166.05
9025623,209552,P1003,260.76
9025624,205910,P1001,104.54
9025625,202257,P1004,84.61
9025626,201098,P1006,56.98
9025627,202661,P1005,143.35
9025628,205216,P1003,75.26
9025629,205121,P1001,104.4
9025630,211627,P1001,76.27
9025631,201096,P1004,111.81
9025632,201647,P1005,58.8
9025633,210813,P1002,24.01
9025634,208842,P1005,83.2
9025635,209624,P1005,251.25
9025636,201775,P1004,86.94
9025637,200393,P1004,143.05
9025638,210139,P1005,212.69
9025639,208212,P1004,236.25
9025640,208184,P1006,69.02
9025641,204171,P1001,26.77
9025642,204553,P1002,48.91
9025643,204169,P1002,62.65
9025644,200651,P1005,85.51
9025645,211007,P1004,15.73
9025646,207240,P1001,32.4
9025647,200961,P1002,62.51
9025648,202207,P1003,172.38
9025649,202006,P1003,79.63
9025650,210891,P1003,111.51
9025651,202532,P1005,97.18
9025652,206394,P1001,87.53
9025653,200042,P1002,24.3
9025654,207265,P1003,104.32
9025655,211818,P1006,158.27
9025656,208908,P1001,28.23
9025657,204712,P1003,184.42
9025658,207249,P1005,107.99
9025659,211710,P1005,170.96
9025660,205065,P1005,86.78
9025661,210378,P1004,57.33
9025662,211900,P1006,274.1
9025663,200922,P1006,67.92
9025664,205268,P1006,20.64
9025665,208513,P1006,106.95
9025666,200348,P1004,173.44
9025667,208246,P1003,92.74
9025668,207985,P1003,38.31
9025669,211690,P1005,51.88
9025670,207397,P1005,25.24
9025671,209839,P1004,135.44
9025672,205119,P1002,196.27
9025673,209466,P1003,39.17
9025674,206490,P1004,237.42
9025675,208992,P1001,48.41
9025676,202487,P1002,63.27
9025677,202275,P1003,131
9025678,210678,P1004,152.89
9025679,209676,P1003,61.07
9025680,201037,P1003,8.66
9025681,209439,P1004,198.97
9025682,207430,P1001,55.52
9025683,209045,P1005,75.46
9025684,208688,P1005,82.74
9025685,207665,P1005,58.3
9025686,208039,P1006,111.92
9025687,206232,P1002,29.71
9025688,208392,P1004,165.68
9025689,201347,P1001,225.26
9025690,205527,P1003,49.27
9025691,210315,P1003,116.72
9025692,210966,P1006,26.23
9025693,206762,P1001,27.98
9025694,201091,P1005,74.09
9025695,202368,P1003,67.92
9025696,201042,P1005,18.03
9025697,207300,P1003,52.46
9025698,207180,P1006,52.45
9025699,202042,P1006,119.44
9025700,200568,P1005,65.84
9025701,211770,P1005,63.93
9025702,208789,P1004,64.41
9025703,205843,P1001,22.04
9025704,206913,P1003,80.11
9025705,204372,P1003,63.43
9025706,208881,P1001,238.35
9025707,204497,P1006,98.46
9025708,202972,P1002,69.81
9025709,203091,P1006,8.15
9025710,209004,P1001,126.51
9025711,209835,P1002,124.53
9025712,203542,P1006,61.54
9025713,203104,P1006,113.61
9025714,206458,P1003,45.19
9025715,203509,P1004,31.99
9025716,205204,P1005,173.51
9025717,208773,P1004,170.09
9025718,205982,P1005,18.72
9025719,209482,P1004,95.8
9025720,207794,P1003,48.53
9025721,202299,P1004,67.47
9025722,208720,P1004,150.17
9025723,209712,P1002,18.55
9025724,204949,P1006,153.24
9025725,202760,P1005,8.57
9025726,210414,P1003,66.27
9025727,211555,P1006,93.59
9025728,202361,P1003,88.21
9025729,207426,P1004,203.01
9025730,202198,P1003,89.3
9025731,207249,P1004,161.61
9025732,201888,P1005,74.17
9025733,208673,P1005,58.05
9025734,208328,P1006,23.79
9025735,209633,P1005,141.7
9025736,207040,P1006,76.97
9025737,207228,P1002,73.57
9025738,204684,P1001,85.5
9025739,208232,P1004,269.78
9025740,209650,P1001,27.43
9025741,206729,P1003,26.08
9025742,211009,P1003,39.57
9025743,202752,P1005,125.79
9025744,207205,P1003,19.95
9025745,203857,P1002,175.58
9025746,210405,P1006,117.6
9025747,201656,P1003,102.88
9025748,202457,P1006,71.53
9025749,206484,P1001,171.89
9025750,206098,P1002,28.01
9025751,208124,P1004,152.75
9025752,211596,P1003,11.43
9025753,209689,P1005,29.94
9025754,210504,P1003,77.91
9025755,210276,P1001,31.57
9025756,208285,P1002,22.55
9025757,203952,P1006,77.69
9025758,210511,P1003,111.22
9025759,202110,P1003,140.73
9025760,203964,P1002,37.63
9025761,208363,P1005,18.49
9025762,209158,P1003,41.93
9025763,211431,P1003,168.35
9025764,211425,P1002,147.84
9025765,200423,P1005,34.47
9025766,201779,P1003,124.07
9025767,209888,P1006,131.19
9025768,201656,P1004,135.06
9025769,209402,P1002,127.86
9025770,201946,P1005,244.25
9025771,205108,P1003,64.21
9025772,200767,P1004,13.69
9025773,207054,P1002,205.79
9025774,200309,P1006,14.21
9025775,208552,P1006,9.17
9025776,208753,P1001,208.36
9025777,200079,P1004,157.71
9025778,202501,P1005,72.4
9025779,211719,P1001,244.16
9025780,211089,P1001,187.34
9025781,205879,P1002,41.54
9025782,202269,P1004,101.59
9025783,208730,P1006,71.17
9025784,207182,P1001,16.95
9025785,200078,P1005,29.43
9025786,211449,P1002,156.21
9025787,200811,P1003,31.95
9025788,202512,P1003,35.2
9025789,203294,P1002,68.41
9025790,208432,P1006,271.76
9025791,206173,P1004,97.59
9025792,207169,P1001,123.59
9025793,207539,P1006,80.47
9025794,210278,P1004,48.55
9025795,200204,P1004,44.46
9025796,206726,P1005,101.29
9025797,203772,P1002,132.88
9025798,200878,P1004,72.41
9025799,208437,P1001,64.76
9025800,205431,P1001,19.07
9025801,208066,P1003,65.91
9025802,211437,P1001,118.12
9025803,204050,P1004,108.35
9025804,200377,P1004,195.36
9025805,207980,P1004,150.59
9025806,211630,P1001,32.5
9025807,202677,P1006,71.98
9025808,208576,P1003,110
9025809,203624,P1001,48.13
9025810,205924,P1002,171.08
9025811,207514,P1005,30.07
9025812,207936,P1005,72.58
9025813,200498,P1006,169.9
9025814,200211,P1005,28.87
9025815,200803,P1003,81.75
9025816,202538,P1005,106.89
9025817,202571,P1002,40.54
9025818,211482,P1001,156.78
9025819,200592,P1006,244.65
9025820,209706,P1001,134.15
9025821,203270,P1001,50.32
9025822,207519,P1006,55.62
9025823,202956,P1006,25.82
9025824,209889,P1005,84.88
9025825,210257,P1002,48.03
9025826,211105,P1002,110.03
9025827,204153,P1004,92.01
9025828,210643,P1006,80.35
9025829,210136,P1002,94.11
9025830,200231,P1004,66.34
9025831,203789,P1004,53.18
9025832,201009,P1001,115.58
9025833,201474,P1006,34.76
9025834,208386,P1004,132.62
9025835,206884,P1003,21.75
9025836,203387,P1005,75.62
9025837,203601,P1005,230.22
9025838,210060,P1003,46.6
9025839,208009,P1002,109.06
9025840,203930,P1002,194.28
9025841,209814,P1006,119.94
9025842,210450,P1001,207.81
9025843,200603,P1002,157
9025844,208068,P1004,22.25
9025845,208069,P1001,38.47
9025846,204880,P1003,80.28
9025847,211058,P1004,86.55
9025848,210161,P1004,21.11
9025849,207458,P1003,133.29
9025850,204864,P1006,41.9
9025851,201106,P1006,29.87
9025852,206660,P1001,31.3
9025853,211220,P1002,58.47
9025854,210831,P1004,53.35
9025855,205428,P1005,108.45
9025856,206787,P1002,215.66
9025857,201686,P1003,45.78
9025858,211630,P1004,93.86
9025859,201179,P1001,6.31
9025860,211259,P1001,26.35
9025861,208817,P1004,21.35
9025862,205943,P1003,145.33
9025863,204385,P1003,73.46
9025864,201279,P1001,157.85
9025865,206248,P1001,84.99
9025866,205506,P1006,263.84
9025867,204315,P1002,195.68
9025868,207384,P1006,25.21
9025869,202568,P1005,55.16
9025870,204387,P1001,56.95
9025871,209992,P1002,46.61
9025872,206918,P1005,262.76
9025873,206410,P1003,119.5
9025874,201780,P1002,84.71
9025875,203344,P1002,118
9025876,202321,P1006,248.72
9025877,201975,P1006,208.46
9025878,211147,P1002,143.52
9025879,201868,P1001,157.68
9025880,202595,P1002,49.84
9025881,202207,P1005,29.66
9025882,208766,P1004,164.21
9025883,210163,P1006,294.08
9025884,202673,P1002,81.93
9025885,203141,P1003,106.91
9025886,200353,P1005,78.28
9025887,209575,P1004,242.33
9025888,211507,P1005,196.4
9025889,203699,P1006,27.73
9025890,200738,P1001,271.09
9025891,201860,P1003,81.04
9025892,210893,P1001,113.8
9025893,200598,P1003,74.89
9025894,200145,P1005,36.74
9025895,206035,P1004,85.42
9025896,202023,P1001,48.09
9025897,203118,P1006,85.59
9025898,210631,P1005,53.62
9025899,210463,P1004,113.96
9025900,211913,P1006,57.3
9025901,211590,P1004,109.09
9025902,206966,P1003,126.65
9025903,210113,P1003,62.16
9025904,206805,P1004,35.86
9025905,202907,P1003,45.33
9025906,207206,P1004,57.24
9025907,210786,P1002,86.44
9025908,200565,P1001,97.06
9025909,206424,P1005,122.1
9025910,201171,P1004,132.33
9025911,210340,P1004,66.75
9025912,206190,P1005,96.91
9025913,210184,P1006,15.51
9025914,204993,P1006,26.75
9025915,201628,P1004,159.18
9025916,206842,P1006,162.29
9025917,202879,P1002,31.87
9025918,200744,P1006,155.93
9025919,200970,P1002,125.09
9025920,201272,P1001,91.31
9025921,200568,P1004,27.81
9025922,202188,P1003,27.45
9025923,202500,P1006,48.36
9025924,208469,P1005,106.67
9025925,200842,P1001,176.72
9025926,210007,P1001,11.63
9025927,210938,P1004,77.67
9025928,210346,P1003,33.5
9025929,200780,P1006,72.79
9025930,206302,P1001,56.43
9025931,210296,P1005,92.4
9025932,209105,P1004,136.37
9025933,210070,P1003,26.82
9025934,208340,P1001,26.79
9025935,209227,P1004,65.9
9025936,206240,P1003,155.09
9025937,208754,P1006,48.63
9025938,207757,P1002,11.89
9025939,202107,P1003,89.23
9025940,209074,P1003,86.8
9025941,205457,P1003,189.55
9025942,204565,P1001,159.1
9025943,206546,P1001,18.36
9025944,203321,P1005,201.37
9025945,200928,P1003,57.04
9025946,206288,P1001,81.83
9025947,206451,P1005,81.38
9025948,202040,P1002,202.44
9025949,210141,P1001,81.21
9025950,207761,P1001,137.67
9025951,211216,P1006,178.83
9025952,210893,P1004,93.25
9025953,204109,P1003,121.52
9025954,202377,P1001,50.61
9025955,207322,P1006,31.63
9025956,207958,P1003,134.58
9025957,206353,P1004,90.97
9025958,202471,P1001,71.58
9025959,202685,P1003,364.31
9025960,207869,P1001,153.44
9025961,205385,P1006,39.34
9025962,208146,P1003,346.38
9025963,201569,P1001,37.56
9025964,211939,P1005,66.17
9025965,211732,P1006,255.96
9025966,211021,P1004,47.39
9025967,203497,P1003,49.68
9025968,201474,P1006,99.49
9025969,204215,P1003,107.07
9025970,201575,P1005,305.25
9025971,203709,P1001,130.31
9025972,211172,P1005,36.83
9025973,210201,P1001,310.43
9025974,200060,P1004,71.52
9025975,211447,P1003,30.54
9025976,211383,P1006,127.91
9025977,201952,P1005,80.51
9025978,206210,P1004,196.99
9025979,210788,P1003,92.57
9025980,202408,P1006,63.44
9025981,206461,P1006,134.17
9025982,203759,P1006,15.46
9025983,200056,P1004,97.73
9025984,209874,P1004,212.55
9025985,202213,P1006,110.99
9025986,208411,P1004,29.21
9025987,205113,P1001,42.96
9025988,211714,P1004,22.68
9025989,202917,P1003,40.97
9025990,210172,P1006,105.98
9025991,202538,P1002,70.72
9025992,200146,P1002,26.12
9025993,205732,P1005,37.99
9025994,206694,P1002,140
9025995,207705,P1002,59.53
9025996,206463,P1001,72.42
9025997,201068,P1002,204.18
9025998,208596,P1004,129.58
9025999,205123,P1001,86.39
9026000,211105,P1001,28.62
9026001,207932,P1004,161.47
9026002,208207,P1001,32.1
9026003,210593,P1003,87.59
9026004,208967,P1001,66.37
9026005,202984,P1005,40.06
9026006,210416,P1002,94.32
9026007,207055,P1004,79.6
9026008,201709,P1003,29.31
9026009,201515,P1002,145.45
9026010,205489,P1001,98.42
9026011,203989,P1003,79.18
9026012,209741,P1006,159.14
9026013,205496,P1006,181.58
9026014,209308,P1004,67.56
9026015,206576,P1001,131.73
9026016,204547,P1005,60.86
9026017,204180,P1001,10.84
9026018,208454,P1001,103.1
9026019,209528,P1004,41.2
9026020,210841,P1005,192.87
9026021,209917,P1006,50.92
9026022,211118,P1003,46.38
9026023,202847,P1005,32.06
9026024,200210,P1006,93.61
9026025,209727,P1006,161.8
9026026,200370,P1002,165.7
9026027,201923,P1004,347.83
9026028,205257,P1005,37.57
9026029,206874,P1001,124.9
9026030,210344,P1002,157.32
9026031,210635,P1001,126.51
9026032,202318,P1005,73.64
9026033,206693,P1002,46.37
9026034,202290,P1003,72.21
9026035,205783,P1003,30.75
9026036,200354,P1005,67.39
9026037,208971,P1003,103
9026038,205501,P1004,61.82
9026039,208378,P1006,36.85
9026040,209561,P1004,258.6
9026041,206613,P1002,39.89
9026042,208820,P1003,49.74
9026043,208911,P1006,143.17
9026044,203776,P1003,80.61
9026045,207957,P1001,37.04
9026046,210680,P1004,39.8
9026047,211950,P1004,65.79
9026048,209646,P1005,208.05
9026049,200823,P1003,12.88
9026050,200770,P1006,124.48
9026051,211856,P1004,304.56
9026052,205838,P1005,55.05
9026053,208320,P1005,198.65
9026054,201877,P1005,123.8
9026055,207486,P1002,27.5
9026056,208580,P1002,102.42
9026057,200518,P1005,51.78
9026058,201268,P1003,135.23
9026059,200789,P1002,75.01
9026060,200815,P1006,78.7
9026061,204451,P1001,60.87
9026062,201960,P1001,43.75
9026063,210878,P1003,121.95
9026064,208094,P1003,207.07
9026065,210430,P1005,106.02
9026066,202602,P1003,104.24
9026067,211495,P1003,138.59
9026068,201789,P1004,24.78
9026069,204842,P1004,51.92
9026070,200564,P1006,179.81
9026071,201269,P1001,157.39
9026072,205312,P1004,22.87
9026073,200415,P1005,30.48
9026074,210692,P1002,193.23
9026075,204505,P1001,96.98
9026076,201896,P1002,53.31
9026077,211411,P1004,16.13
9026078,206587,P1004,202.81
9026079,210914,P1004,78.1
9026080,205596,P1001,111.66
9026081,207198,P1006,72.76
9026082,208574,P1003,148.54
9026083,208981,P1003,70.97
9026084,207057,P1003,73.38
9026085,200040,P1003,110.44
9026086,203182,P1004,63.24
9026087,201681,P1001,94.14
9026088,205743,P1006,154.88
9026089,203390,P1005,229.17
9026090,206656,P1002,132.08
9026091,204332,P1003,80.92
9026092,204751,P1005,299.03
9026093,211286,P1006,50.07
9026094,207562,P1005,307.07
9026095,207552,P1003,42.69
9026096,204825,P1004,261.63
9026097,201317,P1002,111.53
9026098,205388,P1001,131.96
9026099,203340,P1002,91.23
9026100,208856,P1005,104.39
9026101,210879,P1004,117.61
9026102,210763,P1004,128.38
9026103,200069,P1006,71.65
9026104,201207,P1006,14.03
9026105,204518,P1005,235.87
9026106,200098,P1005,27.41
9026107,201737,P1005,71.24
9026108,209353,P1001,183.95
9026109,208402,P1006,90.15
9026110,205832,P1004,139.82
9026111,209921,P1006,172.13
9026112,204369,P1005,189.99
9026113,202630,P1003,169.67
9026114,209407,P1001,33.08
9026115,203897,P1001,8.47
9026116,211774,P1003,75.86
9026117,205570,P1001,75.49
9026118,200766,P1002,30.21
9026119,205400,P1002,176.03
9026120,201811,P1001,238.25
9026121,200894,P1001,108.44
9026122,201217,P1006,98.48
9026123,202978,P1003,56.44
9026124,210527,P1001,102.13
9026125,201310,P1004,204.04
9026126,209246,P1005,40.98
9026127,209568,P1003,40.17
9026128,211597,P1003,116.75
9026129,203084,P1005,21.84
9026130,203923,P1006,144.56
9026131,200984,P1006,42.67
9026132,211668,P1001,31.36
9026133,206893,P1001,155.74
9026134,209615,P1002,133.86
9026135,207789,P1004,62.49
9026136,200588,P1002,95.71
9026137,200148,P1005,114.04
9026138,205955,P1004,111.89
9026139,205990,P1004,160.05
9026140,201621,P1003,215.08
9026141,202926,P1006,16.24
9026142,204799,P1003,48.51
9026143,206143,P1001,92.65
9026144,202659,P1001,91.81
9026145,200371,P1005,73.6
9026146,203690,P1006,128.85
9026147,206839,P1001,111.42
9026148,201987,P1005,59.49
9026149,208691,P1004,122.45
9026150,208619,P1006,282.02
9026151,203420,P1003,70.33
9026152,201024,P1005,82.94
9026153,200348,P1003,90.98
9026154,204834,P1001,147.33
9026155,204289,P1004,174.89
9026156,210526,P1006,76.31
9026157,203933,P1005,9.01
9026158,201746,P1006,150.7
9026159,202231,P1001,51.25
9026160,211734,P1006,6.91
9026161,202936,P1005,86.9
9026162,207327,P1004,47.63
9026163,211758,P1001,64.24
9026164,209096,P1005,61.12
9026165,203730,P1002,266.99
9026166,200478,P1005,143.89
9026167,207562,P1006,69.72
9026168,209358,P1005,23.1
9026169,201535,P1005,110.64
9026170,202635,P1006,68.34
9026171,201808,P1003,67.73
9026172,203118,P1006,225.05
9026173,202053,P1001,209.18
9026174,205973,P1005,290.99
9026175,205751,P1002,21.06
9026176,208932,P1001,136.65
9026177,205543,P1006,56.38
9026178,208834,P1002,79.29
9026179,202659,P1003,102.89
9026180,206666,P1001,196.97
9026181,210016,P1001,47.75
9026182,202352,P1005,94.58
9026183,203353,P1003,523.53
9026184,201696,P1004,290
9026185,207404,P1003,193.91
9026186,201285,P1006,71.83
9026187,205331,P1004,47.89
9026188,203352,P1003,87.05
9026189,208452,P1004,93.34
9026190,210599,P1004,42.42
9026191,208195,P1005,54.13
9026192,206930,P1001,66.69
9026193,204561,P1003,18.72
9026194,203409,P1006,63.57
9026195,206013,P1003,30.72
9026196,209377,P1002,58.16
9026197,204861,P1003,206.04
9026198,207144,P1006,87.41
9026199,208946,P1003,75.8
9026200,207028,P1004,113.54
9026201,204505,P1006,116.26
9026202,201667,P1002,146.28
9026203,201398,P1003,84.33
9026204,210728,P1005,59.88
9026205,211364,P1004,71.87
9026206,202874,P1001,49.55
9026207,209222,P1003,23.02
9026208,200142,P1002,41.67
9026209,203590,P1002,97.8
9026210,210167,P1001,112.49
9026211,202190,P1001,120.62
9026212,205828,P1003,30.45
9026213,208219,P1001,122.52
9026214,205852,P1003,100.03
9026215,209464,P1002,89.8
9026216,210348,P1005,83.25
9026217,203134,P1005,60.74
9026218,200698,P1004,125.42
9026219,204664,P1004,56.43
9026220,206838,P1003,81.12
9026221,210897,P1003,48.7
9026222,211593,P1005,171.15
9026223,203582,P1001,101.96
9026224,204620,P1002,135.06
9026225,208731,P1001,307.15
9026226,200040,P1004,54.34
9026227,202543,P1001,54.96
9026228,205268,P1006,55.19
9026229,205201,P1002,9.53
9026230,200980,P1006,75.16
9026231,205975,P1004,117.25
9026232,209369,P1006,25.91
9026233,209470,P1005,189.65
9026234,200236,P1004,206.48
9026235,200609,P1002,19.03
9026236,205268,P1006,47.66
9026237,209890,P1004,44.46
9026238,202043,P1004,94.09
9026239,206420,P1005,67.49
9026240,207103,P1001,63.72
9026241,203476,P1005,97.29
9026242,201496,P1004,74
9026243,208721,P1003,75.13
9026244,211860,P1004,42.33
9026245,202806,P1005,122
9026246,202905,P1004,77.35
9026247,203601,P1004,52.67
9026248,201699,P1005,46.38
9026249,207127,P1003,103.83
9026250,202966,P1002,49.38
9026251,209082,P1004,20.53
9026252,202325,P1002,73.43
9026253,201985,P1004,78.08
9026254,200403,P1004,126.32
9026255,207716,P1001,146.75
9026256,200816,P1006,88.66
9026257,210448,P1003,103.25
9026258,203793,P1005,87.7
9026259,201526,P1003,101.24
9026260,207329,P1006,45.79
9026261,210044,P1001,60.12
9026262,205155,P1003,177.04
9026263,211613,P1006,30.36
9026264,203333,P1005,69.73
9026265,209065,P1001,219.29
9026266,202724,P1001,76.52
9026267,205889,P1001,121.75
9026268,209368,P1004,100.01
9026269,208962,P1002,203.82
9026270,204614,P1001,109.83
9026271,210428,P1004,123.21
9026272,201749,P1003,101.65
9026273,206337,P1001,28.31
9026274,203583,P1004,50.91
9026275,205871,P1004,39.22
9026276,208060,P1001,42.27
9026277,203805,P1001,34.12
9026278,206296,P1005,34.7
9026279,207705,P1005,126.61
9026280,207613,P1006,171.11
9026281,211712,P1005,55.08
9026282,200520,P1006,91.98
9026283,200847,P1006,29.41
9026284,204283,P1006,71.12
9026285,205046,P1002,76.6
9026286,211535,P1006,41.53
9026287,208219,P1006,192.63
9026288,206973,P1005,59.72
9026289,207237,P1003,52.04
9026290,211589,P1005,113.42
9026291,207369,,105.87
9026292,209241,P1001,39.81
9026293,200899,P1004,53.91
9026294,205111,P1001,91.59
9026295,204334,P1003,224.9
9026296,200767,P1003,27.5
9026297,201816,P1003,195.85
9026298,206383,P1001,20.84
9026299,206719,P1002,2.91
9026300,208016,P1005,57.59
9026301,206128,P1003,42.85
9026302,204741,P1001,67.71
9026303,209465,P1004,175.15
9026304,204413,P1006,76.26
9026305,207174,P1005,57.17
9026306,200858,P1002,195.96
9026307,207062,P1006,54.57
9026308,200193,P1003,77.98
9026309,200480,P1006,85.69
9026310,202193,P1005,159.65
9026311,209433,P1003,64.52
9026312,209458,P1003,67.31
9026313,209762,P1004,179.96
9026314,203493,P1003,133.63
9026315,200626,P1002,146.6
9026316,210987,P1002,164.85
9026317,209632,P1006,221.5
9026318,203808,P1006,51.8
9026319,200375,P1003,96.07
9026320,208368,P1005,113.77
9026321,203951,P1006,19.3
9026322,210154,P1002,133.47
9026323,200350,P1003,102.06
9026324,205492,P1006,90.58
9026325,201508,P1006,15.56
9026326,201932,P1003,217.77
9026327,211324,P1003,73.96
9026328,210911,P1006,196.02
9026329,207634,P1002,38.63
9026330,205303,P1003,102
9026331,201492,P1003,12.01
9026332,207850,P1003,91.97
9026333,205372,P1006,165.15
9026334,205679,P1004,106.81
9026335,202193,P1005,81.99
9026336,204841,P1003,139.18
9026337,205176,P1002,55.45
9026338,200941,P1003,103.3
9026339,209788,P1005,45.04
9026340,201783,P1002,88.16
9026341,211811,P1001,66.15
9026342,203485,P1003,50.9
9026343,201008,P1006,42.49
9026344,205974,P1002,60.61
9026345,206435,P1004,165.88
9026346,205512,P1004,21.35
9026347,205979,P1002,47.94
9026348,211759,P1001,74.05
9026349,203419,P1006,77.33
9026350,205322,P1002,88.75
9026351,206699,P1004,68.07
9026352,208759,P1006,76.33
9026353,200085,P1006,35.69
9026354,209521,P1004,24.86
9026355,205876,P1001,357.33
9026356,202902,P1005,330.32
9026357,205728,P1002,1.4
9026358,205452,P1003,379.18
9026359,211269,P1006,25.21
9026360,200514,P1005,106.37
9026361,208006,P1002,128.85
9026362,204362,P1005,187.44
9026363,204639,P1003,37.11
9026364,202191,P1002,155.45
9026365,202644,P1003,139.9
9026366,202493,P1005,38.92
9026367,210780,P1002,51.95
9026368,202386,P1004,100.59
9026369,205253,P1001,51.69
9026370,209611,P1001,122.37
9026371,211013,P1006,198.47
9026372,206761,P1003,12.09
9026373,205378,P1005,247.96
9026374,201603,P1006,14.3
9026375,202162,P1006,94.86
9026376,203750,P1006,177.8
9026377,206092,P1006,210.76
9026378,202268,P1005,105.06
9026379,202663,P1005,368.32
9026380,203637,P1002,119.67
9026381,201342,P1006,44.44
9026382,207170,P1004,20.56
9026383,210269,P1002,63.36
9026384,207195,P1004,63.97
9026385,210256,P1003,47.15
9026386,201551,P1004,25.25
9026387,211486,P1001,13.83
9026388,210110,P1002,272.69
9026389,207921,P1006,130.68
9026390,205501,P1006,199.67
9026391,200066,P1002,63.17
9026392,204365,P1001,38.39
9026393,204908,P1004,16.52
9026394,201941,P1001,24.98
9026395,205436,P1005,105.65
9026396,203937,P1002,143.61
9026397,211549,P1001,24.56
9026398,200051,P1003,156.61
9026399,200394,P1004,106.25
9026400,200638,P1005,121.27
9026401,200459,P1006,118.38
9026402,211010,P1005,68.53
9026403,202720,P1004,255.31
9026404,204575,P1004,29.61
9026405,210499,P1005,90.24
9026406,200362,P1006,35
9026407,211099,P1003,249.91
9026408,210841,P1004,44.26
9026409,209202,P1001,218.22
9026410,211368,P1003,28.4
9026411,210402,P1002,151.15
9026412,204683,P1001,134.34
9026413,211825,P1004,45.08
9026414,207634,P1002,31.99
9026415,208643,P1006,74.33
9026416,204173,P1001,15.48
9026417,202920,P1006,88.24
9026418,210931,P1001,295.93
9026419,210210,P1003,96.77
9026420,206499,P1005,58.91
9026421,204463,P1001,88.52
9026422,207255,P1001,35.2
9026423,205643,P1002,69.35
9026424,210012,P1003,35.77
9026425,205008,P1002,133.73
9026426,201049,P1004,83.18
9026427,211044,P1001,60.85
9026428,209162,P1006,124.07
9026429,201445,P1003,110.72
9026430,208869,P1004,66.27
9026431,201320,P1004,76.92
9026432,205902,P1006,84.8
9026433,204609,P1002,106.7
9026434,202665,P1005,22.53
9026435,211142,P1001,159.74
9026436,203936,P1002,250.98
9026437,211580,P1004,81.45
9026438,210112,P1003,196.51
9026439,208133,P1003,88.01
9026440,207272,P1005,47.38
9026441,203711,P1006,119.15
9026442,202561,P1003,32.38
9026443,210813,P1006,45.85
9026444,206003,P1005,17.49
9026445,200561,P1001,148.5
9026446,207793,P1005,52.08
9026447,207763,P1004,175.48
9026448,211190,P1004,46.42
9026449,201741,P1004,120.05
9026450,206831,P1001,255.04
9026451,200108,P1001,209.64
9026452,211208,P1003,38.41
9026453,210496,P1002,152.78
9026454,201080,P1006,138.16
9026455,206032,P1005,80.15
9026456,209573,P1002,138.24
9026457,209497,P1002,185.16
9026458,200679,P1001,60.14
9026459,201739,P1002,100.53
9026460,201284,P1001,53.7
9026461,203043,P1001,93.9
9026462,201308,P1003,19.21
9026463,202287,P1005,45.55
9026464,201859,P1001,86.51
9026465,211746,P1004,158.59
9026466,208969,P1002,241.27
9026467,209685,P1004,65.12
9026468,204060,P1006,109.23
9026469,204368,P1001,129.62
9026470,208585,P1003,199.77
9026471,200908,P1004,38.59
9026472,210260,P1003,108.33
9026473,204690,P1001,36.85
9026474,204847,P1004,37.96
9026475,201231,P1005,8.81
9026476,201081,P1006,84.23
9026477,204528,P1002,109.51
9026478,202631,P1001,259.54
9026479,202474,P1004,79.78
9026480,209064,P1005,139.11
9026481,201065,P1004,177.13
9026482,200654,P1003,166.25
9026483,206773,P1002,53.32
9026484,206312,P1004,76.67
9026485,202522,P1006,39.99
9026486,204500,P1004,232.87
9026487,209737,P1003,189.18
9026488,207237,P1003,30.24
9026489,202849,P1001,52.01
9026490,204572,P1001,46.33
9026491,203526,P1006,36.86
9026492,208441,P1005,32.08
9026493,211147,P1005,85.5
9026494,204875,P1006,126.84
9026495,209330,P1001,200.06
9026496,209082,P1001,40.89
9026497,211224,P1001,154.55
9026498,210043,P1003,186.08
9026499,203049,P1001,46.27
9026500,202054,P1003,43.85
9026501,206697,P1003,169.71
9026502,208652,P1005,99.4
9026503,203086,P1005,74.01
9026504,209224,P1002,52.32
9026505,211356,P1004,32.38
9026506,202530,P1002,181.67
9026507,200051,P1004,104.17
9026508,205868,P1002,54.95
9026509,210031,P1004,30.91
9026510,209688,P1005,87.39
9026511,200096,P1002,34.7
9026512,209926,P1002,124.27
9026513,201913,P1004,152.76
9026514,208696,P1004,143.23
9026515,209637,P1005,36.36
9026516,211286,P1003,172.04
9026517,201026,P1005,40.13
9026518,208208,P1003,57.46
9026519,211683,P1003,123.67
9026520,209010,P1004,28.43
9026521,204205,P1001,78.68
9026522,202130,P1002,53.37
9026523,200157,P1001,183.24
9026524,208849,P1005,139
9026525,207481,P1005,34.19
9026526,204983,P1001,134.04
9026527,210162,P1005,195.85
9026528,201481,P1004,34.38
9026529,210899,P1001,63.83
9026530,208581,P1005,48.76
9026531,202655,P1001,110.8
9026532,206957,P1004,73.3
9026533,205312,P1002,162.41
9026534,211317,P1006,111.73
9026535,208377,P1004,122.84
9026536,208448,P1006,48.68
9026537,201901,P1006,71.06
9026538,200882,P1004,151.18
9026539,211679,P1001,97.11
9026540,207331,P1002,196.12
9026541,206740,P1001,31.08
9026542,201000,P1006,114.14
9026543,206517,P1003,33.49
9026544,209668,P1002,127.44
9026545,205048,P1006,35.94
9026546,211886,P1003,106.58
9026547,201048,P1003,54.52
9026548,203780,P1004,36.38
9026549,203916,P1001,119.12
9026550,210337,P1006,382.93
9026551,211208,P1005,195.07
9026552,205521,P1004,45.16
9026553,209507,P1004,110.24
9026554,209863,P1002,34.34
9026555,209140,P1006,137.26
9026556,201640,P1002,65
9026557,200979,P1004,141.94
9026558,207086,P1004,146.26
9026559,208148,P1003,238.07
9026560,203276,P1002,207.51
9026561,200459,P1002,22.09
9026562,206648,P1006,142.93
9026563,208973,P1001,105.31
9026564,205142,P1002,56.95
9026565,208968,P1002,149.21
9026566,200463,P1004,82.57
9026567,203145,P1001,144.01
9026568,209482,P1005,103.79
9026569,209791,P1005,174.84
9026570,208409,P1006,110.97
9026571,209756,P1002,54.52
9026572,209402,P1006,202.53
9026573,207447,P1004,143.05
9026574,203229,P1002,125.95
9026575,210277,P1002,141.53
9026576,209981,P1002,38.77
9026577,209705,P1005,85.39
9026578,209124,P1002,96.55
9026579,209213,P1005,78.29
9026580,201379,P1002,149.46
9026581,210813,P1001,53.67
9026582,209610,P1004,313.08
9026583,208391,P1002,26.84
9026584,207960,P1003,66.64
9026585,207764,P1003,96.71
9026586,211900,P1003,42.42
9026587,211607,P1005,186.32
9026588,201300,P1001,82.18
9026589,211517,P1001,147.8
9026590,200588,P1003,35.38
9026591,202708,P1005,120.84
9026592,202158,P1006,177.87
9026593,204192,P1003,123.38
9026594,202950,P1006,27.14
9026595,210725,P1001,21.31
9026596,201711,P1002,56.06
9026597,205719,P1005,91.4
9026598,211157,P1001,103.15
9026599,205257,P1004,149.43
9026600,206775,P1005,102.29
9026601,211747,P1005,8.72
9026602,200622,P1004,166.16
9026603,207898,P1002,77.09
9026604,203290,P1001,91.24
9026605,203795,P1005,62.61
9026606,202659,P1004,69.88
9026607,203991,P1003,60.29
9026608,203019,P1005,11.66
9026609,203578,P1005,85.14
9026610,203097,P1005,3.33
9026611,211279,P1001,42.65
9026612,204298,P1004,70.58
9026613,205587,P1006,52.51
9026614,205948,P1006,194.25
9026615,211194,P1006,177.93
9026616,201835,P1005,71.7
9026617,206244,P1002,102.97
9026618,208424,P1002,111.44
9026619,201735,P1003,20.33
9026620,206849,P1004,77.12
9026621,202655,P1001,54.21
9026622,202502,P1004,100.23
9026623,211740,P1005,90.17
9026624,209633,P1003,357.82
9026625,205130,P1003,139.7
9026626,209794,P1003,124.29
9026627,206003,P1006,18.1
9026628,201499,P1001,144.37
9026629,205768,P1004,120.77
9026630,203200,P1005,66.85
9026631,204164,P1001,241.52
9026632,208845,P1003,82.12
9026633,209084,P1005,17.12
9026634,210079,P1001,83.36
9026635,200507,P1002,150.63
9026636,209738,P1003,52.46
9026637,208371,P1005,94.72
9026638,202893,P1003,111.35
9026639,208124,P1006,60.02
9026640,200769,P1005,60.11
9026641,210044,P1004,50.45
9026642,203881,P1001,32.69
9026643,202619,P1002,106.48
9026644,201747,P1005,28.26
9026645,209394,P1005,231.16
9026646,207709,P1002,60.77
9026647,206891,P1002,109.09
9026648,200597,P1001,41.87
9026649,205943,P1006,29.58
9026650,205840,P1005,219.49
9026651,209288,P1001,17.97
9026652,204390,P1001,34.57
9026653,204194,P1004,203.35
9026654,209586,P1006,151.17
9026655,209462,P1001,56.34
9026656,208221,P1005,66.75
9026657,208695,P1001,122.77
9026658,201233,P1005,110.91
9026659,210123,P1004,53.84
9026660,202066,P1003,47.56
9026661,203167,P1001,114.71
9026662,201325,P1006,74.41
9026663,203266,P1006,42.49
9026664,205799,P1004,75.91
9026665,204492,P1006,127.57
9026666,209866,P1005,155.77
9026667,208303,P1004,24.74
9026668,206464,P1006,55.09
9026669,205008,P1005,19.27
9026670,205573,P1001,155.74
9026671,208813,P1006,107.97
9026672,207176,P1004,102.94
9026673,205997,P1003,103.54
9026674,205396,P1006,130.64
9026675,211574,P1002,79.16
9026676,203136,P1002,223.57
9026677,201434,P1002,36.66
9026678,211537,P1002,167.06
9026679,205771,P1005,112.44
9026680,204763,P1001,25.99
9026681,207765,P1002,90.12
9026682,202222,P1005,88.36
9026683,204758,P1002,147.45
9026684,205342,P1001,59.16
9026685,210318,P1004,336.43
9026686,201361,P1003,73.72
9026687,204971,P1003,184.78
9026688,204067,P1003,164.35
9026689,208484,P1003,55.56
9026690,207531,P1002,88.93
9026691,211747,P1002,176.9
9026692,201826,P1003,37.15
9026693,210876,P1001,85.47
9026694,209968,P1004,139.78
9026695,210346,P1001,52.21
9026696,201862,P1006,27.95
9026697,203319,P1002,98.61
9026698,202396,P1006,36.59
9026699,209423,P1003,83.12
9026700,211082,P1004,161.75
9026701,206774,P1004,131.41
9026702,207400,P1001,166.07
9026703,205503,P1005,127.33
9026704,204231,P1005,16.62
9026705,211286,P1004,121.43
9026706,211861,P1003,20.62
9026707,205998,P1006,125.27
9026708,209857,P1003,85.55
9026709,202586,P1004,100.9
9026710,203528,P1001,147.8
9026711,211372,P1006,65
9026712,205880,P1006,73.88
9026713,203566,P1006,279.54
9026714,201442,P1002,55.78
9026715,211164,P1005,192.13
9026716,210208,P1002,62.62
9026717,200277,P1003,26.71
9026718,208255,P1004,32.45
9026719,208415,P1002,46.77
9026720,200080,P1003,23.22
9026721,211924,P1006,79.55
9026722,210338,P1006,47
9026723,210300,P1004,35.3
9026724,202109,P1006,61.61
9026725,201963,P1005,16.91
9026726,207862,P1006,132.5
9026727,207912,P1006,82.2
9026728,200123,P1003,61.95
9026729,210714,P1005,238.72
9026730,208835,P1004,215.73
9026731,207097,P1006,146.63
9026732,205388,P1001,54.18
9026733,202104,P1004,7.45
9026734,208632,P1004,54.64
9026735,201803,P1004,31.72
9026736,201456,P1003,8.96
9026737,204643,P1004,125.88
9026738,200816,P1006,52.29
9026739,210209,P1003,189.26
9026740,211168,P1006,71.45
9026741,208020,P1006,99.7
9026742,205951,P1003,42.41
9026743,202497,P1002,109.94
9026744,201070,P1004,13.59
9026745,205960,P1005,93.7
9026746,204802,P1001,47
9026747,210087,P1005,43.86
9026748,200308,P1002,33.21
9026749,207055,P1005,15.54
9026750,201314,P1004,51.32
9026751,203278,P1001,242.64
9026752,202287,P1003,138.74
9026753,211842,P1003,156.96
9026754,200151,P1006,45.92
9026755,200919,P1004,44.03
9026756,201653,P1001,130.15
9026757,211690,P1004,53.09
9026758,205367,P1001,9.25
9026759,205966,P1001,102.51
9026760,202548,P1002,161.15
9026761,203365,P1002,101.22
9026762,200248,P1004,145.03
9026763,205486,P1005,43.79
9026764,202442,P1003,140.29
9026765,201938,P1001,63.43
9026766,205696,P1003,18.57
9026767,205032,P1006,40.15
9026768,205290,P1006,71.11
9026769,200145,P1001,133.16
9026770,204974,P1003,170.35
9026771,206328,P1006,209.49
9026772,200350,P1006,128.78
9026773,200773,P1002,47.41
9026774,202938,P1006,78.6
9026775,203140,P1004,328.3
9026776,207513,P1004,148.91
9026777,202076,P1005,96.44
9026778,201406,P1006,67.67
9026779,206038,P1003,205.16
9026780,205729,P1001,63.81
9026781,207688,P1003,36.68
9026782,209248,P1003,42.51
9026783,200713,P1006,194.16
9026784,203388,P1001,86.71
9026785,208732,P1001,102.49
9026786,205826,P1005,103.25
9026787,209680,P1006,122.28
9026788,207078,P1005,162.7
9026789,204744,P1002,81.62
9026790,208264,P1005,20.79
9026791,211073,P1006,140.99
9026792,209825,P1006,71.06
9026793,205341,P1001,177.14
9026794,200121,P1001,85.25
9026795,202792,P1001,123.79
9026796,202698,P1004,157.06
9026797,203584,P1002,169.7
9026798,210004,P1002,69.11
9026799,203252,P1005,45.7
9026800,210690,P1001,21.84
9026801,208513,P1005,53.44
9026802,204438,P1001,97.7
9026803,201272,P1005,108.58
9026804,200563,P1005,42.34
9026805,205937,P1006,116.45
9026806,205831,P1005,29.77
9026807,204618,P1002,58.79
9026808,209242,P1003,88.58
9026809,205397,P1002,34.93
9026810,207930,P1003,55.96
9026811,208417,P1005,73.35
9026812,208026,P1006,25.95
9026813,209979,P1003,52.74
9026814,200491,P1002,45.15
9026815,202684,P1002,20.45
9026816,200357,P1004,159.82
9026817,208361,P1002,153.38
9026818,209068,P1003,57.92
9026819,202839,P1002,181.58
9026820,211824,P1001,82.69
9026821,201087,P1002,218.87
9026822,205044,P1001,153.19
9026823,203041,P1005,30.14
9026824,210861,P1004,28.05
9026825,210771,P1004,194.67
9026826,210581,P1005,58.44
9026827,209703,P1005,245
9026828,205033,P1006,106.45
9026829,205244,P1004,14.06
9026830,206528,P1006,76.43
9026831,203215,P1001,76.81
9026832,205673,P1004,164.22
9026833,205105,P1001,130.23
9026834,211314,P1005,26.41
9026835,206570,P1001,180.82
9026836,201606,P1002,123.62
9026837,201007,P1005,149.42
9026838,201629,P1005,30.83
9026839,200985,P1002,193.06
9026840,201963,P1004,45.1
9026841,201896,P1003,248.4
9026842,208687,P1002,42.01
9026843,209984,P1006,56.04
9026844,205631,P1006,43.69
9026845,208058,P1002,20.63
9026846,202642,P1001,231.84
9026847,204930,P1005,183.84
9026848,204405,P1002,40.44
9026849,204477,P1004,80.93
9026850,203078,,154.93
9026851,200762,P1002,61.2
9026852,206197,P1001,70.96
9026853,206016,P1005,103.35
9026854,205153,P1006,19.67
9026855,202046,P1002,383.19
9026856,207691,P1004,69.18
9026857,204910,P1005,39.42
9026858,201111,P1003,34.58
9026859,203473,P1003,270.37
9026860,203514,P1001,260.25
9026861,201604,P1005,53.98
9026862,207699,P1006,199.11
9026863,211798,P1005,103.75
9026864,200919,P1003,70.96
9026865,204141,P1001,50.41
9026866,200139,P1006,90.77
9026867,208471,P1002,83.04
9026868,202619,P1002,49.21
9026869,201859,P1001,61.28
9026870,206343,P1002,9.65
9026871,203717,P1006,84.16
9026872,209404,P1004,143.04
9026873,209955,P1001,157.66
9026874,204352,P1004,180.45
9026875,201123,P1004,202.74
9026876,201015,P1001,89.88
9026877,205706,P1004,219.9
9026878,202329,P1002,228.13
9026879,200722,P1001,128.32
9026880,210377,P1003,153.21
9026881,207480,P1002,209.09
9026882,209440,P1004,169.33
9026883,209272,P1005,18.97
9026884,206469,P1004,53.22
9026885,210676,P1003,162.42
9026886,202182,P1004,73.44
9026887,206718,P1002,97.6
9026888,206886,P1004,55.89
9026889,200008,P1001,6.74
9026890,206279,P1003,149.83
9026891,203771,P1004,68.91
9026892,211094,P1006,96.31
9026893,208788,P1005,108.9
9026894,205059,P1003,107.09
9026895,201941,P1004,163.84
9026896,205607,P1004,205.49
9026897,211176,P1006,140.7
9026898,209101,P1003,69.55
9026899,203886,P1003,14.15
9026900,207379,P1005,80.98
9026901,207270,P1005,40.13
9026902,204694,P1004,94.13
9026903,203830,P1005,0
9026904,207404,P1005,104.77
9026905,209463,P1005,89.74
9026906,200371,P1004,172.34
9026907,202209,P1004,27.64
9026908,202903,P1003,88.98
9026909,208697,P1006,131.81
9026910,211109,P1003,49.21
9026911,202800,P1006,70.1
9026912,210323,P1004,75.95
9026913,203130,P1001,65.26
9026914,201878,P1003,30.14
9026915,200159,P1002,25.28
9026916,201726,P1001,63.76
9026917,201849,P1002,90.29
9026918,207934,P1006,94.56
9026919,200790,P1003,167.06
9026920,205364,P1006,70.35
9026921,205976,P1006,57.35
9026922,206322,P1003,168
9026923,209606,P1005,42.92
9026924,203424,P1002,43.59
9026925,211755,P1002,86.08
9026926,204643,P1001,51.5
9026927,208084,P1005,93.75
9026928,208312,P1004,98.2
9026929,205591,P1002,122.98
9026930,202928,P1001,122.62
9026931,210389,P1005,320.64
9026932,208487,P1003,7.34
9026933,204361,P1003,316.77
9026934,201073,P1004,106.06
9026935,202519,P1003,17.9
9026936,207570,P1003,118.63
9026937,209227,P1006,16.01
9026938,201035,P1002,24.25
9026939,203892,P1006,102.3
9026940,211058,P1005,191.11
9026941,208835,P1005,390.13
9026942,209472,P1003,208.94
9026943,200874,P1002,45.54
9026944,202603,P1005,188.81
9026945,205236,P1006,117.77
9026946,210381,P1003,101.01
9026947,209127,P1005,90.35
9026948,205502,P1004,172.4
9026949,208263,P1001,106.48
9026950,205883,P1002,59.2
9026951,207810,P1001,100.57
9026952,203284,P1001,134.77
9026953,204190,P1005,221.75
9026954,205850,P1002,19.45
9026955,200889,P1005,110.58
9026956,209944,P1005,67.58
9026957,209382,P1003,115.53
9026958,208464,P1002,59.04
9026959,211829,P1003,87.4
9026960,205231,P1005,25.6
9026961,209539,P1005,67.04
9026962,209402,P1005,57.59
9026963,201546,P1003,385.64
9026964,209187,P1006,51.7
9026965,207637,P1002,62.55
9026966,207210,P1004,48.83
9026967,206498,P1006,76.68
9026968,209236,P1006,72.16
9026969,201272,P1003,58.33
9026970,204876,P1003,71.66
9026971,204742,P1003,126.2
9026972,201157,P1001,193.86
9026973,208258,P1002,107.04
9026974,204439,P1002,230.66
9026975,208835,P1001,67.36
9026976,205995,P1005,38.07
9026977,204950,P1004,108.62
9026978,205495,P1001,41.19
9026979,211838,P1001,21.01
9026980,206492,P1003,53.16
9026981,204078,P1004,19.99
9026982,202958,P1005,189.99
9026983,207711,P1006,154.86
9026984,208449,P1003,43.23
9026985,209367,P1005,38.44
9026986,202743,P1002,95.84
9026987,206650,P1001,101.54
9026988,201464,P1001,194.63
9026989,210836,P1003,40.68
9026990,205481,P1003,9.14
9026991,210747,P1005,159.22
9026992,203220,P1006,77.39
9026993,206413,P1003,60.64
9026994,200128,P1004,93.08
9026995,203401,P1001,70.6
9026996,207955,P1002,198.43
9026997,204128,P1003,35.01
9026998,209658,P1001,19.76
9026999,206087,P1003,26.27
9027000,210204,P1002,5.12
9027001,203748,P1004,25.09
9027002,209372,P1001,36.12
9027003,209895,P1006,83.26
9027004,208925,P1006,52.72
9027005,204563,P1006,65.15
9027006,203357,P1006,63.88
9027007,206319,P1003,106.66
9027008,211511,P1006,22.29
9027009,202871,P1002,67.78
9027010,203905,P1002,87.29
9027011,208993,P1006,113.92
9027012,211615,P1004,17.3
9027013,205030,P1006,108.73
9027014,207473,P1005,183.74
9027015,205483,P1004,61.22
9027016,208942,P1001,172.52
9027017,201612,P1003,35.66
9027018,208505,P1002,153.27
9027019,207596,P1006,61.36
9027020,206691,P1003,157.47
9027021,200436,P1003,116.33
9027022,200673,P1005,263.72
9027023,206549,P1003,129.22
9027024,203344,P1004,67.18
9027025,203854,P1004,33.98
9027026,203864,P1005,121.56
9027027,209526,P1003,105.45
9027028,207498,P1001,243.61
9027029,207656,P1004,83.32
9027030,200840,P1006,169.26
9027031,211130,P1003,152.01
9027032,206887,P1004,82.78
9027033,203089,P1002,56.97
9027034,201255,P1002,8.06
9027035,202875,P1001,90.63
9027036,206707,P1003,100.91
9027037,204208,P1005,55.46
9027038,207127,P1003,28.66
9027039,206874,P1001,134.23
9027040,202863,P1005,45.52
9027041,200720,P1002,84.67
9027042,203188,P1006,250.71
9027043,206418,P1004,69.6
9027044,208395,P1002,38.06
9027045,204454,P1001,108.73
9027046,208371,P1003,59.12
9027047,210975,P1003,59.03
9027048,206364,P1004,21.01
9027049,208217,P1004,51.7
9027050,208441,P1003,155.15
9027051,205050,P1001,22.21
9027052,202966,P1001,32.43
9027053,201236,P1004,256.32
9027054,204003,P1001,57.63
9027055,201627,P1001,131.9
9027056,206028,P1006,103.29
9027057,207263,P1004,105.5
9027058,201344,P1001,188.45
9027059,203288,P1002,81.12
9027060,203856,P1003,55.09
9027061,207634,P1004,127.61
9027062,200702,P1005,236.48
9027063,200263,P1005,19.53
9027064,205116,P1002,132.9
9027065,201642,P1004,135.05
9027066,200221,P1003,38.48
9027067,210585,P1005,174.6
9027068,210177,P1006,275.16
9027069,202397,P1006,48.7
9027070,211256,P1002,127.04
9027071,200244,P1001,41.5
9027072,205709,P1006,98.54
9027073,201555,P1006,44.88
9027074,207565,P1005,79.7
9027075,201284,P1006,393.22
9027076,207809,P1003,18.08
9027077,208672,P1005,68.47
9027078,202967,P1003,171.98
9027079,200033,P1006,224.7
9027080,202303,P1005,360.25
9027081,207403,P1003,96.85
9027082,210887,P1003,120.06
9027083,203235,P1005,70.05
9027084,205142,P1002,93.92
9027085,205795,P1005,44.56
9027086,200142,P1005,38.91
9027087,202149,P1002,113.44
9027088,208596,P1004,54.77
9027089,207066,P1004,84.61
9027090,202953,P1006,43.45
9027091,201148,P1001,69.42
9027092,209327,P1001,89.5
9027093,209074,P1005,155.2
9027094,201719,P1002,13.59
9027095,205006,P1002,68.21
9027096,207777,P1005,67.45
9027097,207307,P1005,41.15
9027098,209302,P1003,24.53
9027099,202586,P1005,49.24
9027100,209379,P1004,93.98
9027101,206135,P1005,28.15
9027102,205730,P1006,183.06
9027103,211376,P1001,184.65
9027104,203534,P1004,66.36
9027105,203588,P1004,30.98
9027106,210342,P1004,250.39
9027107,210346,P1002,56.57
9027108,205471,P1003,76.57
9027109,210245,P1003,144.27
9027110,210844,P1006,58.05
9027111,204593,P1006,39.76
9027112,210659,P1001,99.45
9027113,205803,P1003,119.46
9027114,207987,P1001,43.13
9027115,206129,P1002,50.06
9027116,206762,P1005,111.13
9027117,208895,P1004,91.38
9027118,210280,P1004,79.92
9027119,206363,P1006,51.03
9027120,202544,P1006,88.53
9027121,201643,P1006,141.72
9027122,210659,P1001,1.2
9027123,205594,P1004,71.57
9027124,201499,P1001,102
9027125,200694,P1005,119.51
9027126,201709,P1001,121.24
9027127,201124,P1003,94.34
9027128,200746,P1006,44.6
9027129,208454,P1005,27.8
9027130,202401,P1001,48.92
9027131,209665,P1004,49.75
9027132,210572,P1002,43.61
9027133,201461,P1004,139.13
9027134,208446,P1004,236.48
9027135,204947,P1002,350.8
9027136,200683,P1001,15.75
9027137,204133,P1002,42.4
9027138,207682,P1002,78.75
9027139,209657,P1002,141.81
9027140,211619,P1006,37.7
9027141,206082,P1004,151.82
9027142,202978,P1003,19.87
9027143,210529,P1004,216.59
9027144,203905,P1001,120.89
9027145,200538,P1003,50.34
9027146,208397,P1006,28.35
9027147,207728,P1006,26.13
9027148,202177,P1003,53.09
9027149,206991,P1001,116.11
9027150,200651,P1003,111.09
9027151,208368,P1003,48.22
9027152,205728,P1002,70.92
9027153,200746,P1002,66.3
9027154,206328,P1004,24.61
9027155,206684,P1006,79.36
9027156,203227,P1006,65.82
9027157,203243,P1002,44.38
9027158,208103,P1006,92.7
9027159,210384,P1006,12.25
9027160,211477,P1004,148.24
9027161,205500,P1001,155.37
9027162,203294,P1002,56.55
9027163,207203,P1005,85.03
9027164,210526,P1006,189.65
9027165,205469,P1004,194.59
9027166,206991,P1005,92.6
9027167,200506,P1003,64.25
9027168,206197,P1002,107.96
9027169,207456,P1001,123.64
9027170,203270,P1005,142.98
9027171,204944,P1003,86.04
9027172,211227,P1006,79.88
9027173,201146,P1001,205.65
9027174,210588,P1002,75.08
9027175,203929,P1006,10.44
9027176,202019,P1002,85.85
9027177,206133,P1002,120.53
9027178,209246,P1004,155.23
9027179,206704,P1003,76.6
9027180,203638,P1006,24.03
9027181,208000,P1001,96.02
9027182,200792,P1004,102.78
9027183,201607,P1002,78.49
9027184,205758,P1005,146.89
9027185,206029,P1002,35.05
9027186,202478,P1003,150.86
9027187,201085,P1001,92.49
9027188,204824,P1006,141.83
9027189,211258,P1004,103.71
9027190,211708,P1003,75.3
9027191,206985,P1005,79.48
9027192,207619,P1006,193.02
9027193,211618,P1003,198.46
9027194,211889,P1006,157.24
9027195,207306,P1002,46.52
9027196,201716,P1001,106.71
9027197,202943,P1001,9.07
9027198,203554,P1004,147.55
9027199,211745,P1006,108.89
9027200,207838,P1005,84.56
9027201,210899,P1004,23.88
9027202,200962,P1001,226.6
9027203,208345,P1004,50.04
9027204,202623,P1003,97.64
9027205,204218,P1003,142.13
9027206,205410,P1005,191.86
9027207,209050,P1002,46.83
9027208,211495,P1005,424.71
9027209,207504,P1005,48.18
9027210,200529,P1006,295.75
9027211,203638,P1001,66.58
9027212,208987,P1005,46.82
9027213,207102,P1003,18.88
9027214,200393,P1004,97.87
9027215,203884,P1006,160.59
9027216,204217,P1004,135.73
9027217,211783,P1002,12.48
9027218,203651,P1003,45.65
9027219,211564,P1002,10.87
9027220,210354,P1003,131.75
9027221,200217,P1005,163.32
9027222,206379,P1006,13.7
9027223,202677,P1001,36.81
9027224,204983,P1003,71.11
9027225,210452,P1001,130.37
9027226,201397,P1002,39.48
9027227,204244,P1002,12.45
9027228,201093,P1005,103.87
9027229,201331,P1004,17.64
9027230,207642,P1006,112.44
9027231,210748,P1003,309.32
9027232,204635,P1003,92.41
9027233,208768,P1002,15.35
9027234,202785,P1002,178.01
9027235,207386,P1005,213.34
9027236,202820,P1001,210.12
9027237,207426,P1005,95.34
9027238,205511,P1001,78.31
9027239,204669,P1006,128.05
9027240,205541,P1002,200.25
9027241,207448,P1006,221.94
9027242,210935,P1005,156.11
9027243,204966,P1003,80.35
9027244,202699,P1005,132.5
9027245,200495,P1002,183.25
9027246,207789,P1001,282.5
9027247,210995,P1001,116.13
9027248,210198,P1002,223.81
9027249,211054,P1001,26
9027250,208363,P1006,61.33
9027251,204932,P1003,143.08
9027252,209947,P1002,36.15
9027253,200236,P1002,114.93
9027254,208114,P1003,81.01
9027255,204833,P1004,89.31
9027256,211549,P1005,68.25
9027257,203495,P1001,117.86
9027258,207456,P1003,70.25
9027259,210485,P1001,74.99
9027260,206050,P1002,67.58
9027261,201154,P1006,72.16
9027262,201726,P1002,175.37
9027263,202697,P1001,39.8
9027264,209558,P1001,35.06
9027265,203281,P1001,29.52
9027266,208048,P1005,60.86
9027267,203610,P1005,53.27
9027268,203675,P1004,46.2
9027269,207391,P1002,82.92
9027270,205905,P1002,45.35
9027271,206575,P1004,248.75
9027272,205581,P1004,68.4
9027273,208759,P1004,214.15
9027274,207358,P1005,209.63
9027275,207753,P1001,91.4
9027276,210078,P1003,140.82
9027277,201887,P1002,93.37
9027278,203064,P1001,123.01
9027279,203086,P1002,70.28
9027280,201012,P1003,145.93
9027281,205603,P1005,37.17
9027282,201761,P1004,65.96
9027283,203259,P1005,29.5
9027284,210990,P1001,59.69
9027285,202050,P1005,201.95
9027286,201384,P1005,19.75
9027287,201312,P1006,61.44
9027288,208164,P1001,60.69
9027289,206310,P1004,134.87
9027290,202404,P1006,79.05
9027291,207367,P1004,53.6
9027292,201341,P1004,128.95
9027293,210090,P1001,23.85
9027294,205099,P1006,15.38
9027295,208013,P1005,96.64
9027296,210515,P1006,111.62
9027297,208284,P1006,21.11
9027298,201439,P1004,109.1
9027299,200149,P1004,30.4
9027300,204390,P1003,57.97
9027301,207233,P1004,159.92
9027302,201007,P1003,105.25
9027303,201013,P1005,140.85
9027304,207979,P1002,55.97
9027305,203967,P1006,14.49
9027306,208769,P1004,98.99
9027307,210394,P1003,213.63
9027308,203144,P1002,83.4
9027309,211542,P1001,72.64
9027310,208217,P1003,89.76
9027311,211383,P1004,163.85
9027312,207137,P1002,80.45
9027313,207243,P1001,196.14
9027314,204356,P1001,56.13
9027315,208191,P1002,101.9
9027316,210389,P1006,121.77
9027317,208783,P1002,131.82
9027318,211632,P1002,60.53
9027319,204499,P1004,82.85
9027320,205859,P1006,68.03
9027321,206060,P1006,43.07
9027322,206409,P1006,44.92
9027323,205668,P1002,209.49
9027324,210336,P1006,47.06
9027325,203433,P1003,239.27
9027326,202780,P1001,22.45
9027327,208052,P1001,111.13
9027328,201140,P1001,186.79
9027329,208433,P1004,148.98
9027330,204119,P1001,27.29
9027331,210962,P1006,96.39
9027332,210152,P1006,44.04
9027333,204989,P1006,161.11
9027334,205802,P1004,121.56
9027335,210214,P1003,159.01
9027336,202467,P1003,129.65
9027337,200216,P1002,108.35
9027338,203559,P1001,139.44
9027339,202604,P1001,192.62
9027340,206714,P1004,253.06
9027341,206905,P1003,93.05
9027342,204443,P1001,14.26
9027343,205376,P1001,129
9027344,205548,P1006,34.47
9027345,209188,P1003,116.29
9027346,200257,P1003,200.27
9027347,208466,P1006,72.77
9027348,209249,P1005,181.95
9027349,208407,P1002,120.55
9027350,210802,P1004,93.84
9027351,205248,P1005,99.65
9027352,202954,P1006,38.79
9027353,210315,P1005,75.7
9027354,209764,P1004,12.1
9027355,208217,P1001,188.86
9027356,206720,P1002,54.15
9027357,201109,P1001,101.53
9027358,207343,P1001,115.24
9027359,204497,P1006,67.66
9027360,210697,P1003,99.98
9027361,211154,P1004,29.63
9027362,207958,P1004,89.92
9027363,206990,P1003,163.63
9027364,209006,P1004,65.32
9027365,204769,P1001,173.01
9027366,206074,P1001,41.08
9027367,203193,P1006,219.75
9027368,205752,P1001,66.96
9027369,207334,P1005,165.81
9027370,210977,P1001,29.62
9027371,210595,P1002,43.28
9027372,211158,P1005,7.68
9027373,201015,P1006,102.5
9027374,202888,P1003,130.78
9027375,208207,P1005,56.66
9027376,202205,P1002,16.23
9027377,202194,P1005,137.9
9027378,211612,P1002,7.66
9027379,208451,P1006,51.25
9027380,201033,P1005,61.06
9027381,206705,P1002,45.61
9027382,200214,P1001,103.81
9027383,205149,P1003,30.95
9027384,200822,P1003,138.74
9027385,210812,P1004,115.55
9027386,204383,P1005,81.68
9027387,203536,P1002,39.04
9027388,205648,P1001,153.35
9027389,202728,P1002,100.24
9027390,209836,P1006,102.3
9027391,201709,P1006,82.92
9027392,206048,P1004,75.69
9027393,205227,P1001,66.56
9027394,205845,P1004,29.96
9027395,206458,P1002,95.2
9027396,210837,P1005,301.09
9027397,210310,P1004,150.08
9027398,205616,P1003,272.44
9027399,200922,P1006,66.63
9027400,203149,P1001,30.53
9027401,200330,P1002,112.22
9027402,207611,P1003,122.25
9027403,202123,P1002,75.1
9027404,211525,P1005,58.6
9027405,206028,P1001,101.64
9027406,209952,P1005,134.73
9027407,210854,P1004,44.1
9027408,203689,P1002,33.85
9027409,211016,P1002,266.2
9027410,204719,P1004,134.13
9027411,200055,P1004,51.58
9027412,205742,P1006,201.55
9027413,209147,P1001,221.87
9027414,210009,P1001,84.49
9027415,202471,P1001,17.71
9027416,201740,P1003,71.58
9027417,207768,P1002,32.39
9027418,208911,P1003,161.57
9027419,203689,P1002,43
9027420,210873,P1003,218.39
9027421,202201,P1004,104.72
9027422,208700,P1006,57.91
9027423,206675,P1002,65.98
9027424,202682,P1001,68.63
9027425,211647,P1005,10.26
9027426,203446,P1004,109.25
9027427,200892,P1003,108.62
9027428,206059,P1002,155.66
9027429,209082,P1002,81.06
9027430,202027,P1003,266.54
9027431,200995,P1003,86.46
9027432,210270,P1001,117.98
9027433,200104,P1003,83.14
9027434,200663,P1002,25.07
9027435,210336,P1005,67.22
9027436,203327,P1006,38.17
9027437,203672,P1001,55.07
9027438,204078,P1003,121.1
9027439,200948,P1004,34.26
9027440,205452,P1004,143.32
9027441,202984,P1001,153.31
9027442,201076,P1002,102.26
9027443,209770,P1005,28.87
9027444,205386,P1005,36.57
9027445,204730,P1002,58.87
9027446,211555,P1001,200.64
9027447,203767,P1006,4.21
9027448,211404,P1004,96.99
9027449,205773,P1005,147.4
9027450,205638,P1006,200.71
9027451,204347,P1005,50.11
9027452,210937,P1005,67.95
9027453,206698,P1001,130.38
9027454,209546,P1006,48.96
9027455,207378,P1006,67.35
9027456,203643,P1001,168.59
9027457,206530,P1005,142.42
9027458,203672,P1004,179.83
9027459,207393,P1001,69.36
9027460,202293,P1002,60.05
9027461,205382,P1005,185.49
9027462,209678,P1006,169.16
9027463,204000,P1001,58.75
9027464,200086,P1005,189.7
9027465,209836,P1004,47.04
9027466,207484,P1006,92.9
9027467,201000,P1001,21.92
9027468,208361,P1002,148.99
9027469,210854,P1006,30.25
9027470,206153,P1005,33.96
9027471,205493,P1005,41.32
9027472,209904,P1003,23.6
9027473,206543,P1005,59.12
9027474,201566,P1003,29.65
9027475,210822,P1002,105.79
9027476,211200,P1006,17.16
9027477,200214,P1003,63.11
9027478,207237,P1004,389.61
9027479,200818,P1004,182.04
9027480,210916,P1001,167.25
9027481,202846,P1002,108.17
9027482,202534,P1006,88.19
9027483,205274,P1003,19.45
9027484,201124,P1005,38.85
9027485,207478,P1006,121.68
9027486,204222,P1003,53.19
9027487,211412,P1001,88.76
9027488,204915,P1001,28.48
9027489,201570,P1006,26.08
9027490,204996,P1003,88.64
9027491,204603,P1001,205.25
9027492,205557,P1001,71.75
9027493,200916,P1006,52.6
9027494,206564,P1006,173.23
9027495,207658,P1005,14.62
9027496,211881,P1003,11.51
9027497,203093,P1005,132.08
9027498,207460,P1003,185.03
9027499,209373,P1003,74.11
9027500,207095,P1003,207.33
9027501,205071,P1006,220.05
9027502,202362,P1006,163.77
9027503,208351,P1006,42.92
9027504,207337,P1006,70.04
9027505,205202,P1003,87.48
9027506,205089,P1005,164.89
9027507,207691,P1003,199.68
9027508,206348,P1001,224.36
9027509,201675,P1001,107.16
9027510,211786,P1001,27.49
9027511,205394,P1001,22.74
9027512,204135,P1004,161.95
9027513,204180,P1004,88.35
9027514,201456,P1005,38.17
9027515,209353,P1002,29.98
9027516,209924,P1006,94.29
9027517,203296,P1001,143.85
9027518,211290,P1003,61.64
9027519,208070,P1005,336.42
9027520,200987,P1003,76.23
9027521,201251,P1004,69.27
9027522,201935,P1005,102.94
9027523,211274,P1002,44.05
9027524,205518,P1004,9.12
9027525,204112,P1002,50.15
9027526,200156,P1006,13.07
9027527,210744,P1003,126.2
9027528,211489,P1001,152
9027529,210148,P1003,54.22
9027530,205142,P1001,169.19
9027531,210489,P1006,91.64
9027532,211231,P1001,106.15
9027533,207107,P1004,206.25
9027534,208084,P1002,54.26
9027535,201318,P1004,43.73
9027536,205621,P1006,195.27
9027537,207432,P1004,51.76
9027538,209694,P1003,168.76
9027539,211502,P1005,43.13
9027540,202425,P1006,145.66
9027541,209895,P1004,146.91
9027542,202095,,94.42
9027543,210131,P1006,85.16
9027544,201783,P1001,74.16
9027545,205001,P1001,42.4
9027546,202308,P1006,42.52
9027547,203916,P1001,177.31
9027548,203084,P1001,51.87
9027549,202898,P1003,69.94
9027550,207403,P1006,145.94
9027551,202498,P1004,113.82
9027552,200144,P1002,203.24
9027553,202187,P1001,81.61
9027554,207094,P1005,107.81
9027555,208472,P1005,109.58
9027556,210451,P1002,175.65
9027557,210339,P1005,27.04
9027558,201376,P1001,52.52
9027559,209876,P1004,161.3
9027560,200280,P1002,235.34
9027561,207679,P1003,149.81
9027562,209446,P1004,53.27
9027563,201566,P1006,26.53
9027564,202731,P1001,178.05
9027565,203066,P1006,139.24
9027566,210164,P1006,24.17
9027567,210314,P1001,64.48
9027568,201266,P1003,95.59
9027569,205864,P1002,45.75
9027570,202803,P1005,182.85
9027571,204068,P1004,189.89
9027572,201073,P1006,42.71
9027573,211624,P1006,89.08
9027574,201350,P1006,106.13
9027575,207673,P1004,104.43
9027576,205906,P1004,168.47
9027577,204236,P1004,104.96
9027578,201385,P1004,33.19
9027579,211451,P1002,162.37
9027580,210449,P1005,42.75
9027581,205121,P1004,67.92
9027582,207764,P1001,35.54
9027583,211515,P1002,94.09
9027584,211855,P1003,96.84
9027585,211189,P1005,171.81
9027586,211363,P1003,42.26
9027587,211063,P1003,109.83
9027588,201526,P1001,34.94
9027589,208414,P1006,150.9
9027590,205705,P1004,10.09
9027591,209396,P1003,278.55
9027592,210511,P1004,71.83
9027593,209482,P1002,23.12
9027594,205958,P1005,21.78
9027595,202832,P1006,142.6
9027596,203714,P1001,76.43
9027597,211923,P1001,52.33
9027598,201694,P1003,142.33
9027599,202870,P1003,22.07
9027600,202474,P1005,28.85
9027601,201864,P1001,172.61
9027602,211458,P1005,8.77
9027603,204084,P1004,54.14
9027604,200295,P1004,52.75
9027605,204161,P1005,42.36
9027606,204146,P1003,128.02
9027607,202418,P1003,213.91
9027608,208175,P1004,32.98
9027609,201877,P1003,116.19
9027610,209080,P1006,61.8
9027611,207954,P1003,47.66
9027612,210181,P1006,109
9027613,205002,P1006,107.45
9027614,207359,P1005,42.86
9027615,202877,P1006,87.76
9027616,211794,P1001,116.74
9027617,204186,P1003,70.15
9027618,209132,P1002,103.1
9027619,204613,P1005,144.53
9027620,206196,P1002,123.7
9027621,201266,P1003,66.44
9027622,208624,P1004,239.1
9027623,211263,P1002,173.6
9027624,200803,P1001,37.58
9027625,207686,P1006,158.61
9027626,201396,P1006,256.83
9027627,209783,P1006,31.27
9027628,209349,P1005,76.56
9027629,204836,P1003,101.96
9027630,205640,P1001,191.42
9027631,200165,P1004,184.45
9027632,205956,P1005,235.52
9027633,203088,P1002,216.09
9027634,200016,P1003,22.58
9027635,210945,P1003,35.39
9027636,210190,P1001,101.51
9027637,205106,P1006,26.86
9027638,205353,P1002,57.02
9027639,208836,P1002,182.03
9027640,203821,P1005,111.5
9027641,205934,P1004,52.81
9027642,203470,P1003,63.21
9027643,210640,P1006,54.87
9027644,201767,P1005,106.53
9027645,208727,P1002,115.57
9027646,202306,P1004,24.32
9027647,205758,P1005,48.99
9027648,205898,P1004,129.96
9027649,206897,P1004,152.1
9027650,206029,P1003,71.16
9027651,201399,P1001,117.88
9027652,208172,P1001,82.52
9027653,205013,P1005,129.94
9027654,207927,P1001,157.85
9027655,205863,P1003,94.58
9027656,200427,P1002,16.89
9027657,210973,P1001,18.28
9027658,209441,P1004,140.34
9027659,201568,P1006,127.55
9027660,207771,P1004,182.64
9027661,201158,P1003,229.35
9027662,211275,P1001,95.98
9027663,210272,P1003,169.65
9027664,208439,P1003,66.28
9027665,204286,P1003,237.67
9027666,205741,P1003,45.54
9027667,205795,P1005,101.6
9027668,200084,P1001,132.61
9027669,204175,P1002,19.17
9027670,201740,P1006,246.2
9027671,204750,P1006,123.39
9027672,210852,P1003,199.7
9027673,210642,P1003,91.57
9027674,200294,P1001,138.53
9027675,202545,P1004,88.15
9027676,202714,P1006,64.04
9027677,201348,P1005,235.41
9027678,211438,P1001,26.95
9027679,206971,P1005,69.53
9027680,204220,P1005,24.79
9027681,201767,P1003,89.86
9027682,209305,P1005,108.96
9027683,211704,P1004,80.57
9027684,206324,P1002,126.17
9027685,203059,P1004,145.3
9027686,209459,P1003,29.16
9027687,203962,P1005,33.13
9027688,203496,P1006,116.48
9027689,204087,P1001,36.69
9027690,211741,P1005,60.37
9027691,204851,P1003,72.2
9027692,203581,P1002,356.18
9027693,202023,P1006,100.59
9027694,208063,P1006,33.77
9027695,209941,P1003,207.98
9027696,205233,P1002,36.44
9027697,200822,P1001,100.55
9027698,205785,P1005,125.66
9027699,210742,P1003,51.78
9027700,204152,P1004,31.59
9027701,202193,P1005,123.34
9027702,208033,P1006,75.09
9027703,201911,P1004,89.68
9027704,208599,P1005,234.41
9027705,209102,P1005,57.5
9027706,206489,P1001,19.38
9027707,208902,P1004,49.36
9027708,203480,P1006,154.5
9027709,211482,P1001,117.05
9027710,211680,P1005,74.9
9027711,209444,P1003,56.52
9027712,202630,P1002,175.97
9027713,204377,P1005,110.77
9027714,209509,P1004,53.66
9027715,204860,P1006,99.88
9027716,203309,P1003,26.53
9027717,205348,P1004,16.83
9027718,210385,P1004,210.7
9027719,210868,P1005,86.45
9027720,201297,P1002,79.63
9027721,206682,P1002,41.16
9027722,209882,P1002,89.69
9027723,211923,P1003,72.91
9027724,205972,P1006,213.08
9027725,210112,P1001,169.82
9027726,210204,P1005,55.28
9027727,207817,P1002,18.91
9027728,202489,P1004,221.68
9027729,210883,P1005,22.05
9027730,201346,P1004,246.23
9027731,208854,P1006,57.45
9027732,205494,P1005,95.41
9027733,209020,P1001,145.3
9027734,209434,P1004,123.43
9027735,211399,P1001,29.1
9027736,200009,P1001,112.38
9027737,200866,P1005,17.65
9027738,206819,P1006,359.62
9027739,200130,P1006,18.03
9027740,203373,P1004,108.61
9027741,205973,P1003,140.17
9027742,208433,P1004,26.42
9027743,200578,P1004,182.4
9027744,210755,P1005,57.57
9027745,205895,P1001,89.6
9027746,211360,P1005,226.62
9027747,206275,P1005,87.86
9027748,207944,P1004,47.8
9027749,200683,P1003,55.5
9027750,204034,P1003,34.68
9027751,203641,P1006,225.39
9027752,200741,P1002,182.35
9027753,211013,P1002,28.53
9027754,201481,P1005,183.71
9027755,206526,P1005,64.08
9027756,202826,P1002,17.63
9027757,203334,P1002,186.25
9027758,208498,P1006,17.91
9027759,204901,P1002,118.78
9027760,207249,P1006,181.98
9027761,203074,P1006,140.24
9027762,205879,P1004,110.96
9027763,209766,P1002,90.23
9027764,200021,P1006,3.76
9027765,204275,P1005,18.77
9027766,208678,P1006,50.09
9027767,209756,P1004,58.99
9027768,208505,P1002,24.11
9027769,203098,P1002,37.39
9027770,201843,P1004,45.96
9027771,202534,P1005,75.45
9027772,203628,P1001,176.95
9027773,200048,P1002,96.63
9027774,206484,P1001,22.66
9027775,210225,P1002,133.58
9027776,208193,P1003,35.11
9027777,205560,P1002,62.61
9027778,203670,P1001,249.67
9027779,209692,P1004,96.05
9027780,211652,P1004,86.56
9027781,207263,P1002,62.44
9027782,201966,P1006,35.05
9027783,210697,P1004,218.71
9027784,211039,P1001,96.03
9027785,200745,P1004,128.62
9027786,207527,P1004,40.98
9027787,210689,P1001,166.25
9027788,200314,P1005,60.58
9027789,203241,P1001,21.75
9027790,210168,P1006,119.55
9027791,202312,P1005,138.16
9027792,207828,P1001,80.79
9027793,202574,P1004,131.34
9027794,209353,P1004,125.69
9027795,206422,P1006,36.14
9027796,200956,P1003,87.69
9027797,210666,P1001,132.44
9027798,200389,P1001,116.2
9027799,200096,P1002,55.57
9027800,207365,P1002,90.88
9027801,210523,P1005,57.9
9027802,204445,P1003,124.8
9027803,209989,P1003,62.34
9027804,204194,P1002,4.95
9027805,206945,P1003,40.42
9027806,208184,P1005,54.01
9027807,208228,P1004,54.54
9027808,203549,P1006,30.29
9027809,208123,P1002,194.31
9027810,202659,P1004,156.14
9027811,204859,P1003,173.64
9027812,201593,P1005,4.6
9027813,200955,P1005,230.77
9027814,209710,P1001,42.26
9027815,208236,P1004,159.84
9027816,208291,P1003,109.96
9027817,207952,P1006,64.95
9027818,200457,P1001,139.19
9027819,209572,P1001,67.3
9027820,211129,P1005,124.88
9027821,201597,P1004,40.68
9027822,204217,P1002,156.75
9027823,211254,P1003,55.18
9027824,201818,P1006,9.06
9027825,209716,P1002,27.36
9027826,204401,P1005,194.89
9027827,211464,P1004,219.8
9027828,202578,P1002,82.74
9027829,200673,P1006,93.96
9027830,200590,P1001,63.09
9027831,204345,P1006,30.57
9027832,204741,P1002,164.68
9027833,207093,P1002,42.34
9027834,210776,P1001,46.79
9027835,204054,P1006,100.31
9027836,208902,P1001,61.75
9027837,205426,P1001,97.15
9027838,201446,P1003,88.97
9027839,211592,P1002,20.31
9027840,204745,P1005,176.67
9027841,200106,P1005,77.43
9027842,203767,P1006,41.12
9027843,200530,P1005,24.27
9027844,211816,P1003,106.74
9027845,211056,P1003,122.87
9027846,200185,P1006,164.99
9027847,211403,P1006,31.94
9027848,205591,P1002,50.03
9027849,200677,P1004,148.21
9027850,206001,P1001,66.39
9027851,201661,P1005,33.16
9027852,210211,P1001,75.51
9027853,203840,P1002,191.8
9027854,207625,P1006,57.64
9027855,211650,P1001,64.17
9027856,202270,P1002,149.92
9027857,208716,P1001,191.67
9027858,207198,P1002,50.56
9027859,210956,P1004,146.61
9027860,204600,P1001,102.35
9027861,211218,P1003,127.78
9027862,211780,P1003,142.21
9027863,203318,P1006,114.8
9027864,200279,P1001,64.26
9027865,210817,P1001,8.43
9027866,210035,P1006,10.82
9027867,207545,P1004,97.05
9027868,210096,P1005,88.25
9027869,202882,P1002,48.73
9027870,200781,P1004,89.92
9027871,208337,P1003,128.54
9027872,204986,P1006,91.2
9027873,208748,P1004,30.13
9027874,201414,P1005,154.16
9027875,206784,P1004,108.47
9027876,201245,P1005,181.87
9027877,203109,P1004,157.66
9027878,206101,P1005,131.91
9027879,200557,P1003,246.82
9027880,211213,P1005,236.09
9027881,204346,P1005,68.18
9027882,201302,P1001,99.95
9027883,208312,P1003,59.64
9027884,202288,P1004,409.81
9027885,207259,P1005,305.42
9027886,202022,P1001,109.34
9027887,209641,P1006,35.89
9027888,201662,P1002,44
9027889,211278,P1002,131.36
9027890,205443,P1001,100.8
9027891,210963,P1006,117.96
9027892,200667,P1006,156.96
9027893,208457,P1003,53.32
9027894,205841,P1004,37
9027895,209051,P1005,50.48
9027896,201765,P1001,10.96
9027897,209794,P1003,141.96
9027898,208175,P1003,267.46
9027899,211633,P1001,125.97
9027900,209959,P1002,20.57
9027901,201216,P1006,255.87
9027902,201297,P1005,44.35
9027903,211358,P1003,68.33
9027904,205867,P1002,83.55
9027905,206038,P1003,51.01
9027906,208731,P1001,146.11
9027907,201159,P1006,74.01
9027908,201290,P1004,40.58
9027909,210352,P1003,78.98
9027910,206054,P1004,60.46
9027911,205282,P1006,107.8
9027912,202112,P1001,12.12
9027913,205837,P1003,112.16
9027914,210596,P1001,6.81
9027915,207858,P1003,19.54
9027916,204285,P1003,19.41
9027917,208898,P1003,144.73
9027918,206571,P1002,128.48
9027919,200083,P1003,49.71
9027920,208876,P1006,141.45
9027921,205671,P1004,25.93
9027922,205176,P1002,40.53
9027923,209341,P1005,70.38
9027924,204067,P1002,136.1
9027925,205645,P1003,30.87
9027926,200703,P1006,122.83
9027927,205309,P1005,42.76
9027928,202002,P1003,165.3
9027929,211756,P1004,65.33
9027930,204534,P1005,163.84
9027931,205719,P1004,78.74
9027932,203683,P1004,97.39
9027933,202838,P1003,17.13
9027934,211558,P1005,44.23
9027935,208705,P1001,49.61
9027936,204095,P1001,88.78
9027937,200814,P1005,117.1
9027938,210714,P1002,321.26
9027939,201630,P1005,30.27
9027940,207520,P1004,92.7
9027941,203662,P1004,72.88
9027942,207144,P1005,254.84
9027943,205971,P1003,348.03
9027944,206708,P1005,41.01
9027945,202569,P1001,129.84
9027946,203830,P1001,49.22
9027947,203641,P1003,158.56
9027948,211159,P1004,202.93
9027949,201043,P1005,98.14
9027950,201546,P1004,7.52
9027951,205670,P1003,209.09
9027952,208236,P1004,162.48
9027953,208500,P1004,186.73
9027954,209651,P1001,173.85
9027955,204150,P1004,144.2
9027956,205872,P1004,70.22
9027957,211389,P1006,62.9
9027958,203757,P1003,98.15
9027959,208619,P1005,100.87
9027960,208726,P1005,100.69
9027961,208494,P1005,57.84
9027962,209254,P1002,164.3
9027963,201480,P1001,53.83
9027964,210431,P1005,10.62
9027965,211263,P1005,28.86
9027966,202984,P1002,59.85
9027967,206768,P1005,110.3
9027968,201079,P1004,89.21
9027969,208283,P1002,50.15
9027970,202969,P1001,23.76
9027971,204074,P1003,110.56
9027972,209972,P1001,42.67
9027973,210285,P1001,68.42
9027974,208290,P1004,141.72
9027975,200020,P1004,193.32
9027976,201905,P1002,147.99
9027977,207097,P1004,120.15
9027978,202676,P1002,92.62
9027979,209943,P1004,183.73
9027980,203291,P1005,96.75
9027981,211736,P1001,231.42
9027982,204549,P1003,121.52
9027983,204050,P1003,137.71
9027984,203401,P1003,13.24
9027985,203024,P1004,151.63
9027986,209956,P1002,55.41
9027987,206311,P1001,122.84
9027988,202242,P1001,242.04
9027989,208532,P1004,96.38
9027990,209881,P1003,52.42
9027991,211185,P1006,21.78
9027992,208606,P1001,31.62
9027993,201095,P1006,31.97
9027994,207671,P1001,10.19
9027995,211433,P1005,45.82
9027996,205316,P1001,62.42
9027997,203950,P1001,127.43
9027998,209417,P1006,25.84
9027999,210761,P1003,27.06
9028000,209029,P1001,125.16
9028001,200928,P1002,32.28
9028002,205223,P1006,24.81
9028003,200771,P1001,119.87
9028004,200563,P1003,222
9028005,210158,P1003,132.33
9028006,211924,P1004,148.34
9028007,204916,P1003,92.6
9028008,206787,P1001,50.3
9028009,208726,P1004,19.01
9028010,207963,P1002,90.53
9028011,210668,P1006,23.45
9028012,204936,P1003,108.62
9028013,209007,P1003,56.93
9028014,200277,P1001,6.01
9028015,203617,P1006,83.73
9028016,202605,P1005,18.46
9028017,201571,P1003,16.94
9028018,200597,P1005,160.96
9028019,206345,P1002,45.42
9028020,203611,P1004,96.89
9028021,200608,P1005,22.8
9028022,202109,P1002,114.57
9028023,208900,P1006,151.87
9028024,202397,P1006,23.18
9028025,201493,P1004,67.02
9028026,204266,P1001,35.84
9028027,207123,P1001,160.85
9028028,211735,P1006,70.04
9028029,209501,P1001,103.44
9028030,203958,P1003,228.58
9028031,202780,P1002,109.07
9028032,210026,P1002,77.07
9028033,210530,P1002,322.56
9028034,211951,P1001,330.79
9028035,202551,P1003,218.07
9028036,209208,P1004,316.98
9028037,207863,P1001,76.19
9028038,208330,P1004,76.76
9028039,204910,P1006,231.24
9028040,203804,P1002,63.57
9028041,204314,P1001,47.18
9028042,204465,P1006,143.32
9028043,206596,P1005,111.97
9028044,208956,P1001,72.72
9028045,205309,P1004,99.97
9028046,204938,P1002,64.99
9028047,202249,P1006,149.46
9028048,208489,P1001,58.94
9028049,207806,P1001,237.03
9028050,209631,P1001,102.73
9028051,202950,P1004,58.95
9028052,203550,P1004,47.59
9028053,209522,P1002,80.61
9028054,211350,P1003,105.44
9028055,206080,P1004,144.38
9028056,205356,P1004,74.77
9028057,210772,P1001,59.51
9028058,209646,P1001,16.55
9028059,205648,P1004,32.39
9028060,208977,P1006,50.89
9028061,210550,P1005,92.46
9028062,205367,P1003,94.71
9028063,208721,P1002,65.65
9028064,208193,P1002,90.49
9028065,211122,P1005,209.97
9028066,207980,P1006,182.76
9028067,206015,P1001,267.23
9028068,207022,P1006,40.17
9028069,200738,P1001,131.15
9028070,211462,P1002,22.41
9028071,202133,P1003,42.2
9028072,208699,P1006,102.07
9028073,203071,P1001,61.19
9028074,201929,P1006,192.19
9028075,206084,P1001,77.09
9028076,210907,P1005,78.44
9028077,200521,P1005,139.09
9028078,201949,P1002,31.39
9028079,209058,P1006,132.88
9028080,203097,P1002,68.65
9028081,209901,P1002,60.84
9028082,208851,P1001,81.8
9028083,201644,P1005,143.43
9028084,207976,P1004,168.74
9028085,206940,P1001,168.05
9028086,208892,P1002,22.77
9028087,210746,P1001,150.86
9028088,208817,P1002,128.52
9028089,211393,P1002,141.73
9028090,210297,P1001,148.1
9028091,205958,P1004,80.6
9028092,204913,P1001,95.81
9028093,210868,P1001,87.99
9028094,206457,P1006,117.72
9028095,210250,P1003,4.12
9028096,209943,P1005,129.58
9028097,204081,P1005,174.94
9028098,204765,P1001,95.04
9028099,204910,P1004,146.71
9028100,200528,P1004,98.14
9028101,200600,P1002,48.91
9028102,206389,P1006,50.4
9028103,208544,P1006,132.09
9028104,203120,P1006,132.49
9028105,204447,P1005,76.13
9028106,201099,P1006,21.52
9028107,207820,P1003,98.12
9028108,203680,P1005,127.08
9028109,206561,P1003,119.54
9028110,204605,P1004,80.35
9028111,208823,P1003,38.14
9028112,206570,P1006,217.66
9028113,205050,P1004,10.51
9028114,205047,P1003,153.28
9028115,200067,P1004,32.1
9028116,209330,P1002,90.67
9028117,200403,P1004,134.07
9028118,206503,P1005,192.75
9028119,209377,P1004,60.12
9028120,204305,P1003,30.17
9028121,207771,P1002,61.96
9028122,204678,P1002,167.36
9028123,205955,P1004,55.26
9028124,210062,P1006,107.55
9028125,206644,P1004,99.68
9028126,203871,P1002,185.46
9028127,201390,P1005,81.94
9028128,201365,P1005,239.98
9028129,209626,P1004,31.41
9028130,206176,P1004,182.44
9028131,206580,P1003,110.41
9028132,209567,P1005,156.27
9028133,201746,P1004,85.68
9028134,211863,P1005,64.98
9028135,201084,P1002,34.5
9028136,200445,P1005,38.75
9028137,209574,P1002,102.15
9028138,209474,P1003,193.62
9028139,207532,P1001,38.28
9028140,207673,P1004,142.02
9028141,203466,P1002,91.32
9028142,202804,P1005,198.77
9028143,206508,P1002,148.64
9028144,207345,P1006,61.88
9028145,202962,P1004,29.57
9028146,200388,P1006,15.37
9028147,200556,P1006,92.01
9028148,205896,P1003,63.58
9028149,210444,P1003,154.88
9028150,207300,P1004,44.14
9028151,211956,P1001,106.25
9028152,210959,P1002,170.66
9028153,211586,P1001,31.26
9028154,210073,P1002,63.2
9028155,211677,P1001,40.86
9028156,202140,P1003,73.12
9028157,207856,P1003,42.95
9028158,206689,P1001,39.09
9028159,207892,P1005,10.85
9028160,209525,P1006,153.69
9028161,205133,P1001,174.97
9028162,202214,P1002,66.06
9028163,202499,P1002,98.58
9028164,205946,P1002,78.12
9028165,203460,P1006,25.39
9028166,203137,P1003,27.47
9028167,200105,P1004,139.06
9028168,205915,P1001,132.55
9028169,202033,P1001,35.4
9028170,211582,P1006,207.06
9028171,211587,P1006,39.49
9028172,211146,P1001,52.62
9028173,207614,P1005,81.18
9028174,205439,P1003,29.3
9028175,205871,P1002,53.59
9028176,204049,P1004,253.77
9028177,210839,P1004,56.13
9028178,207613,P1006,270.56
9028179,204904,P1001,41.76
9028180,202482,P1002,125.65
9028181,206796,P1006,56.24
9028182,204676,P1003,32.87
9028183,209028,P1004,108.73
9028184,206087,P1002,60.72
9028185,211062,P1004,77.06
9028186,205961,P1003,247.77
9028187,204417,P1001,63.58
9028188,206943,P1001,70.53
9028189,208064,P1003,351.39
9028190,204495,P1003,93.72
9028191,211729,P1001,26.82
9028192,201115,P1003,9.93
9028193,211158,P1002,197.09
9028194,210128,P1006,17.4
9028195,200037,P1001,145.54
9028196,206908,P1001,141.66
9028197,203411,P1001,74.47
9028198,205133,P1005,116.65
9028199,202569,P1006,70.05
9028200,210100,P1001,45.33
9028201,210477,P1001,54.3
9028202,202999,P1002,102.81
9028203,203033,P1004,69.32
9028204,204743,P1004,49.69
9028205,208197,P1005,81.58
9028206,200509,P1004,113.99
9028207,206369,P1005,100.59
9028208,210651,P1001,78.77
9028209,211546,P1003,139.92
9028210,208229,P1002,214.02
9028211,210778,P1006,95.17
9028212,207018,P1005,78.72
9028213,207813,P1004,120.95
9028214,200556,P1006,106.82
9028215,200846,P1005,73.12
9028216,201834,P1001,195.72
9028217,201614,P1001,67.03
9028218,205131,P1003,176.78
9028219,204130,P1005,95.29
9028220,201465,P1003,47.4
9028221,201491,P1005,92.1
9028222,203458,P1001,32.47
9028223,206752,P1005,96.68
9028224,202358,P1006,68.33
9028225,200108,P1005,175.12
9028226,204997,P1005,216.73
9028227,210693,P1002,59.03
9028228,200008,P1005,70.77
9028229,205862,P1003,143.85
9028230,204681,P1005,26.35
9028231,208416,P1001,278.25
9028232,207816,P1002,64.08
9028233,207646,P1001,100.05
9028234,200344,P1006,26.33
9028235,208577,P1003,15.57
9028236,204440,P1005,39.19
9028237,201432,P1003,58.35
9028238,202411,P1003,120.5
9028239,206773,P1004,40.76
9028240,209941,P1002,90.63
9028241,207252,P1001,174.95
9028242,210941,P1001,133.93
9028243,208710,P1001,145.94
9028244,208847,P1003,156.96
9028245,207744,P1006,73.52
9028246,208645,P1004,173.04
9028247,202090,P1002,32.58
9028248,200524,P1005,123.01
9028249,205278,P1004,109.39
9028250,201316,P1003,306.63
9028251,201431,P1002,90.03
9028252,207671,P1006,66.93
9028253,206983,P1003,136.02
9028254,209429,P1004,42.34
9028255,208395,P1002,23.1
9028256,206903,P1003,35.19
9028257,207850,P1006,47.09
9028258,205438,P1002,104.93
9028259,203656,P1005,256.13
9028260,206966,P1002,16.67
9028261,200268,P1001,230.04
9028262,209972,P1004,114.48
9028263,202298,P1004,170.3
9028264,205868,P1001,99.58
9028265,201150,P1002,68.12
9028266,202656,P1001,45.29
9028267,207856,P1002,57.52
9028268,208138,P1004,58.32
9028269,211823,P1005,54.66
9028270,203211,P1003,67.63
9028271,202917,P1003,15.6
9028272,205995,P1004,179.49
9028273,201678,P1002,82.48
9028274,209964,P1005,30.53
9028275,206263,P1002,44.66
9028276,207734,P1004,105.4
9028277,202271,P1001,43.08
9028278,206237,P1001,39.03
9028279,201548,P1004,232.91
9028280,206168,P1006,220.12
9028281,211901,P1005,30.41
9028282,211451,P1002,86.96
9028283,203297,P1001,30.08
9028284,202859,P1004,112.67
9028285,210721,P1005,151.04
9028286,202463,P1004,50.66
9028287,204708,P1005,36.96
9028288,200822,P1005,105.98
9028289,210871,P1005,18.3
9028290,201201,P1003,105.86
9028291,202004,P1006,132.33
9028292,209053,P1003,99.45
9028293,200416,P1006,47.2
9028294,205046,P1003,76.59
9028295,206121,P1001,68.46
9028296,211307,P1003,173.83
9028297,201027,P1004,172.51
9028298,200498,P1002,83.48
9028299,201534,P1004,42.73
9028300,206946,P1001,128.37
9028301,210544,P1004,71.51
9028302,207216,P1006,125.53
9028303,201479,P1004,178.29
9028304,209309,P1004,29.24
9028305,200328,P1003,12.16
9028306,210887,P1001,72.65
9028307,205856,P1005,121.97
9028308,210187,P1003,79.36
9028309,204666,P1002,140.95
9028310,210321,P1004,209.66
9028311,211070,P1001,76.6
9028312,206226,P1006,64.8
9028313,208333,P1005,138.34
9028314,209448,P1001,119.7
9028315,211875,P1005,35.44
9028316,210477,P1005,39.34
9028317,201459,P1005,58.54
9028318,211092,P1005,184.49
9028319,206748,P1002,80.64
9028320,200146,P1001,57.99
9028321,211619,P1004,60.19
9028322,205658,P1005,106.41
9028323,201670,P1004,173.13
9028324,201548,P1006,97.39
9028325,202894,P1002,38.81
9028326,202981,P1004,13.42
9028327,210540,P1004,52.79
9028328,210207,P1003,43.17
9028329,201092,P1004,111.53
9028330,211886,P1004,62.04
9028331,211681,P1005,102.62
9028332,205438,P1003,64.65
9028333,211420,P1006,18.13
9028334,208091,P1005,119.9
9028335,209112,P1002,209.56
9028336,203986,P1001,126.7
9028337,202379,P1005,120.18
9028338,210222,P1002,73.25
9028339,209478,P1004,73.1
9028340,202201,P1004,96.82
9028341,208487,P1003,132.47
9028342,209149,P1006,30.7
9028343,209030,P1001,37.61
9028344,206856,P1006,20.67
9028345,200660,P1002,35.47
9028346,208215,P1005,43.19
9028347,211538,P1004,56.43
9028348,203561,P1006,67.11
9028349,203601,P1003,182.69
9028350,211249,P1003,97.06
9028351,207181,P1006,239.04
9028352,204882,P1006,63.43
9028353,207137,P1001,104.89
9028354,210301,P1002,19.55
9028355,204828,P1004,48.16
9028356,202661,P1006,87.88
9028357,209446,P1002,82.92
9028358,205546,P1001,119.7
9028359,206492,P1005,28.65
9028360,201619,P1006,132.05
9028361,203044,P1005,83.77
9028362,208079,P1001,158.63
9028363,202813,P1003,50.25
9028364,200436,P1001,74.57
9028365,201591,P1002,40.08
9028366,209028,P1001,119.12
9028367,200891,P1004,156.59
9028368,210600,P1001,30.17
9028369,207233,P1005,118.75
9028370,201971,P1005,180.45
9028371,211691,P1006,28.74
9028372,201051,P1006,44.12
9028373,204874,P1006,100.36
9028374,206345,P1004,167.6
9028375,205412,P1002,78.77
9028376,206350,P1006,29.71
9028377,208924,P1001,170.72
9028378,207755,P1003,96.35
9028379,201331,P1005,16.04
9028380,201879,P1003,52.49
9028381,207636,P1001,61.35
9028382,205446,P1005,217.93
9028383,202691,P1006,68.13
9028384,202142,P1005,28.58
9028385,210570,P1001,32.2
9028386,210351,P1004,111.14
9028387,201101,P1004,47.48
9028388,208361,P1001,19.95
9028389,201912,P1002,49.47
9028390,205591,P1002,66.24
9028391,206829,P1005,65.15
9028392,202476,P1001,72.17
9028393,211886,P1005,36.1
9028394,202541,P1005,68.74
9028395,208215,P1005,230.58
9028396,207785,P1001,72.85
9028397,210152,P1001,9.36
9028398,209456,P1001,41.72
9028399,211416,P1003,26.94
9028400,203509,P1002,107.27
9028401,211029,P1006,26.54
9028402,200156,P1003,26.46
9028403,208108,P1004,142.75
9028404,211921,P1001,87.15
9028405,203735,P1002,347.81
9028406,200769,P1004,93.44
9028407,208433,P1004,33.21
9028408,202419,P1005,50.02
9028409,208456,P1004,65.74
9028410,208222,P1004,74.12
9028411,209725,P1002,301.88
9028412,203957,P1003,131.84
9028413,206819,P1006,78.25
9028414,208856,P1001,214.29
9028415,210535,P1005,245.68
9028416,202634,P1001,117.12
9028417,201009,P1003,85.89
9028418,203399,P1002,37.42
9028419,203619,P1002,1.59
9028420,206725,P1002,55.23
9028421,205086,P1003,58.66
9028422,202995,P1005,76.16
9028423,206263,P1004,94.32
9028424,210564,P1004,28.81
9028425,200855,P1005,101.57
9028426,201946,P1001,35.35
9028427,204724,P1002,76.38
9028428,206084,P1002,65.79
9028429,205666,P1001,133.74
9028430,200579,P1002,60.58
9028431,211303,P1004,91.79
9028432,209443,P1003,124.42
9028433,202201,P1001,63.58
9028434,205965,P1002,164.15
9028435,202935,P1005,11.12
9028436,200035,P1005,197.67
9028437,202048,P1005,158.01
